lon.x,lat.x,common_name,scientific_name,subspecies_common_name,subspecies_scientific_name,observation_count,breeding_code,locality,observation_date,time_observations_started,observer_id,observation_datetime,year,month,day,hour,minute
178.4283373,-18.1282613,Great Crested Tern,Thalasseus bergii,NA,NA,2,NA,Suva,1962-01-20,NA,obsr747245,1962-01-20 NA,1962,1,20,NA,NA
179.2529043,-18.0393813,Red-footed Booby,Sula sula,NA,NA,1,NA,Gau Island,1966-02-10,13:30:00,obsr631796,1966-02-10 13:30:00,1966,2,10,13,30
179.5833,-17.4167,Red-footed Booby,Sula sula,NA,NA,1,NA,PAC46825836800,1970-09-25,08:00:00,obsr332956,1970-09-25 08:00:00,1970,9,25,8,0
179.5833,-17.4167,Short-tailed Shearwater,Ardenna tenuirostris,NA,NA,100,NA,PAC46825836800,1970-09-25,08:00:00,obsr332956,1970-09-25 08:00:00,1970,9,25,8,0
178.4221,-18.1462,Great Crested Tern,Thalasseus bergii,NA,NA,1,NA,Suva town (flying over Suva Bay by British High Commission),1973-07-21,NA,obsr522151,1973-07-21 NA,1973,7,21,NA,NA
179.4667,-17.4667,Black Noddy,Anous minutus,NA,NA,4,NA,PAC110268551045,1973-07-10,10:45:00,obsr332956,1973-07-10 10:45:00,1973,7,10,10,45
179.4667,-17.4667,Red-footed Booby,Sula sula,NA,NA,12,NA,PAC110268551045,1973-07-10,10:45:00,obsr332956,1973-07-10 10:45:00,1973,7,10,10,45
179.4667,-17.4667,Red-footed Booby,Sula sula,NA,NA,24,NA,PAC110268551000,1973-07-10,10:00:00,obsr332956,1973-07-10 10:00:00,1973,7,10,10,0
178.2,-18.5167,Tahiti Petrel,Pseudobulweria rostrata,NA,NA,2,NA,"PAC116,1726940830",1973-10-03,08:30:00,obsr332956,1973-10-03 08:30:00,1973,10,3,8,30
178.2167,-18.5,Brown Noddy,Anous stolidus,NA,NA,1,NA,PAC138270871600,1974-02-27,16:00:00,obsr332956,1974-02-27 16:00:00,1974,2,27,16,0
178.8,-18.1167,Red-footed Booby,Sula sula,NA,NA,2,NA,"PAC140, 41270881000",1974-02-28,10:00:00,obsr332956,1974-02-28 10:00:00,1974,2,28,10,0
179.0833,-17.7833,Black Noddy,Anous minutus,NA,NA,200,NA,"PAC140, 41270881200",1974-02-28,12:00:00,obsr332956,1974-02-28 12:00:00,1974,2,28,12,0
178.0083,-18.9271,Lesser Frigatebird,Fregata ariel,NA,NA,3,NA,"PAC138, 39, 40270871330",1974-02-27,13:30:00,obsr332956,1974-02-27 13:30:00,1974,2,27,13,30
178.0083,-18.9271,Masked Booby,Sula dactylatra,NA,NA,1,NA,"PAC138, 39, 40270871330",1974-02-27,13:30:00,obsr332956,1974-02-27 13:30:00,1974,2,27,13,30
179.0125,-17.8667,Red-footed Booby,Sula sula,NA,NA,2,NA,"PAC140, 41270881130",1974-02-28,11:30:00,obsr332956,1974-02-28 11:30:00,1974,2,28,11,30
179.0833,-17.7833,Red-footed Booby,Sula sula,NA,NA,6,NA,"PAC140, 41270881200",1974-02-28,12:00:00,obsr332956,1974-02-28 12:00:00,1974,2,28,12,0
178.0083,-18.9271,Wedge-tailed Shearwater,Ardenna pacifica,NA,NA,4,NA,"PAC138, 39, 40270871330",1974-02-27,13:30:00,obsr332956,1974-02-27 13:30:00,1974,2,27,13,30
178.0083,-18.9271,White-tailed Tropicbird,Phaethon lepturus,NA,NA,1,NA,"PAC138, 39, 40270871330",1974-02-27,13:30:00,obsr332956,1974-02-27 13:30:00,1974,2,27,13,30
178.7833,-18.1333,Red-footed Booby,Sula sula,NA,NA,2,NA,"PAC146, 47271581200",1974-05-09,12:00:00,obsr332956,1974-05-09 12:00:00,1974,5,9,12,0
178.7833,-18.1333,Red-footed Booby,Sula sula,NA,NA,6,NA,"PAC146, 47271581310",1974-05-09,13:10:00,obsr332956,1974-05-09 13:10:00,1974,5,9,13,10
178.7833,-18.1333,Red-footed Booby,Sula sula,NA,NA,10,NA,"PAC146, 47271581330",1974-05-09,13:30:00,obsr332956,1974-05-09 13:30:00,1974,5,9,13,30
178.7833,-18.1333,Wedge-tailed Shearwater,Ardenna pacifica,NA,NA,1,NA,"PAC146, 47271581330",1974-05-09,13:30:00,obsr332956,1974-05-09 13:30:00,1974,5,9,13,30
178.2167,-18.5,Wedge-tailed Shearwater,Ardenna pacifica,NA,NA,2,NA,"PAC317,1827369",1974-12-06,08:00:00,obsr332956,1974-12-06 08:00:00,1974,12,6,8,0
179.8333,-17.4167,Wedge-tailed Shearwater,Ardenna pacifica,NA,NA,2,NA,"PAC320, 21, 2227370800",1974-12-07,08:00:00,obsr332956,1974-12-07 08:00:00,1974,12,7,8,0
179.8455,-17.1111,Brown Booby,Sula leucogaster,NA,NA,2,NA,"PAC320, 21, 2227370940",1974-12-07,09:40:00,obsr332956,1974-12-07 09:40:00,1974,12,7,9,40
179.8144,-17.0806,Red-footed Booby,Sula sula,NA,NA,1,NA,"PAC320, 21, 2227370950",1974-12-07,09:50:00,obsr332956,1974-12-07 09:50:00,1974,12,7,9,50
179.9267,-17.325,Red-footed Booby,Sula sula,NA,NA,1,NA,"PAC320, 21, 2227370830",1974-12-07,08:30:00,obsr332956,1974-12-07 08:30:00,1974,12,7,8,30
179.8644,-17.3861,Red-footed Booby,Sula sula,NA,NA,1,NA,"PAC320, 21, 2227370810",1974-12-07,08:10:00,obsr332956,1974-12-07 08:10:00,1974,12,7,8,10
179.369642,-17.394472,Red-footed Booby,Sula sula,NA,NA,1,NA,Koro Island--wharf,1975-12-31,14:10:00,obsr438273,1975-12-31 14:10:00,1975,12,31,14,10
178,-19,Red-footed Booby,Sula sula,NA,NA,1,NA,PAC425278691630,1976-04-19,16:30:00,obsr332956,1976-04-19 16:30:00,1976,4,19,16,30
178,-19,Wedge-tailed Shearwater,Ardenna pacifica,NA,NA,2,NA,PAC425278691630,1976-04-19,16:30:00,obsr332956,1976-04-19 16:30:00,1976,4,19,16,30
178.3167,-18.4333,Red-footed Booby,Sula sula,NA,NA,2,NA,PAC43527889700,1976-05-09,07:00:00,obsr332956,1976-05-09 07:00:00,1976,5,9,7,0
178.1333,-18.7,White-necked Petrel,Pterodroma cervicalis,NA,NA,1,NA,PAC43427889800,1976-05-09,08:00:00,obsr332956,1976-05-09 08:00:00,1976,5,9,8,0
179.5333,-17.4167,Red-footed Booby,Sula sula,NA,NA,3,NA,PAC442279451100,1976-07-04,11:00:00,obsr332956,1976-07-04 11:00:00,1976,7,4,11,0
179,-17,Red-footed Booby,Sula sula,NA,NA,3,NA,PAC441279451030,1976-07-04,10:30:00,obsr332956,1976-07-04 10:30:00,1976,7,4,10,30
179,-17,White-tailed Tropicbird,Phaethon lepturus,NA,NA,1,NA,PAC441279451030,1976-07-04,10:30:00,obsr332956,1976-07-04 10:30:00,1976,7,4,10,30
178.2333,-18.5,Black Noddy,Anous minutus,NA,NA,5,NA,PAC480280741300,1976-11-10,13:00:00,obsr332956,1976-11-10 13:00:00,1976,11,10,13,0
178.3333,-18.3333,Black Noddy,Anous minutus,NA,NA,6,NA,PAC480280741400,1976-11-10,14:00:00,obsr332956,1976-11-10 14:00:00,1976,11,10,14,0
178.25,-18.5,Great Crested Tern,Thalasseus bergii,NA,NA,1,NA,PAC412328403730,1977-10-05,07:30:00,obsr332956,1977-10-05 07:30:00,1977,10,5,7,30
178.25,-18.5,Red-footed Booby,Sula sula,NA,NA,2,NA,PAC412328403745,1977-10-05,07:45:00,obsr332956,1977-10-05 07:45:00,1977,10,5,7,45
179.2944,-17.5833,Brown Noddy,Anous stolidus,NA,NA,20,NA,PAC4124284041140,1977-10-06,11:40:00,obsr332956,1977-10-06 11:40:00,1977,10,6,11,40
179.2944,-17.5833,Red-footed Booby,Sula sula,NA,NA,6,NA,PAC4124284041140,1977-10-06,11:40:00,obsr332956,1977-10-06 11:40:00,1977,10,6,11,40
179.1167,-18.2667,Red-footed Booby,Sula sula,NA,NA,1,NA,PAC412428404730,1977-10-06,07:30:00,obsr332956,1977-10-06 07:30:00,1977,10,6,7,30
179.1167,-17.7167,Red-footed Booby,Sula sula,NA,NA,2,NA,PAC4124284041100,1977-10-06,11:00:00,obsr332956,1977-10-06 11:00:00,1977,10,6,11,0
179.1167,-18.2833,Red-footed Booby,Sula sula,NA,NA,1,NA,PAC4145285051630,1978-01-15,16:30:00,obsr332956,1978-01-15 16:30:00,1978,1,15,16,30
179.1167,-18.2667,Red-footed Booby,Sula sula,NA,NA,1,NA,PAC4145285051600,1978-01-15,16:00:00,obsr332956,1978-01-15 16:00:00,1978,1,15,16,0
179.1167,-18.3,Tropical Shearwater,Puffinus bailloni,NA,NA,1,NA,PAC4145285051700,1978-01-15,17:00:00,obsr332956,1978-01-15 17:00:00,1978,1,15,17,0
179.1167,-18.2833,Wedge-tailed Shearwater,Ardenna pacifica,NA,NA,2,NA,PAC4145285051630,1978-01-15,16:30:00,obsr332956,1978-01-15 16:30:00,1978,1,15,16,30
178.5,-18.2333,Black Noddy,Anous minutus,NA,NA,200,NA,PAC415028550730,1978-03-01,07:30:00,obsr332956,1978-03-01 07:30:00,1978,3,1,7,30
178.6417,-18.25,Wedge-tailed Shearwater,Ardenna pacifica,NA,NA,2,NA,PAC415128550800,1978-03-01,08:00:00,obsr332956,1978-03-01 08:00:00,1978,3,1,8,0
179.2267,-18.2833,Red-footed Booby,Sula sula,NA,NA,8,NA,PAC4151285501000,1978-03-01,10:00:00,obsr332956,1978-03-01 10:00:00,1978,3,1,10,0
179.2267,-18.2833,Sooty Tern,Onychoprion fuscatus,NA,NA,1,NA,PAC4151285501000,1978-03-01,10:00:00,obsr332956,1978-03-01 10:00:00,1978,3,1,10,0
179.8667,-18.2167,Wedge-tailed Shearwater,Ardenna pacifica,NA,NA,2,NA,PAC4150285501200,1978-03-01,12:00:00,obsr332956,1978-03-01 12:00:00,1978,3,1,12,0
179.0667,-18.3,Wedge-tailed Shearwater,Ardenna pacifica,NA,NA,1,NA,PAC415028550930,1978-03-01,09:30:00,obsr332956,1978-03-01 09:30:00,1978,3,1,9,30
178.8167,-18.2667,Black Noddy,Anous minutus,NA,NA,1,NA,PAC4178286621130,1978-06-21,11:30:00,obsr332956,1978-06-21 11:30:00,1978,6,21,11,30
178.4833,-18.2167,Black Noddy,Anous minutus,NA,NA,1000,NA,PAC4178286621020,1978-06-21,10:20:00,obsr332956,1978-06-21 10:20:00,1978,6,21,10,20
178.4833,-18.2167,Brown Booby,Sula leucogaster,NA,NA,2,NA,PAC4178286621020,1978-06-21,10:20:00,obsr332956,1978-06-21 10:20:00,1978,6,21,10,20
178.8167,-18.2667,Sooty Tern,Onychoprion fuscatus,NA,NA,1,NA,PAC4178286621130,1978-06-21,11:30:00,obsr332956,1978-06-21 11:30:00,1978,6,21,11,30
178.4833,-18.2167,Sooty Tern,Onychoprion fuscatus,NA,NA,3,NA,PAC4178286621020,1978-06-21,10:20:00,obsr332956,1978-06-21 10:20:00,1978,6,21,10,20
179.0167,-18.25,Red-footed Booby,Sula sula,NA,NA,1,NA,PAC418528676930,1978-07-05,09:30:00,obsr332956,1978-07-05 09:30:00,1978,7,5,9,30
178.4667,-18.2167,Great Crested Tern,Thalasseus bergii,NA,NA,1,NA,PAC52828872730,1979-01-17,07:30:00,obsr332956,1979-01-17 07:30:00,1979,1,17,7,30
178.95,-17.9167,Red-footed Booby,Sula sula,NA,NA,12,NA,PAC52828872920,1979-01-17,09:20:00,obsr332956,1979-01-17 09:20:00,1979,1,17,9,20
179.5167,-17.4333,Bridled Tern,Onychoprion anaethetus,NA,NA,2,NA,PAC554289851320,1979-05-10,13:20:00,obsr332956,1979-05-10 13:20:00,1979,5,10,13,20
179.5167,-17.4333,Brown Noddy,Anous stolidus,NA,NA,5,NA,PAC554289851320,1979-05-10,13:20:00,obsr332956,1979-05-10 13:20:00,1979,5,10,13,20
179.0875,-17.7625,Red-footed Booby,Sula sula,NA,NA,2,NA,PAC554289851130,1979-05-10,11:30:00,obsr332956,1979-05-10 11:30:00,1979,5,10,11,30
179.2167,-17.5333,Red-footed Booby,Sula sula,NA,NA,21,NA,PAC554289851230,1979-05-10,12:30:00,obsr332956,1979-05-10 12:30:00,1979,5,10,12,30
179.5167,-17.4333,Red-footed Booby,Sula sula,NA,NA,22,NA,PAC554289851320,1979-05-10,13:20:00,obsr332956,1979-05-10 13:20:00,1979,5,10,13,20
179.5167,-17.4333,Tropical Shearwater,Puffinus bailloni,NA,NA,1,NA,PAC554289851320,1979-05-10,13:20:00,obsr332956,1979-05-10 13:20:00,1979,5,10,13,20
179.9667,-17.1333,Sooty Tern,Onychoprion fuscatus,NA,NA,6,NA,PAC554289851520,1979-05-10,15:20:00,obsr332956,1979-05-10 15:20:00,1979,5,10,15,20
178.8111,-18.0333,Red-footed Booby,Sula sula,NA,NA,8,NA,PAC56329047850,1979-07-11,08:50:00,obsr332956,1979-07-11 08:50:00,1979,7,11,8,50
179.05,-17.8,Red-footed Booby,Sula sula,NA,NA,3,NA,PAC563290471000,1979-07-11,10:00:00,obsr332956,1979-07-11 10:00:00,1979,7,11,10,0
178.4,-18.2,Great Crested Tern,Thalasseus bergii,NA,NA,1,NA,PAC585291311000,1979-10-03,10:00:00,obsr332956,1979-10-03 10:00:00,1979,10,3,10,0
178.775,-18.0833,Red-footed Booby,Sula sula,NA,NA,1,NA,PAC585291311130,1979-10-03,11:30:00,obsr332956,1979-10-03 11:30:00,1979,10,3,11,30
178.9333,-17.9167,Red-footed Booby,Sula sula,NA,NA,2,NA,PAC585291311220,1979-10-03,12:20:00,obsr332956,1979-10-03 12:20:00,1979,10,3,12,20
178.8833,-18,Red-footed Booby,Sula sula,NA,NA,1,NA,PAC585291311200,1979-10-03,12:00:00,obsr332956,1979-10-03 12:00:00,1979,10,3,12,0
179.0333,-17.8167,Black Noddy,Anous minutus,NA,NA,100,NA,PAC585291311250,1979-10-03,12:50:00,obsr332956,1979-10-03 12:50:00,1979,10,3,12,50
179.1412,-17.7377,Brown Noddy,Anous stolidus,NA,NA,2,NA,PAC585291311320,1979-10-03,13:20:00,obsr332956,1979-10-03 13:20:00,1979,10,3,13,20
178.9667,-17.8333,Red-footed Booby,Sula sula,NA,NA,2,NA,PAC585291311240,1979-10-03,12:40:00,obsr332956,1979-10-03 12:40:00,1979,10,3,12,40
179.0333,-17.8167,Red-footed Booby,Sula sula,NA,NA,80,NA,PAC585291311250,1979-10-03,12:50:00,obsr332956,1979-10-03 12:50:00,1979,10,3,12,50
179.1412,-17.7377,Red-footed Booby,Sula sula,NA,NA,4,NA,PAC585291311320,1979-10-03,13:20:00,obsr332956,1979-10-03 13:20:00,1979,10,3,13,20
179.95,-17.1833,Bridled Tern,Onychoprion anaethetus,NA,NA,2,NA,PAC586291311700,1979-10-03,17:00:00,obsr332956,1979-10-03 17:00:00,1979,10,3,17,0
178.0795727,-18.2421744,Black-naped Tern,Sterna sumatrana,NA,NA,1,NA,"Pacific Harbour, Viti Levu (General)",1983-11-25,07:52:00,obsr1508566,1983-11-25 07:52:00,1983,11,25,7,52
178.4325005,-18.1620893,Great Crested Tern,Thalasseus bergii,NA,NA,4,NA,Suva & vicinity,1986-08-05,06:00:00,obsr45021,1986-08-05 06:00:00,1986,8,5,6,0
178.4325005,-18.1620893,Lesser Frigatebird,Fregata ariel,NA,NA,1,NA,Suva & vicinity,1986-08-05,06:00:00,obsr45021,1986-08-05 06:00:00,1986,8,5,6,0
178.4353065,-18.1638557,Great Crested Tern,Thalasseus bergii,NA,NA,6,NA,Suva Pt.,1986-11-05,14:00:00,obsr349499,1986-11-05 14:00:00,1986,11,5,14,0
178.4353065,-18.1638557,Lesser Frigatebird,Fregata ariel,NA,NA,1,NA,Suva Pt.,1986-11-05,14:00:00,obsr349499,1986-11-05 14:00:00,1986,11,5,14,0
179.4167,-17.5,Red-footed Booby,Sula sula,NA,NA,4,NA,PAC45832025800,1987-09-05,08:00:00,obsr332956,1987-09-05 08:00:00,1987,9,5,8,0
179.8333,-17.3,Red-footed Booby,Sula sula,NA,NA,3,NA,PAC458320251000,1987-09-05,10:00:00,obsr332956,1987-09-05 10:00:00,1987,9,5,10,0
178.4462744,-18.1297102,Black-naped Tern,Sterna sumatrana,NA,NA,1,NA,"Suva, Viti Levu (General)",1988-07-21,14:00:00,obsr349499,1988-07-21 14:00:00,1988,7,21,14,0
178.0795727,-18.2421744,Great Crested Tern,Thalasseus bergii,NA,NA,6,NA,"Pacific Harbour, Viti Levu (General)",1988-07-22,13:00:00,obsr349499,1988-07-22 13:00:00,1988,7,22,13,0
178.4462744,-18.1297102,Great Crested Tern,Thalasseus bergii,NA,NA,8,NA,"Suva, Viti Levu (General)",1988-07-21,14:00:00,obsr349499,1988-07-21 14:00:00,1988,7,21,14,0
178.0795727,-18.2421744,Great Crested Tern,Thalasseus bergii,NA,NA,1,NA,"Pacific Harbour, Viti Levu (General)",1988-07-25,10:00:00,obsr349499,1988-07-25 10:00:00,1988,7,25,10,0
178.4174538,-18.13117,Great Crested Tern,Thalasseus bergii,NA,NA,3,NA,Suva Harbor,1991-01-25,NA,obsr535985,1991-01-25 NA,1991,1,25,NA,NA
178.4622359,-18.0596807,Great Crested Tern,Thalasseus bergii,NA,NA,5,NA,Colo-I-Suva Forest Park,1992-03-31,14:50:00,obsr888829,1992-03-31 14:50:00,1992,3,31,14,50
178.2981491,-18.102537,Lesser Frigatebird,Fregata ariel,NA,NA,1,NA,Joskes Thumb,1992-03-30,10:00:00,obsr888829,1992-03-30 10:00:00,1992,3,30,10,0
178.5017395,-18.1055555,Great Crested Tern,Thalasseus bergii,NA,NA,61,NA,Suva east water front,1992-07-24,15:45:00,obsr420780,1992-07-24 15:45:00,1992,7,24,15,45
179.3963473,-17.5298495,Black Noddy,Anous minutus,NA,NA,1,NA,Suva to Taveuni Ferry,1995-03-22,NA,obsr563759,1995-03-22 NA,1995,3,22,NA,NA
179.3963473,-17.5298495,Black-naped Tern,Sterna sumatrana,NA,NA,10,NA,Suva to Taveuni Ferry,1995-03-28,06:00:00,obsr563759,1995-03-28 06:00:00,1995,3,28,6,0
179.3963473,-17.5298495,Brown Booby,Sula leucogaster,NA,NA,10,NA,Suva to Taveuni Ferry,1995-03-28,06:00:00,obsr563759,1995-03-28 06:00:00,1995,3,28,6,0
179.3963473,-17.5298495,Brown Booby,Sula leucogaster,NA,NA,5,NA,Suva to Taveuni Ferry,1995-03-22,NA,obsr563759,1995-03-22 NA,1995,3,22,NA,NA
179.3963473,-17.5298495,Collared Petrel,Pterodroma brevipes,NA,NA,2,NA,Suva to Taveuni Ferry,1995-03-28,06:00:00,obsr563759,1995-03-28 06:00:00,1995,3,28,6,0
179.3963473,-17.5298495,Great Crested Tern,Thalasseus bergii,NA,NA,4,NA,Suva to Taveuni Ferry,1995-03-22,NA,obsr563759,1995-03-22 NA,1995,3,22,NA,NA
179.3963473,-17.5298495,Great Crested Tern,Thalasseus bergii,NA,NA,4,NA,Suva to Taveuni Ferry,1995-03-28,06:00:00,obsr563759,1995-03-28 06:00:00,1995,3,28,6,0
179.3963473,-17.5298495,Great Frigatebird,Fregata minor,NA,NA,12,NA,Suva to Taveuni Ferry,1995-03-22,NA,obsr563759,1995-03-22 NA,1995,3,22,NA,NA
179.3963473,-17.5298495,Lesser Frigatebird,Fregata ariel,NA,NA,13,NA,Suva to Taveuni Ferry,1995-03-22,NA,obsr563759,1995-03-22 NA,1995,3,22,NA,NA
179.3963473,-17.5298495,Lesser Frigatebird,Fregata ariel,NA,NA,3,NA,Suva to Taveuni Ferry,1995-03-28,06:00:00,obsr563759,1995-03-28 06:00:00,1995,3,28,6,0
179.3963473,-17.5298495,Masked Booby,Sula dactylatra,NA,NA,2,NA,Suva to Taveuni Ferry,1995-03-28,06:00:00,obsr563759,1995-03-28 06:00:00,1995,3,28,6,0
179.3963473,-17.5298495,Red-footed Booby,Sula sula,NA,NA,15,NA,Suva to Taveuni Ferry,1995-03-22,NA,obsr563759,1995-03-22 NA,1995,3,22,NA,NA
179.3963473,-17.5298495,Sooty Tern,Onychoprion fuscatus,NA,NA,1,NA,Suva to Taveuni Ferry,1995-03-22,NA,obsr563759,1995-03-22 NA,1995,3,22,NA,NA
179.3963473,-17.5298495,Tahiti Petrel,Pseudobulweria rostrata,NA,NA,3,NA,Suva to Taveuni Ferry,1995-03-22,NA,obsr563759,1995-03-22 NA,1995,3,22,NA,NA
179.3963473,-17.5298495,Tahiti Petrel,Pseudobulweria rostrata,NA,NA,5,NA,Suva to Taveuni Ferry,1995-03-28,06:00:00,obsr563759,1995-03-28 06:00:00,1995,3,28,6,0
179.3963473,-17.5298495,Tropical Shearwater,Puffinus bailloni,NA,NA,3,NA,Suva to Taveuni Ferry,1995-03-28,06:00:00,obsr563759,1995-03-28 06:00:00,1995,3,28,6,0
179.3963473,-17.5298495,White-tailed Tropicbird,Phaethon lepturus,NA,NA,1,NA,Suva to Taveuni Ferry,1995-03-28,06:00:00,obsr563759,1995-03-28 06:00:00,1995,3,28,6,0
178.4245777,-18.1590806,Great Crested Tern,Thalasseus bergii,NA,NA,2,NA,Suva Pt.--Fringing Reef to Bowls Club,1996-11-28,NA,obsr2867463,1996-11-28 NA,1996,11,28,NA,NA
179.2554787,-17.2277826,Black Noddy,Anous minutus,NA,NA,40,NA,Suva to Savu Savu ferry,1996-11-22,NA,obsr2867463,1996-11-22 NA,1996,11,22,NA,NA
179.2554787,-17.2277826,Black-naped Tern,Sterna sumatrana,NA,NA,2,NA,Suva to Savu Savu ferry,1996-11-22,NA,obsr2867463,1996-11-22 NA,1996,11,22,NA,NA
179.2554787,-17.2277826,Bridled Tern,Onychoprion anaethetus,NA,NA,2,NA,Suva to Savu Savu ferry,1996-11-22,NA,obsr2867463,1996-11-22 NA,1996,11,22,NA,NA
179.2554787,-17.2277826,Brown Booby,Sula leucogaster,NA,NA,5,NA,Suva to Savu Savu ferry,1996-11-22,NA,obsr2867463,1996-11-22 NA,1996,11,22,NA,NA
179.2554787,-17.2277826,Brown Noddy,Anous stolidus,NA,NA,5,NA,Suva to Savu Savu ferry,1996-11-22,NA,obsr2867463,1996-11-22 NA,1996,11,22,NA,NA
179.2554787,-17.2277826,Great Crested Tern,Thalasseus bergii,NA,NA,1,NA,Suva to Savu Savu ferry,1996-11-22,NA,obsr2867463,1996-11-22 NA,1996,11,22,NA,NA
179.2554787,-17.2277826,Great Frigatebird,Fregata minor,NA,NA,2,NA,Suva to Savu Savu ferry,1996-11-22,NA,obsr2867463,1996-11-22 NA,1996,11,22,NA,NA
179.2554787,-17.2277826,Lesser Frigatebird,Fregata ariel,NA,NA,6,NA,Suva to Savu Savu ferry,1996-11-22,NA,obsr2867463,1996-11-22 NA,1996,11,22,NA,NA
179.2554787,-17.2277826,Red-footed Booby,Sula sula,NA,NA,30,NA,Suva to Savu Savu ferry,1996-11-22,NA,obsr2867463,1996-11-22 NA,1996,11,22,NA,NA
178.4082117,-18.1143867,Great Crested Tern,Thalasseus bergii,NA,NA,1,NA,Lami,1998-07-24,NA,obsr512717,1998-07-24 NA,1998,7,24,NA,NA
178.454833,-18.1494507,Great Crested Tern,Thalasseus bergii,NA,NA,16,NA,Suva Point,1998-09-01,NA,obsr531804,1998-09-01 NA,1998,9,1,NA,NA
178.4462744,-18.1297102,Great Crested Tern,Thalasseus bergii,NA,NA,4,NA,"Suva, Viti Levu (General)",2001-09-27,09:00:00,obsr684539,2001-09-27 09:00:00,2001,9,27,9,0
178.4353065,-18.1638557,Black-naped Tern,Sterna sumatrana,NA,NA,4,NA,Suva Pt.,2001-12-09,08:00:00,obsr27134,2001-12-09 08:00:00,2001,12,9,8,0
178.4353065,-18.1638557,Great Crested Tern,Thalasseus bergii,NA,NA,15,NA,Suva Pt.,2001-12-09,08:00:00,obsr27134,2001-12-09 08:00:00,2001,12,9,8,0
178.454833,-18.1494507,Great Crested Tern,Thalasseus bergii,NA,NA,5,NA,Suva Point,2002-10-27,NA,obsr496243,2002-10-27 NA,2002,10,27,NA,NA
178.095,-18.219167,Great Crested Tern,Thalasseus bergii,NA,NA,1,NA,Garrick,2002-11-14,06:00:00,obsr332956,2002-11-14 06:00:00,2002,11,14,6,0
178.582778,-18.149722,Great Crested Tern,Thalasseus bergii,NA,NA,62,NA,Nasoata Island,2002-11-26,06:00:00,obsr332956,2002-11-26 06:00:00,2002,11,26,6,0
178.582778,-18.149722,Lesser Frigatebird,Fregata ariel,NA,NA,2,NA,Nasoata Island,2002-11-26,06:00:00,obsr332956,2002-11-26 06:00:00,2002,11,26,6,0
178.4174538,-18.13117,White-tailed Tropicbird,Phaethon lepturus,NA,NA,1,NA,Suva Harbor,2003-08-14,NA,obsr336340,2003-08-14 NA,2003,8,14,NA,NA
178.5174383,-18.9043311,Red-footed Booby,Sula sula,NA,NA,1,NA,"Ono Island, Fiji",2004-05-17,NA,obsr294678,2004-05-17 NA,2004,5,17,NA,NA
178.4622359,-18.0596807,Great Crested Tern,Thalasseus bergii,NA,NA,15,NA,Colo-I-Suva Forest Park,2004-09-03,NA,obsr1222367,2004-09-03 NA,2004,9,3,NA,NA
178.4242687,-18.1512593,Great Crested Tern,Thalasseus bergii,NA,NA,4,NA,Suva (Viti Levu),2004-11-02,15:00:00,obsr177921,2004-11-02 15:00:00,2004,11,2,15,0
178.4242687,-18.1512593,Lesser Frigatebird,Fregata ariel,NA,NA,1,NA,Suva (Viti Levu),2004-11-02,15:00:00,obsr177921,2004-11-02 15:00:00,2004,11,2,15,0
178.4462744,-18.1297102,Lesser Frigatebird,Fregata ariel,NA,NA,1,NA,"Suva, Viti Levu (General)",2004-11-14,NA,obsr662579,2004-11-14 NA,2004,11,14,NA,NA
178.4353065,-18.1638557,Great Crested Tern,Thalasseus bergii,NA,NA,1,NA,Suva Pt.,2004-12-28,NA,obsr153255,2004-12-28 NA,2004,12,28,NA,NA
178.1537068,-17.3602234,Lesser Frigatebird,Fregata ariel,NA,NA,2,NA,Raki-raki Motel,2005-01-07,NA,obsr153255,2005-01-07 NA,2005,1,7,NA,NA
178.5866341,-17.6745717,Black-naped Tern,Sterna sumatrana,NA,NA,2,NA,Natovi Jetty,2005-03-04,NA,obsr568913,2005-03-04 NA,2005,3,4,NA,NA
178.5866341,-17.6745717,Bridled Tern,Onychoprion anaethetus,NA,NA,3,NA,Natovi Jetty,2005-03-04,NA,obsr568913,2005-03-04 NA,2005,3,4,NA,NA
178.4353065,-18.1638557,Great Crested Tern,Thalasseus bergii,NA,NA,1,NA,Suva Pt.,2005-03-10,NA,obsr568913,2005-03-10 NA,2005,3,10,NA,NA
178.4462744,-18.1297102,Great Crested Tern,Thalasseus bergii,NA,NA,2,NA,"Suva, Viti Levu (General)",2005-07-31,NA,obsr527767,2005-07-31 NA,2005,7,31,NA,NA
178.4245252,-18.1488986,Great Crested Tern,Thalasseus bergii,NA,NA,10,NA,Thurston Gardens,2005-07-02,14:00:00,obsr145250,2005-07-02 14:00:00,2005,7,2,14,0
178.454833,-18.1494507,Great Crested Tern,Thalasseus bergii,NA,NA,2,NA,Suva Point,2005-12-03,11:00:00,obsr41159,2005-12-03 11:00:00,2005,12,3,11,0
178.3715,-18.11256,Black-naped Tern,Sterna sumatrana,NA,NA,1,NA,Fiji: Viti Levu: Waivudawa,2006-01-19,NA,obsr114446,2006-01-19 NA,2006,1,19,NA,NA
178.42424,-18.14193,Black-naped Tern,Sterna sumatrana,NA,NA,2,NA,"Fiji: Viti Levu: Pipeline Road, Suva",2006-01-31,NA,obsr114446,2006-01-31 NA,2006,1,31,NA,NA
178.42424,-18.14193,Brown Booby,Sula leucogaster,NA,NA,4,NA,"Fiji: Viti Levu: Pipeline Road, Suva",2006-01-31,NA,obsr114446,2006-01-31 NA,2006,1,31,NA,NA
178.42424,-18.14193,Brown Noddy,Anous stolidus,NA,NA,12,NA,"Fiji: Viti Levu: Pipeline Road, Suva",2006-01-31,NA,obsr114446,2006-01-31 NA,2006,1,31,NA,NA
178.3715,-18.11256,Great Crested Tern,Thalasseus bergii,NA,NA,2,NA,Fiji: Viti Levu: Waivudawa,2006-01-19,NA,obsr114446,2006-01-19 NA,2006,1,19,NA,NA
178.42424,-18.14193,Great Crested Tern,Thalasseus bergii,NA,NA,12,NA,"Fiji: Viti Levu: Pipeline Road, Suva",2006-01-31,NA,obsr114446,2006-01-31 NA,2006,1,31,NA,NA
178.4498442,-18.0414588,Lesser Frigatebird,Fregata ariel,NA,NA,1,NA,Pipeline Road,2006-02-26,NA,obsr669043,2006-02-26 NA,2006,2,26,NA,NA
178.2146797,-17.2866301,Lesser Frigatebird,Fregata ariel,NA,NA,2,NA,Nananu-I-Ra-Island,2006-03-02,NA,obsr6551253,2006-03-02 NA,2006,3,2,NA,NA
178.4509277,-18.9624675,Great Crested Tern,Thalasseus bergii,NA,NA,1,NA,Tiliva Resort,2006-11-30,08:30:00,obsr333479,2006-11-30 08:30:00,2006,11,30,8,30
178.2400868,-18.9666664,Great Crested Tern,Thalasseus bergii,NA,NA,1,NA,Kadavu Island - Papageno Resort,2006-11-28,06:30:00,obsr333479,2006-11-28 06:30:00,2006,11,28,6,30
178.2400868,-18.9666664,Great Frigatebird,Fregata minor,NA,NA,2,NA,Kadavu Island - Papageno Resort,2006-11-28,06:30:00,obsr333479,2006-11-28 06:30:00,2006,11,28,6,30
178.4509277,-18.9624675,Lesser Frigatebird,Fregata ariel,NA,NA,2,NA,Tiliva Resort,2006-11-30,08:30:00,obsr333479,2006-11-30 08:30:00,2006,11,30,8,30
178.4509277,-18.9624675,White-tailed Tropicbird,Phaethon lepturus,NA,NA,1,NA,Tiliva Resort,2006-11-30,08:30:00,obsr333479,2006-11-30 08:30:00,2006,11,30,8,30
178.7630296,-17.9743075,Great Crested Tern,Thalasseus bergii,NA,NA,100,ON,Saqata Rocks,2007-04-11,08:00:00,obsr332956,2007-04-11 08:00:00,2007,4,11,8,0
178.7565816,-17.9731166,Lesser Frigatebird,Fregata ariel,NA,NA,500,NA,Mabualau Island,2007-04-11,08:00:00,obsr332956,2007-04-11 08:00:00,2007,4,11,8,0
178.7565816,-17.9731166,Red-footed Booby,Sula sula,NA,NA,297,NY,Mabualau Island,2007-04-11,08:00:00,obsr332956,2007-04-11 08:00:00,2007,4,11,8,0
178.4572564,-18.0578764,Black-naped Tern,Sterna sumatrana,NA,NA,2,NA,Colo-i-Suva Rainforest Lodge,2007-08-17,NA,obsr1601250,2007-08-17 NA,2007,8,17,NA,NA
178.4572564,-18.0578764,Great Crested Tern,Thalasseus bergii,NA,NA,2,NA,Colo-i-Suva Rainforest Lodge,2007-08-17,NA,obsr1601250,2007-08-17 NA,2007,8,17,NA,NA
178.2339478,-18.161511,Black-naped Tern,Sterna sumatrana,NA,NA,1,NA,Nandi to Hideaway Resort,2008-01-02,07:00:00,obsr100289,2008-01-02 07:00:00,2008,1,2,7,0
178.7565816,-17.9731166,Black Noddy,Anous minutus,NA,NA,20000,NA,Mabualau Island,2008-02-07,NA,obsr332956,2008-02-07 NA,2008,2,7,NA,NA
178.7565816,-17.9731166,Black-naped Tern,Sterna sumatrana,NA,NA,12,NA,Mabualau Island,2008-02-07,NA,obsr332956,2008-02-07 NA,2008,2,7,NA,NA
178.7565816,-17.9731166,Bridled Tern,Onychoprion anaethetus,NA,NA,8,NY,Mabualau Island,2008-02-07,NA,obsr332956,2008-02-07 NA,2008,2,7,NA,NA
178.7630296,-17.9743075,Brown Booby,Sula leucogaster,NA,NA,24,NA,Saqata Rocks,2008-02-07,NA,obsr332956,2008-02-07 NA,2008,2,7,NA,NA
178.7565816,-17.9731166,Brown Booby,Sula leucogaster,NA,NA,2,NA,Mabualau Island,2008-02-07,NA,obsr332956,2008-02-07 NA,2008,2,7,NA,NA
178.7565816,-17.9731166,Brown Noddy,Anous stolidus,NA,NA,200,NA,Mabualau Island,2008-02-07,NA,obsr332956,2008-02-07 NA,2008,2,7,NA,NA
178.7630296,-17.9743075,Great Crested Tern,Thalasseus bergii,NA,NA,4,NA,Saqata Rocks,2008-02-07,NA,obsr332956,2008-02-07 NA,2008,2,7,NA,NA
178.7565816,-17.9731166,Lesser Frigatebird,Fregata ariel,NA,NA,550,NA,Mabualau Island,2008-02-07,NA,obsr332956,2008-02-07 NA,2008,2,7,NA,NA
178.7565816,-17.9731166,Red-footed Booby,Sula sula,NA,NA,500,NA,Mabualau Island,2008-02-07,NA,obsr332956,2008-02-07 NA,2008,2,7,NA,NA
178.4,-18.1333,Black Noddy,Anous minutus,NA,NA,300,NA,Southern Surveyor0892,2008-05-27,10:10:00,obsr394775,2008-05-27 10:10:00,2008,5,27,10,10
178.4,-18.1333,Black-naped Tern,Sterna sumatrana,NA,NA,50,NA,Southern Surveyor0892,2008-05-27,10:10:00,obsr394775,2008-05-27 10:10:00,2008,5,27,10,10
178.5333,-18.2,Buller's Shearwater,Ardenna bulleri,NA,NA,1,NA,Southern Surveyor0893,2008-05-27,11:15:00,obsr394775,2008-05-27 11:15:00,2008,5,27,11,15
178.5333,-18.2,Sooty Shearwater,Ardenna grisea,NA,NA,2,NA,Southern Surveyor0893,2008-05-27,11:15:00,obsr394775,2008-05-27 11:15:00,2008,5,27,11,15
178.5333,-18.2,Tahiti Petrel,Pseudobulweria rostrata,NA,NA,1,NA,Southern Surveyor0893,2008-05-27,11:15:00,obsr394775,2008-05-27 11:15:00,2008,5,27,11,15
178,-18.8333,Red-footed Booby,Sula sula,NA,NA,7,NA,Southern Surveyor0823,2008-05-05,11:30:00,obsr394775,2008-05-05 11:30:00,2008,5,5,11,30
179.316667,-17.6667,Tahiti Petrel,Pseudobulweria rostrata,NA,NA,1,NA,Southern Surveyor0894,2008-05-27,16:30:00,obsr394775,2008-05-27 16:30:00,2008,5,27,16,30
179.316667,-17.6667,White-tailed Tropicbird,Phaethon lepturus,NA,NA,1,NA,Southern Surveyor0894,2008-05-27,16:30:00,obsr394775,2008-05-27 16:30:00,2008,5,27,16,30
179.95,-17.4,Collared Petrel,Pterodroma brevipes,NA,NA,1,NA,Southern Surveyor0826,2008-05-06,06:10:00,obsr394775,2008-05-06 06:10:00,2008,5,6,6,10
179.95,-17.4,Tahiti Petrel,Pseudobulweria rostrata,NA,NA,1,NA,Southern Surveyor0826,2008-05-06,06:10:00,obsr394775,2008-05-06 06:10:00,2008,5,6,6,10
178.4406066,-18.1619228,Great Crested Tern,Thalasseus bergii,NA,NA,15,NA,Suva Pt.--East of Fringing Reef,2009-02-18,17:30:00,obsr145073,2009-02-18 17:30:00,2009,2,18,17,30
178.4406066,-18.1619228,Lesser Frigatebird,Fregata ariel,NA,NA,1,NA,Suva Pt.--East of Fringing Reef,2009-02-18,17:30:00,obsr145073,2009-02-18 17:30:00,2009,2,18,17,30
178.4462744,-18.1297102,Great Crested Tern,Thalasseus bergii,NA,NA,3,NA,"Suva, Viti Levu (General)",2009-03-30,10:00:00,obsr344577,2009-03-30 10:00:00,2009,3,30,10,0
178.4684372,-17.3195042,Bridled Tern,Onychoprion anaethetus,NA,NA,6,NA,Vatu-i-Ra,2009-03-01,NA,obsr107855,2009-03-01 NA,2009,3,1,NA,NA
178.970032,-18.049256,Christmas Shearwater,Puffinus nativitatis,NA,NA,1,NA,between Suva and Gau,2009-05-12,NA,obsr223214,2009-05-12 NA,2009,5,12,NA,NA
178.970032,-18.049256,Gould's Petrel,Pterodroma leucoptera,NA,NA,6,NA,between Suva and Gau,2009-05-12,NA,obsr223214,2009-05-12 NA,2009,5,12,NA,NA
178.970032,-18.049256,Mottled Petrel,Pterodroma inexpectata,NA,NA,2,NA,between Suva and Gau,2009-05-12,NA,obsr223214,2009-05-12 NA,2009,5,12,NA,NA
178.970032,-18.049256,Tahiti Petrel,Pseudobulweria rostrata,NA,NA,1,NA,between Suva and Gau,2009-05-12,NA,obsr223214,2009-05-12 NA,2009,5,12,NA,NA
179.179583,-18.454883,Black-bellied Storm-Petrel,Fregetta tropica,NA,NA,1,NA,c.25 nm south of Gau,2009-05-16,NA,obsr223214,2009-05-16 NA,2009,5,16,NA,NA
179.179583,-18.454883,Black-winged Petrel,Pterodroma nigripennis,NA,NA,1,NA,c.25 nm south of Gau,2009-05-13,NA,obsr223214,2009-05-13 NA,2009,5,13,NA,NA
179.179583,-18.454883,Black-winged Petrel,Pterodroma nigripennis,NA,NA,1,NA,c.25 nm south of Gau,2009-05-15,NA,obsr223214,2009-05-15 NA,2009,5,15,NA,NA
179.179583,-18.454883,Buller's Shearwater,Ardenna bulleri,NA,NA,1,NA,c.25 nm south of Gau,2009-05-22,NA,obsr223214,2009-05-22 NA,2009,5,22,NA,NA
179.179583,-18.454883,Buller's Shearwater,Ardenna bulleri,NA,NA,1,NA,c.25 nm south of Gau,2009-05-13,NA,obsr223214,2009-05-13 NA,2009,5,13,NA,NA
179.179583,-18.454883,Collared Petrel,Pterodroma brevipes,Collared Petrel (Collared),Pterodroma brevipes brevipes,40,NA,c.25 nm south of Gau,2009-05-18,NA,obsr223214,2009-05-18 NA,2009,5,18,NA,NA
179.179583,-18.454883,Collared Petrel,Pterodroma brevipes,Collared Petrel (Collared),Pterodroma brevipes brevipes,20,NA,c.25 nm south of Gau,2009-05-13,11:25:00,obsr223214,2009-05-13 11:25:00,2009,5,13,11,25
179.179583,-18.454883,Collared Petrel,Pterodroma brevipes,Collared Petrel (Collared),Pterodroma brevipes brevipes,15,NA,c.25 nm south of Gau,2009-05-21,NA,obsr223214,2009-05-21 NA,2009,5,21,NA,NA
179.179583,-18.454883,Collared Petrel,Pterodroma brevipes,Collared Petrel (Collared),Pterodroma brevipes brevipes,100,NA,c.25 nm south of Gau,2009-05-22,NA,obsr223214,2009-05-22 NA,2009,5,22,NA,NA
179.22525,-18.312033,Collared Petrel,Pterodroma brevipes,Collared Petrel (Collared),Pterodroma brevipes brevipes,20,NA,c.15 nm off Gau,2009-05-13,10:50:00,obsr223214,2009-05-13 10:50:00,2009,5,13,10,50
179.179583,-18.454883,Collared Petrel,Pterodroma brevipes,Collared Petrel (Collared),Pterodroma brevipes brevipes,40,NA,c.25 nm south of Gau,2009-05-15,NA,obsr223214,2009-05-15 NA,2009,5,15,NA,NA
179.179583,-18.454883,Collared Petrel,Pterodroma brevipes,Collared Petrel (Collared),Pterodroma brevipes brevipes,60,NA,c.25 nm south of Gau,2009-05-16,NA,obsr223214,2009-05-16 NA,2009,5,16,NA,NA
179.179583,-18.454883,Collared Petrel,Pterodroma brevipes,Collared Petrel (Collared),Pterodroma brevipes brevipes,80,NA,c.25 nm south of Gau,2009-05-17,NA,obsr223214,2009-05-17 NA,2009,5,17,NA,NA
179.179583,-18.454883,Collared Petrel,Pterodroma brevipes,Collared Petrel (Collared),Pterodroma brevipes brevipes,5,NA,c.25 nm south of Gau,2009-05-19,NA,obsr223214,2009-05-19 NA,2009,5,19,NA,NA
179.179583,-18.454883,Collared Petrel,Pterodroma brevipes,Collared Petrel (Collared),Pterodroma brevipes brevipes,40,NA,c.25 nm south of Gau,2009-05-14,NA,obsr223214,2009-05-14 NA,2009,5,14,NA,NA
179.247583,-18.366133,Collared Petrel,Pterodroma brevipes,Collared Petrel (Collared),Pterodroma brevipes brevipes,1,NA,c.17.5 nm south of Gau,2009-05-16,12:15:00,obsr223214,2009-05-16 12:15:00,2009,5,16,12,15
179.179583,-18.454883,Collared Petrel,Pterodroma brevipes,Collared Petrel (Collared),Pterodroma brevipes brevipes,10,NA,c.25 nm south of Gau,2009-05-20,NA,obsr223214,2009-05-20 NA,2009,5,20,NA,NA
179.257068,-18.115,Fiji Petrel,Pseudobulweria macgillivrayi,NA,NA,1,NA,c.4 nm south of Gau,2009-05-17,17:45:00,obsr223214,2009-05-17 17:45:00,2009,5,17,17,45
179.179583,-18.454883,Fiji Petrel,Pseudobulweria macgillivrayi,NA,NA,1,NA,c.25 nm south of Gau,2009-05-13,11:25:00,obsr223214,2009-05-13 11:25:00,2009,5,13,11,25
179.247583,-18.366133,Fiji Petrel,Pseudobulweria macgillivrayi,NA,NA,1,NA,c.17.5 nm south of Gau,2009-05-16,12:15:00,obsr223214,2009-05-16 12:15:00,2009,5,16,12,15
179.225867,-18.200333,Fiji Petrel,Pseudobulweria macgillivrayi,NA,NA,1,NA,c.10 nm off Gau,2009-05-14,17:29:00,obsr223214,2009-05-14 17:29:00,2009,5,14,17,29
179.231817,-18.158717,Fiji Petrel,Pseudobulweria macgillivrayi,NA,NA,1,NA,c.5 nm south of Gau,2009-05-18,17:30:00,obsr223214,2009-05-18 17:30:00,2009,5,18,17,30
179.22525,-18.312033,Fiji Petrel,Pseudobulweria macgillivrayi,NA,NA,1,NA,c.15 nm off Gau,2009-05-13,10:50:00,obsr223214,2009-05-13 10:50:00,2009,5,13,10,50
179.179583,-18.454883,Flesh-footed Shearwater,Ardenna carneipes,NA,NA,1,NA,c.25 nm south of Gau,2009-05-21,NA,obsr223214,2009-05-21 NA,2009,5,21,NA,NA
179.179583,-18.454883,Gould's Petrel,Pterodroma leucoptera,NA,NA,2,NA,c.25 nm south of Gau,2009-05-21,NA,obsr223214,2009-05-21 NA,2009,5,21,NA,NA
179.179583,-18.454883,Gould's Petrel,Pterodroma leucoptera,NA,NA,6,NA,c.25 nm south of Gau,2009-05-14,NA,obsr223214,2009-05-14 NA,2009,5,14,NA,NA
179.179583,-18.454883,Gould's Petrel,Pterodroma leucoptera,NA,NA,3,NA,c.25 nm south of Gau,2009-05-16,NA,obsr223214,2009-05-16 NA,2009,5,16,NA,NA
179.22525,-18.312033,Gould's Petrel,Pterodroma leucoptera,NA,NA,2,NA,c.15 nm off Gau,2009-05-13,10:50:00,obsr223214,2009-05-13 10:50:00,2009,5,13,10,50
179.179583,-18.454883,Gould's Petrel,Pterodroma leucoptera,NA,NA,2,NA,c.25 nm south of Gau,2009-05-13,02:21:00,obsr223214,2009-05-13 02:21:00,2009,5,13,2,21
179.179583,-18.454883,Gould's Petrel,Pterodroma leucoptera,NA,NA,1,NA,c.25 nm south of Gau,2009-05-19,NA,obsr223214,2009-05-19 NA,2009,5,19,NA,NA
179.179583,-18.454883,Gould's Petrel,Pterodroma leucoptera,NA,NA,2,NA,c.25 nm south of Gau,2009-05-20,NA,obsr223214,2009-05-20 NA,2009,5,20,NA,NA
179.179583,-18.454883,Gould's Petrel,Pterodroma leucoptera,NA,NA,1,NA,c.25 nm south of Gau,2009-05-15,NA,obsr223214,2009-05-15 NA,2009,5,15,NA,NA
179.179583,-18.454883,Kermadec Petrel,Pterodroma neglecta,NA,NA,4,NA,c.25 nm south of Gau,2009-05-14,NA,obsr223214,2009-05-14 NA,2009,5,14,NA,NA
179.179583,-18.454883,Kermadec Petrel,Pterodroma neglecta,NA,NA,2,NA,c.25 nm south of Gau,2009-05-21,NA,obsr223214,2009-05-21 NA,2009,5,21,NA,NA
179.179583,-18.454883,Kermadec Petrel,Pterodroma neglecta,NA,NA,2,NA,c.25 nm south of Gau,2009-05-20,NA,obsr223214,2009-05-20 NA,2009,5,20,NA,NA
179.179583,-18.454883,Kermadec Petrel,Pterodroma neglecta,NA,NA,1,NA,c.25 nm south of Gau,2009-05-13,NA,obsr223214,2009-05-13 NA,2009,5,13,NA,NA
179.179583,-18.454883,Kermadec Petrel,Pterodroma neglecta,NA,NA,1,NA,c.25 nm south of Gau,2009-05-15,NA,obsr223214,2009-05-15 NA,2009,5,15,NA,NA
179.179583,-18.454883,Matsudaira's Storm-Petrel,Hydrobates matsudairae,NA,NA,1,NA,c.25 nm south of Gau,2009-05-13,NA,obsr223214,2009-05-13 NA,2009,5,13,NA,NA
179.179583,-18.454883,Mottled Petrel,Pterodroma inexpectata,NA,NA,2,NA,c.25 nm south of Gau,2009-05-15,NA,obsr223214,2009-05-15 NA,2009,5,15,NA,NA
179.179583,-18.454883,Mottled Petrel,Pterodroma inexpectata,NA,NA,2,NA,c.25 nm south of Gau,2009-05-20,NA,obsr223214,2009-05-20 NA,2009,5,20,NA,NA
179.179583,-18.454883,Mottled Petrel,Pterodroma inexpectata,NA,NA,1,NA,c.25 nm south of Gau,2009-05-18,NA,obsr223214,2009-05-18 NA,2009,5,18,NA,NA
179.22525,-18.312033,Mottled Petrel,Pterodroma inexpectata,NA,NA,1,NA,c.15 nm off Gau,2009-05-13,10:50:00,obsr223214,2009-05-13 10:50:00,2009,5,13,10,50
179.179583,-18.454883,Mottled Petrel,Pterodroma inexpectata,NA,NA,1,NA,c.25 nm south of Gau,2009-05-13,02:21:00,obsr223214,2009-05-13 02:21:00,2009,5,13,2,21
179.179583,-18.454883,Mottled Petrel,Pterodroma inexpectata,NA,NA,3,NA,c.25 nm south of Gau,2009-05-17,NA,obsr223214,2009-05-17 NA,2009,5,17,NA,NA
179.179583,-18.454883,Mottled Petrel,Pterodroma inexpectata,NA,NA,1,NA,c.25 nm south of Gau,2009-05-19,NA,obsr223214,2009-05-19 NA,2009,5,19,NA,NA
179.179583,-18.454883,Mottled Petrel,Pterodroma inexpectata,NA,NA,3,NA,c.25 nm south of Gau,2009-05-14,NA,obsr223214,2009-05-14 NA,2009,5,14,NA,NA
179.179583,-18.454883,Murphy's Petrel,Pterodroma ultima,NA,NA,1,NA,c.25 nm south of Gau,2009-05-15,NA,obsr223214,2009-05-15 NA,2009,5,15,NA,NA
179.179583,-18.454883,Parkinson's Petrel,Procellaria parkinsoni,NA,NA,1,NA,c.25 nm south of Gau,2009-05-17,NA,obsr223214,2009-05-17 NA,2009,5,17,NA,NA
179.179583,-18.454883,Phoenix Petrel,Pterodroma alba,NA,NA,1,NA,c.25 nm south of Gau,2009-05-20,NA,obsr223214,2009-05-20 NA,2009,5,20,NA,NA
179.179583,-18.454883,Polynesian Storm-Petrel,Nesofregetta fuliginosa,NA,NA,1,NA,c.25 nm south of Gau,2009-05-14,NA,obsr223214,2009-05-14 NA,2009,5,14,NA,NA
179.179583,-18.454883,Sooty Shearwater,Ardenna grisea,NA,NA,2,NA,c.25 nm south of Gau,2009-05-20,NA,obsr223214,2009-05-20 NA,2009,5,20,NA,NA
179.179583,-18.454883,Sooty Shearwater,Ardenna grisea,NA,NA,1,NA,c.25 nm south of Gau,2009-05-13,11:25:00,obsr223214,2009-05-13 11:25:00,2009,5,13,11,25
179.179583,-18.454883,Sooty Shearwater,Ardenna grisea,NA,NA,1,NA,c.25 nm south of Gau,2009-05-16,NA,obsr223214,2009-05-16 NA,2009,5,16,NA,NA
179.179583,-18.454883,Sooty Shearwater,Ardenna grisea,NA,NA,1,NA,c.25 nm south of Gau,2009-05-22,NA,obsr223214,2009-05-22 NA,2009,5,22,NA,NA
179.179583,-18.454883,Sooty Shearwater,Ardenna grisea,NA,NA,2,NA,c.25 nm south of Gau,2009-05-21,NA,obsr223214,2009-05-21 NA,2009,5,21,NA,NA
179.179583,-18.454883,Sooty Shearwater,Ardenna grisea,NA,NA,1,NA,c.25 nm south of Gau,2009-05-19,NA,obsr223214,2009-05-19 NA,2009,5,19,NA,NA
179.179583,-18.454883,Sooty Shearwater,Ardenna grisea,NA,NA,2,NA,c.25 nm south of Gau,2009-05-18,NA,obsr223214,2009-05-18 NA,2009,5,18,NA,NA
179.179583,-18.454883,Sooty Shearwater,Ardenna grisea,NA,NA,1,NA,c.25 nm south of Gau,2009-05-15,NA,obsr223214,2009-05-15 NA,2009,5,15,NA,NA
179.179583,-18.454883,Tahiti Petrel,Pseudobulweria rostrata,NA,NA,11,NA,c.25 nm south of Gau,2009-05-13,02:21:00,obsr223214,2009-05-13 02:21:00,2009,5,13,2,21
179.179583,-18.454883,Tahiti Petrel,Pseudobulweria rostrata,NA,NA,100,NA,c.25 nm south of Gau,2009-05-16,NA,obsr223214,2009-05-16 NA,2009,5,16,NA,NA
179.247583,-18.366133,Tahiti Petrel,Pseudobulweria rostrata,NA,NA,5,NA,c.17.5 nm south of Gau,2009-05-16,12:15:00,obsr223214,2009-05-16 12:15:00,2009,5,16,12,15
179.179583,-18.454883,Tahiti Petrel,Pseudobulweria rostrata,NA,NA,70,NA,c.25 nm south of Gau,2009-05-15,NA,obsr223214,2009-05-15 NA,2009,5,15,NA,NA
179.22525,-18.312033,Tahiti Petrel,Pseudobulweria rostrata,NA,NA,11,NA,c.15 nm off Gau,2009-05-13,10:50:00,obsr223214,2009-05-13 10:50:00,2009,5,13,10,50
179.179583,-18.454883,Tahiti Petrel,Pseudobulweria rostrata,NA,NA,70,NA,c.25 nm south of Gau,2009-05-17,NA,obsr223214,2009-05-17 NA,2009,5,17,NA,NA
179.179583,-18.454883,Tahiti Petrel,Pseudobulweria rostrata,NA,NA,100,NA,c.25 nm south of Gau,2009-05-22,NA,obsr223214,2009-05-22 NA,2009,5,22,NA,NA
179.179583,-18.454883,Tahiti Petrel,Pseudobulweria rostrata,NA,NA,35,NA,c.25 nm south of Gau,2009-05-21,NA,obsr223214,2009-05-21 NA,2009,5,21,NA,NA
179.179583,-18.454883,Tahiti Petrel,Pseudobulweria rostrata,NA,NA,10,NA,c.25 nm south of Gau,2009-05-19,NA,obsr223214,2009-05-19 NA,2009,5,19,NA,NA
179.179583,-18.454883,Tahiti Petrel,Pseudobulweria rostrata,NA,NA,50,NA,c.25 nm south of Gau,2009-05-18,NA,obsr223214,2009-05-18 NA,2009,5,18,NA,NA
179.179583,-18.454883,Tahiti Petrel,Pseudobulweria rostrata,NA,NA,50,NA,c.25 nm south of Gau,2009-05-14,NA,obsr223214,2009-05-14 NA,2009,5,14,NA,NA
179.179583,-18.454883,Tahiti Petrel,Pseudobulweria rostrata,NA,NA,15,NA,c.25 nm south of Gau,2009-05-20,NA,obsr223214,2009-05-20 NA,2009,5,20,NA,NA
179.179583,-18.454883,Wedge-tailed Shearwater,Ardenna pacifica,NA,NA,1,NA,c.25 nm south of Gau,2009-05-20,NA,obsr223214,2009-05-20 NA,2009,5,20,NA,NA
179.22525,-18.312033,Wedge-tailed Shearwater,Ardenna pacifica,NA,NA,1,NA,c.15 nm off Gau,2009-05-13,10:50:00,obsr223214,2009-05-13 10:50:00,2009,5,13,10,50
179.179583,-18.454883,Wedge-tailed Shearwater,Ardenna pacifica,NA,NA,6,NA,c.25 nm south of Gau,2009-05-18,NA,obsr223214,2009-05-18 NA,2009,5,18,NA,NA
179.179583,-18.454883,Wedge-tailed Shearwater,Ardenna pacifica,NA,NA,2,NA,c.25 nm south of Gau,2009-05-22,NA,obsr223214,2009-05-22 NA,2009,5,22,NA,NA
179.179583,-18.454883,Wedge-tailed Shearwater,Ardenna pacifica,NA,NA,2,NA,c.25 nm south of Gau,2009-05-19,NA,obsr223214,2009-05-19 NA,2009,5,19,NA,NA
179.179583,-18.454883,Wedge-tailed Shearwater,Ardenna pacifica,NA,NA,1,NA,c.25 nm south of Gau,2009-05-13,11:25:00,obsr223214,2009-05-13 11:25:00,2009,5,13,11,25
179.179583,-18.454883,Wedge-tailed Shearwater,Ardenna pacifica,NA,NA,1,NA,c.25 nm south of Gau,2009-05-21,NA,obsr223214,2009-05-21 NA,2009,5,21,NA,NA
179.179583,-18.454883,Wedge-tailed Shearwater,Ardenna pacifica,NA,NA,1,NA,c.25 nm south of Gau,2009-05-15,NA,obsr223214,2009-05-15 NA,2009,5,15,NA,NA
179.179583,-18.454883,White-faced Storm-Petrel,Pelagodroma marina,NA,NA,1,NA,c.25 nm south of Gau,2009-05-16,NA,obsr223214,2009-05-16 NA,2009,5,16,NA,NA
179.179583,-18.454883,Wilson's Storm-Petrel,Oceanites oceanicus,NA,NA,1,NA,c.25 nm south of Gau,2009-05-20,NA,obsr223214,2009-05-20 NA,2009,5,20,NA,NA
179.179583,-18.454883,Wilson's Storm-Petrel,Oceanites oceanicus,NA,NA,3,NA,c.25 nm south of Gau,2009-05-14,NA,obsr223214,2009-05-14 NA,2009,5,14,NA,NA
179.179583,-18.454883,Wilson's Storm-Petrel,Oceanites oceanicus,NA,NA,1,NA,c.25 nm south of Gau,2009-05-19,NA,obsr223214,2009-05-19 NA,2009,5,19,NA,NA
179.179583,-18.454883,Wilson's Storm-Petrel,Oceanites oceanicus,NA,NA,1,NA,c.25 nm south of Gau,2009-05-22,NA,obsr223214,2009-05-22 NA,2009,5,22,NA,NA
179.0996173,-17.1101313,Brown Booby,Sula leucogaster,NA,NA,1,NA,Namena Island,2009-07-30,NA,obsr1631674,2009-07-30 NA,2009,7,30,NA,NA
179.0996173,-17.1101313,Red-footed Booby,Sula sula,NA,NA,1,NA,Namena Island,2009-07-30,NA,obsr1631674,2009-07-30 NA,2009,7,30,NA,NA
179.0996173,-17.1101313,White-tailed Tropicbird,Phaethon lepturus,NA,NA,1,NA,Namena Island,2009-07-30,NA,obsr1631674,2009-07-30 NA,2009,7,30,NA,NA
178.454833,-18.1494507,Black-naped Tern,Sterna sumatrana,NA,NA,3,NA,Suva Point,2009-11-19,17:30:00,obsr16646,2009-11-19 17:30:00,2009,11,19,17,30
178.454833,-18.1494507,Brown Booby,Sula leucogaster,NA,NA,1,NA,Suva Point,2009-11-12,08:10:00,obsr16646,2009-11-12 08:10:00,2009,11,12,8,10
178.4533632,-18.1496138,Great Crested Tern,Thalasseus bergii,NA,NA,5,NA,USP--Lower Campus,2009-11-10,11:00:00,obsr16646,2009-11-10 11:00:00,2009,11,10,11,0
178.4533632,-18.1496138,Great Crested Tern,Thalasseus bergii,NA,NA,3,NA,USP--Lower Campus,2009-11-09,08:00:00,obsr16646,2009-11-09 08:00:00,2009,11,9,8,0
178.4533632,-18.1496138,Great Crested Tern,Thalasseus bergii,NA,NA,14,NA,USP--Lower Campus,2009-11-15,13:00:00,obsr16646,2009-11-15 13:00:00,2009,11,15,13,0
178.454833,-18.1494507,Great Crested Tern,Thalasseus bergii,NA,NA,16,NA,Suva Point,2009-11-12,08:10:00,obsr16646,2009-11-12 08:10:00,2009,11,12,8,10
178.454833,-18.1494507,Great Crested Tern,Thalasseus bergii,NA,NA,20,NA,Suva Point,2009-11-19,17:30:00,obsr16646,2009-11-19 17:30:00,2009,11,19,17,30
178.454833,-18.1494507,Lesser Frigatebird,Fregata ariel,NA,NA,1,NA,Suva Point,2009-11-12,08:10:00,obsr16646,2009-11-12 08:10:00,2009,11,12,8,10
178.4533632,-18.1496138,Lesser Frigatebird,Fregata ariel,NA,NA,1,NA,USP--Lower Campus,2009-11-15,13:00:00,obsr16646,2009-11-15 13:00:00,2009,11,15,13,0
178.4533632,-18.1496138,Lesser Frigatebird,Fregata ariel,NA,NA,3,NA,USP--Lower Campus,2009-11-09,08:00:00,obsr16646,2009-11-09 08:00:00,2009,11,9,8,0
178.4406066,-18.1619228,Brown Booby,Sula leucogaster,NA,NA,1,NA,Suva Pt.--East of Fringing Reef,2010-04-17,09:00:00,obsr230624,2010-04-17 09:00:00,2010,4,17,9,0
178.4406066,-18.1619228,Great Crested Tern,Thalasseus bergii,NA,NA,5,NA,Suva Pt.--East of Fringing Reef,2010-04-17,09:00:00,obsr230624,2010-04-17 09:00:00,2010,4,17,9,0
178.4533632,-18.1496138,Great Crested Tern,Thalasseus bergii,NA,NA,15,NA,USP--Lower Campus,2010-06-23,12:45:00,obsr16646,2010-06-23 12:45:00,2010,6,23,12,45
178.4462744,-18.1297102,Great Crested Tern,Thalasseus bergii,NA,NA,11,NA,"Suva, Viti Levu (General)",2010-06-19,16:30:00,obsr16646,2010-06-19 16:30:00,2010,6,19,16,30
178.4462744,-18.1297102,Great Crested Tern,Thalasseus bergii,NA,NA,5,NA,"Suva, Viti Levu (General)",2010-06-16,08:30:00,obsr16646,2010-06-16 08:30:00,2010,6,16,8,30
178.4462744,-18.1297102,Great Crested Tern,Thalasseus bergii,NA,NA,6,NA,"Suva, Viti Levu (General)",2010-06-18,11:30:00,obsr16646,2010-06-18 11:30:00,2010,6,18,11,30
178.4533632,-18.1496138,Great Crested Tern,Thalasseus bergii,NA,NA,2,NA,USP--Lower Campus,2010-06-22,13:00:00,obsr16646,2010-06-22 13:00:00,2010,6,22,13,0
178.1606483,-18.2195683,Great Crested Tern,Thalasseus bergii,NA,NA,1,NA,Queens Road--Navua,2010-06-27,10:30:00,obsr16646,2010-06-27 10:30:00,2010,6,27,10,30
178.4533632,-18.1496138,Lesser Frigatebird,Fregata ariel,NA,NA,1,NA,USP--Lower Campus,2010-06-22,13:00:00,obsr16646,2010-06-22 13:00:00,2010,6,22,13,0
178.4462744,-18.1297102,Lesser Frigatebird,Fregata ariel,NA,NA,1,NA,"Suva, Viti Levu (General)",2010-06-19,16:30:00,obsr16646,2010-06-19 16:30:00,2010,6,19,16,30
178.4462744,-18.1297102,Lesser Frigatebird,Fregata ariel,NA,NA,2,NA,"Suva, Viti Levu (General)",2010-06-16,08:30:00,obsr16646,2010-06-16 08:30:00,2010,6,16,8,30
178.4533632,-18.1496138,Lesser Frigatebird,Fregata ariel,NA,NA,2,NA,USP--Lower Campus,2010-06-23,12:45:00,obsr16646,2010-06-23 12:45:00,2010,6,23,12,45
178.0684662,-18.2559258,Lesser Frigatebird,Fregata ariel,NA,NA,2,NA,"Pearl Resort, Pacific Harbour, Viti Levu",2010-06-26,13:30:00,obsr16646,2010-06-26 13:30:00,2010,6,26,13,30
178.4174538,-18.13117,Black-naped Tern,Sterna sumatrana,NA,NA,19,NA,Suva Harbor,2010-07-23,06:20:00,obsr16646,2010-07-23 06:20:00,2010,7,23,6,20
178.454833,-18.1494507,Brown Booby,Sula leucogaster,NA,NA,2,NA,Suva Point,2010-07-25,12:35:00,obsr16646,2010-07-25 12:35:00,2010,7,25,12,35
178.4174538,-18.13117,Brown Booby,Sula leucogaster,NA,NA,3,NA,Suva Harbor,2010-07-23,06:20:00,obsr16646,2010-07-23 06:20:00,2010,7,23,6,20
178.454833,-18.1494507,Great Crested Tern,Thalasseus bergii,NA,NA,11,NA,Suva Point,2010-07-24,15:20:00,obsr16646,2010-07-24 15:20:00,2010,7,24,15,20
178.4174538,-18.13117,Great Crested Tern,Thalasseus bergii,NA,NA,25,NA,Suva Harbor,2010-07-23,06:20:00,obsr16646,2010-07-23 06:20:00,2010,7,23,6,20
178.454833,-18.1494507,Great Crested Tern,Thalasseus bergii,NA,NA,45,NA,Suva Point,2010-07-25,12:35:00,obsr16646,2010-07-25 12:35:00,2010,7,25,12,35
178.4174538,-18.13117,Lesser Frigatebird,Fregata ariel,NA,NA,1,NA,Suva Harbor,2010-07-23,06:20:00,obsr16646,2010-07-23 06:20:00,2010,7,23,6,20
178.454833,-18.1494507,Lesser Frigatebird,Fregata ariel,NA,NA,3,NA,Suva Point,2010-07-24,15:20:00,obsr16646,2010-07-24 15:20:00,2010,7,24,15,20
178.454833,-18.1494507,Lesser Frigatebird,Fregata ariel,NA,NA,7,NA,Suva Point,2010-07-25,12:35:00,obsr16646,2010-07-25 12:35:00,2010,7,25,12,35
178.7565816,-17.9731166,Red-footed Booby,Sula sula,NA,NA,237,NY,Mabualau Island,2010-08-18,14:30:00,obsr332956,2010-08-18 14:30:00,2010,8,18,14,30
178.4406066,-18.1619228,Great Crested Tern,Thalasseus bergii,NA,NA,30,NA,Suva Pt.--East of Fringing Reef,2010-09-25,13:00:00,obsr230624,2010-09-25 13:00:00,2010,9,25,13,0
178.4406066,-18.1619228,Lesser Frigatebird,Fregata ariel,NA,NA,1,NA,Suva Pt.--East of Fringing Reef,2010-09-25,13:00:00,obsr230624,2010-09-25 13:00:00,2010,9,25,13,0
178.9514762,-17.44578,Great Crested Tern,Thalasseus bergii,NA,NA,6,NA,The cetacean seat,2010-09-19,NA,obsr617867,2010-09-19 NA,2010,9,19,NA,NA
178.4406066,-18.1619228,Great Crested Tern,Thalasseus bergii,NA,NA,13,NA,Suva Pt.--East of Fringing Reef,2010-10-03,11:00:00,obsr230624,2010-10-03 11:00:00,2010,10,3,11,0
178.4406066,-18.1619228,Lesser Frigatebird,Fregata ariel,NA,NA,2,NA,Suva Pt.--East of Fringing Reef,2010-10-03,11:00:00,obsr230624,2010-10-03 11:00:00,2010,10,3,11,0
178.9911461,-17.5961177,Brown Booby,Sula leucogaster,NA,NA,1,NA,Wakaya,2010-10-09,NA,obsr107855,2010-10-09 NA,2010,10,9,NA,NA
178.9911461,-17.5961177,White-tailed Tropicbird,Phaethon lepturus,NA,NA,2,NA,Wakaya,2010-10-09,NA,obsr107855,2010-10-09 NA,2010,10,9,NA,NA
178.4684372,-17.3195042,Black Noddy,Anous minutus,NA,NA,150,NA,Vatu-i-Ra,2010-10-03,16:30:00,obsr107855,2010-10-03 16:30:00,2010,10,3,16,30
178.4684372,-17.3195042,Brown Booby,Sula leucogaster,NA,NA,25,NA,Vatu-i-Ra,2010-10-03,16:30:00,obsr107855,2010-10-03 16:30:00,2010,10,3,16,30
178.4684372,-17.3195042,Brown Noddy,Anous stolidus,NA,NA,300,NA,Vatu-i-Ra,2010-10-03,16:30:00,obsr107855,2010-10-03 16:30:00,2010,10,3,16,30
178.4684372,-17.3195042,Lesser Frigatebird,Fregata ariel,NA,NA,200,NA,Vatu-i-Ra,2010-10-03,16:30:00,obsr107855,2010-10-03 16:30:00,2010,10,3,16,30
178.4684372,-17.3195042,Red-footed Booby,Sula sula,NA,NA,500,NA,Vatu-i-Ra,2010-10-03,16:30:00,obsr107855,2010-10-03 16:30:00,2010,10,3,16,30
178.21,-18.985,Lesser Frigatebird,Fregata ariel,NA,NA,1,NA,Naikorokoro,2010-12-16,08:00:00,obsr16646,2010-12-16 08:00:00,2010,12,16,8,0
178.21,-18.985,Red-footed Booby,Sula sula,NA,NA,5,NA,Naikorokoro,2010-12-11,07:30:00,obsr16646,2010-12-11 07:30:00,2010,12,11,7,30
178.4406066,-18.1619228,Black-naped Tern,Sterna sumatrana,NA,NA,3,NA,Suva Pt.--East of Fringing Reef,2011-01-23,13:15:00,obsr230624,2011-01-23 13:15:00,2011,1,23,13,15
178.4950278,-17.5981389,Great Crested Tern,Thalasseus bergii,NA,NA,9,NA,Nataleira,2011-01-26,15:00:00,obsr230624,2011-01-26 15:00:00,2011,1,26,15,0
178.4406066,-18.1619228,Great Crested Tern,Thalasseus bergii,NA,NA,10,NA,Suva Pt.--East of Fringing Reef,2011-01-23,13:15:00,obsr230624,2011-01-23 13:15:00,2011,1,23,13,15
178.4950278,-17.5981389,Lesser Frigatebird,Fregata ariel,NA,NA,1,NA,Nataleira,2011-01-26,15:00:00,obsr230624,2011-01-26 15:00:00,2011,1,26,15,0
178.4684372,-17.3195042,Black Noddy,Anous minutus,NA,NA,20000,NA,Vatu-i-Ra,2011-01-27,11:00:00,obsr230624,2011-01-27 11:00:00,2011,1,27,11,0
178.4684372,-17.3195042,Black-naped Tern,Sterna sumatrana,NA,NA,20,NA,Vatu-i-Ra,2011-01-27,11:00:00,obsr230624,2011-01-27 11:00:00,2011,1,27,11,0
178.4684372,-17.3195042,Bridled Tern,Onychoprion anaethetus,NA,NA,600,NA,Vatu-i-Ra,2011-01-27,11:00:00,obsr230624,2011-01-27 11:00:00,2011,1,27,11,0
178.4684372,-17.3195042,Brown Booby,Sula leucogaster,NA,NA,5,NA,Vatu-i-Ra,2011-01-27,11:00:00,obsr230624,2011-01-27 11:00:00,2011,1,27,11,0
178.4684372,-17.3195042,Brown Noddy,Anous stolidus,NA,NA,80,NA,Vatu-i-Ra,2011-01-27,11:00:00,obsr230624,2011-01-27 11:00:00,2011,1,27,11,0
178.4684372,-17.3195042,Great Crested Tern,Thalasseus bergii,NA,NA,20,NA,Vatu-i-Ra,2011-01-27,11:00:00,obsr230624,2011-01-27 11:00:00,2011,1,27,11,0
178.4684372,-17.3195042,Lesser Frigatebird,Fregata ariel,NA,NA,50,NA,Vatu-i-Ra,2011-01-27,11:00:00,obsr230624,2011-01-27 11:00:00,2011,1,27,11,0
178.4684372,-17.3195042,Red-footed Booby,Sula sula,NA,NA,300,NA,Vatu-i-Ra,2011-01-27,11:00:00,obsr230624,2011-01-27 11:00:00,2011,1,27,11,0
178.4406066,-18.1619228,Great Crested Tern,Thalasseus bergii,NA,NA,1,NA,Suva Pt.--East of Fringing Reef,2011-02-26,11:45:00,obsr230624,2011-02-26 11:45:00,2011,2,26,11,45
178.4568796,-18.1431245,Great Crested Tern,Thalasseus bergii,NA,NA,1,NA,Nacara Street,2011-03-12,16:00:00,obsr230624,2011-03-12 16:00:00,2011,3,12,16,0
178.4406066,-18.1619228,Great Crested Tern,Thalasseus bergii,NA,NA,8,NA,Suva Pt.--East of Fringing Reef,2011-03-12,07:40:00,obsr230624,2011-03-12 07:40:00,2011,3,12,7,40
178.4406066,-18.1619228,Great Crested Tern,Thalasseus bergii,NA,NA,16,NA,Suva Pt.--East of Fringing Reef,2011-03-27,08:50:00,obsr230624,2011-03-27 08:50:00,2011,3,27,8,50
178.4406066,-18.1619228,Great Crested Tern,Thalasseus bergii,NA,NA,70,NA,Suva Pt.--East of Fringing Reef,2011-03-19,07:45:00,obsr230624,2011-03-19 07:45:00,2011,3,19,7,45
178.4406066,-18.1619228,Lesser Frigatebird,Fregata ariel,NA,NA,1,NA,Suva Pt.--East of Fringing Reef,2011-03-27,08:50:00,obsr230624,2011-03-27 08:50:00,2011,3,27,8,50
178.4568796,-18.1431245,Lesser Frigatebird,Fregata ariel,NA,NA,5,NA,Nacara Street,2011-03-12,16:00:00,obsr230624,2011-03-12 16:00:00,2011,3,12,16,0
178.4666138,-17.3154026,Great Crested Tern,Thalasseus bergii,NA,NA,500,NA,Vatu-i-Ra Island,2011-03-03,11:00:00,obsr293445,2011-03-03 11:00:00,2011,3,3,11,0
178.4406066,-18.1619228,Great Crested Tern,Thalasseus bergii,NA,NA,25,NA,Suva Pt.--East of Fringing Reef,2011-04-03,09:45:00,obsr230624,2011-04-03 09:45:00,2011,4,3,9,45
178.4406066,-18.1619228,Lesser Frigatebird,Fregata ariel,NA,NA,1,NA,Suva Pt.--East of Fringing Reef,2011-04-03,09:15:00,obsr230624,2011-04-03 09:15:00,2011,4,3,9,15
178.2461183,-17.9453123,Lesser Frigatebird,Fregata ariel,Lesser Frigatebird (Lesser),Fregata ariel ariel/iredalei,1,NA,Viti Levu,2011-04-30,NA,obsr731943,2011-04-30 NA,2011,4,30,NA,NA
179.691834,-18.488659,Brown Noddy,Anous stolidus,NA,NA,1,NA,Yasayasa Moala45,2011-04-28,07:15:00,obsr332956,2011-04-28 07:15:00,2011,4,28,7,15
179.708217,-18.49197,Collared Petrel,Pterodroma brevipes,NA,NA,1,NA,Yasayasa Moala46,2011-04-28,07:25:00,obsr332956,2011-04-28 07:25:00,2011,4,28,7,25
179.691834,-18.488659,Lesser Frigatebird,Fregata ariel,NA,NA,1,NA,Yasayasa Moala45,2011-04-28,07:15:00,obsr332956,2011-04-28 07:15:00,2011,4,28,7,15
179.708217,-18.49197,Lesser Frigatebird,Fregata ariel,NA,NA,1,NA,Yasayasa Moala46,2011-04-28,07:25:00,obsr332956,2011-04-28 07:25:00,2011,4,28,7,25
179.708217,-18.49197,Red-footed Booby,Sula sula,NA,NA,1,NA,Yasayasa Moala46,2011-04-28,07:25:00,obsr332956,2011-04-28 07:25:00,2011,4,28,7,25
179.607687,-18.481022,Red-footed Booby,Sula sula,NA,NA,1,NA,Yasayasa Moala41,2011-04-28,06:34:00,obsr332956,2011-04-28 06:34:00,2011,4,28,6,34
178.753198,-18.355465,Black Noddy,Anous minutus,NA,NA,1,NA,Yasayasa Moala36,2011-05-08,16:49:00,obsr332956,2011-05-08 16:49:00,2011,5,8,16,49
178.957861,-18.456611,Brown Noddy,Anous stolidus,NA,NA,4,NA,Yasayasa Moala35,2011-05-08,14:55:00,obsr332956,2011-05-08 14:55:00,2011,5,8,14,55
178.694932,-18.318975,Brown Noddy,Anous stolidus,NA,NA,3,NA,Yasayasa Moala40,2011-05-08,17:27:00,obsr332956,2011-05-08 17:27:00,2011,5,8,17,27
178.753198,-18.355465,Collared Petrel,Pterodroma brevipes,NA,NA,1,NA,Yasayasa Moala36,2011-05-08,16:49:00,obsr332956,2011-05-08 16:49:00,2011,5,8,16,49
178.739064,-18.346446,Mottled Petrel,Pterodroma inexpectata,NA,NA,1,NA,Yasayasa Moala37,2011-05-08,16:59:00,obsr332956,2011-05-08 16:59:00,2011,5,8,16,59
178.739064,-18.346446,Red-footed Booby,Sula sula,NA,NA,6,NA,Yasayasa Moala37,2011-05-08,16:59:00,obsr332956,2011-05-08 16:59:00,2011,5,8,16,59
179.405628,-18.785901,Black-winged Petrel,Pterodroma nigripennis,NA,NA,1,NA,Yasayasa Moala12,2011-05-08,08:05:00,obsr332956,2011-05-08 08:05:00,2011,5,8,8,5
179.432163,-18.739145,Brown Noddy,Anous stolidus,NA,NA,1,NA,Yasayasa Moala9,2011-05-08,07:35:00,obsr332956,2011-05-08 07:35:00,2011,5,8,7,35
179.054208,-18.498113,Brown Noddy,Anous stolidus,NA,NA,1,NA,Yasayasa Moala30,2011-05-08,14:05:00,obsr332956,2011-05-08 14:05:00,2011,5,8,14,5
179.513231,-18.689379,Collared Petrel,Pterodroma brevipes,NA,NA,1,NA,Yasayasa Moala4,2011-05-08,06:45:00,obsr332956,2011-05-08 06:45:00,2011,5,8,6,45
179.506792,-18.704727,Collared Petrel,Pterodroma brevipes,NA,NA,1,NA,Yasayasa Moala3,2011-05-08,06:35:00,obsr332956,2011-05-08 06:35:00,2011,5,8,6,35
179.406035,-18.745792,Collared Petrel,Pterodroma brevipes,NA,NA,1,NA,Yasayasa Moala16,2011-05-08,08:45:00,obsr332956,2011-05-08 08:45:00,2011,5,8,8,45
179.405226,-18.717218,Kermadec Petrel,Pterodroma neglecta,NA,NA,1,NA,Yasayasa Moala19,2011-05-08,09:15:00,obsr332956,2011-05-08 09:15:00,2011,5,8,9,15
178.977336,-18.464592,Red-footed Booby,Sula sula,NA,NA,2,NA,Yasayasa Moala34,2011-05-08,14:45:00,obsr332956,2011-05-08 14:45:00,2011,5,8,14,45
179.43954,-18.723192,Red-footed Booby,Sula sula,NA,NA,1,NA,Yasayasa Moala8,2011-05-08,07:25:00,obsr332956,2011-05-08 07:25:00,2011,5,8,7,25
179.406418,-18.756352,Red-footed Booby,Sula sula,NA,NA,3,NA,Yasayasa Moala15,2011-05-08,08:35:00,obsr332956,2011-05-08 08:35:00,2011,5,8,8,35
179.99119,-18.995413,Red-footed Booby,Sula sula,NA,NA,1,NA,Totoya-Matuku6,2011-05-04,12:21:00,obsr332956,2011-05-04 12:21:00,2011,5,4,12,21
179.406962,-18.73798,Red-footed Booby,Sula sula,NA,NA,1,NA,Yasayasa Moala17,2011-05-08,08:55:00,obsr332956,2011-05-08 08:55:00,2011,5,8,8,55
179.092013,-18.515738,Sooty Shearwater,Ardenna grisea,NA,NA,2,NA,Yasayasa Moala28,2011-05-08,13:45:00,obsr332956,2011-05-08 13:45:00,2011,5,8,13,45
179.200591,-18.57371,Sooty Shearwater,Ardenna grisea,NA,NA,1,NA,Yasayasa Moala24,2011-05-08,12:45:00,obsr332956,2011-05-08 12:45:00,2011,5,8,12,45
179.200591,-18.57371,Tahiti Petrel,Pseudobulweria rostrata,NA,NA,1,NA,Yasayasa Moala24,2011-05-08,12:45:00,obsr332956,2011-05-08 12:45:00,2011,5,8,12,45
179.406962,-18.73798,Wedge-tailed Shearwater,Ardenna pacifica,NA,NA,1,NA,Yasayasa Moala17,2011-05-08,08:55:00,obsr332956,2011-05-08 08:55:00,2011,5,8,8,55
179.493694,-18.694275,Wedge-tailed Shearwater,Ardenna pacifica,NA,NA,3,NA,Yasayasa Moala5,2011-05-08,06:55:00,obsr332956,2011-05-08 06:55:00,2011,5,8,6,55
179.035047,-18.489628,Wedge-tailed Shearwater,Ardenna pacifica,NA,NA,6,NA,Yasayasa Moala31,2011-05-08,14:15:00,obsr332956,2011-05-08 14:15:00,2011,5,8,14,15
178.996649,-18.473345,Wedge-tailed Shearwater,Ardenna pacifica,NA,NA,2,NA,Yasayasa Moala33,2011-05-08,14:35:00,obsr332956,2011-05-08 14:35:00,2011,5,8,14,35
179.054208,-18.498113,Wedge-tailed Shearwater,Ardenna pacifica,NA,NA,7,NA,Yasayasa Moala30,2011-05-08,14:05:00,obsr332956,2011-05-08 14:05:00,2011,5,8,14,5
179.45245,-18.709569,Wedge-tailed Shearwater,Ardenna pacifica,NA,NA,1,NA,Yasayasa Moala7,2011-05-08,07:15:00,obsr332956,2011-05-08 07:15:00,2011,5,8,7,15
179.405226,-18.717218,Wedge-tailed Shearwater,Ardenna pacifica,NA,NA,4,NA,Yasayasa Moala19,2011-05-08,09:15:00,obsr332956,2011-05-08 09:15:00,2011,5,8,9,15
179.405721,-18.70834,Wedge-tailed Shearwater,Ardenna pacifica,NA,NA,3,NA,Yasayasa Moala20,2011-05-08,09:25:00,obsr332956,2011-05-08 09:25:00,2011,5,8,9,25
179.111084,-18.526391,Wedge-tailed Shearwater,Ardenna pacifica,NA,NA,2,NA,Yasayasa Moala27,2011-05-08,13:35:00,obsr332956,2011-05-08 13:35:00,2011,5,8,13,35
179.43954,-18.723192,White-tailed Tropicbird,Phaethon lepturus,NA,NA,1,NA,Yasayasa Moala8,2011-05-08,07:25:00,obsr332956,2011-05-08 07:25:00,2011,5,8,7,25
178.7566059,-17.9730631,Brown Booby,Sula leucogaster,NA,NA,5,NA,Mabualau,2011-06-07,14:30:00,obsr230624,2011-06-07 14:30:00,2011,6,7,14,30
178.7566059,-17.9730631,Great Crested Tern,Thalasseus bergii,NA,NA,2,NA,Mabualau,2011-06-07,14:30:00,obsr230624,2011-06-07 14:30:00,2011,6,7,14,30
178.4353065,-18.1638557,Great Crested Tern,Thalasseus bergii,NA,NA,3,NA,Suva Pt.,2011-06-08,NA,obsr539490,2011-06-08 NA,2011,6,8,NA,NA
178.4406066,-18.1619228,Great Crested Tern,Thalasseus bergii,NA,NA,17,NA,Suva Pt.--East of Fringing Reef,2011-06-25,10:10:00,obsr230624,2011-06-25 10:10:00,2011,6,25,10,10
178.4406066,-18.1619228,Great Crested Tern,Thalasseus bergii,NA,NA,12,NA,Suva Pt.--East of Fringing Reef,2011-06-17,15:40:00,obsr230624,2011-06-17 15:40:00,2011,6,17,15,40
178.4406066,-18.1619228,Great Crested Tern,Thalasseus bergii,NA,NA,26,NA,Suva Pt.--East of Fringing Reef,2011-06-11,16:30:00,obsr230624,2011-06-11 16:30:00,2011,6,11,16,30
178.7566059,-17.9730631,Red-footed Booby,Sula sula,NA,NA,20,NA,Mabualau,2011-06-07,14:30:00,obsr230624,2011-06-07 14:30:00,2011,6,7,14,30
178.63947,-18.384137,Black Noddy,Anous minutus,NA,NA,3,NA,Southern Lau7,2011-07-05,14:55:00,obsr332956,2011-07-05 14:55:00,2011,7,5,14,55
178.744243,-18.468452,Black Noddy,Anous minutus,NA,NA,10,NA,Southern Lau12,2011-07-05,15:45:00,obsr332956,2011-07-05 15:45:00,2011,7,5,15,45
178.677665,-18.412987,Bridled Tern,Onychoprion anaethetus,NA,NA,2,NA,Southern Lau9,2011-07-05,15:15:00,obsr332956,2011-07-05 15:15:00,2011,7,5,15,15
178.4406066,-18.1619228,Brown Booby,Sula leucogaster,NA,NA,1,NA,Suva Pt.--East of Fringing Reef,2011-07-16,13:45:00,obsr230624,2011-07-16 13:45:00,2011,7,16,13,45
178.744243,-18.468452,Brown Noddy,Anous stolidus,NA,NA,5,NA,Southern Lau12,2011-07-05,15:45:00,obsr332956,2011-07-05 15:45:00,2011,7,5,15,45
178.4406066,-18.1619228,Great Crested Tern,Thalasseus bergii,NA,NA,11,NA,Suva Pt.--East of Fringing Reef,2011-07-30,14:00:00,obsr230624,2011-07-30 14:00:00,2011,7,30,14,0
178.4406066,-18.1619228,Great Crested Tern,Thalasseus bergii,NA,NA,17,NA,Suva Pt.--East of Fringing Reef,2011-07-16,13:45:00,obsr230624,2011-07-16 13:45:00,2011,7,16,13,45
178.4406066,-18.1619228,Great Crested Tern,Thalasseus bergii,NA,NA,37,NA,Suva Pt.--East of Fringing Reef,2011-07-23,07:50:00,obsr230624,2011-07-23 07:50:00,2011,7,23,7,50
178.4406066,-18.1619228,Great Crested Tern,Thalasseus bergii,NA,NA,38,NA,Suva Pt.--East of Fringing Reef,2011-07-09,08:40:00,obsr230624,2011-07-09 08:40:00,2011,7,9,8,40
178.4406066,-18.1619228,Lesser Frigatebird,Fregata ariel,NA,NA,1,NA,Suva Pt.--East of Fringing Reef,2011-07-09,08:40:00,obsr230624,2011-07-09 08:40:00,2011,7,9,8,40
178.4406066,-18.1619228,Lesser Frigatebird,Fregata ariel,NA,NA,5,NA,Suva Pt.--East of Fringing Reef,2011-07-30,14:00:00,obsr230624,2011-07-30 14:00:00,2011,7,30,14,0
178.4406066,-18.1619228,Lesser Frigatebird,Fregata ariel,NA,NA,2,NA,Suva Pt.--East of Fringing Reef,2011-07-16,13:45:00,obsr230624,2011-07-16 13:45:00,2011,7,16,13,45
178.744243,-18.468452,Red-footed Booby,Sula sula,NA,NA,4,NA,Southern Lau12,2011-07-05,15:45:00,obsr332956,2011-07-05 15:45:00,2011,7,5,15,45
178.744243,-18.468452,White-tailed Tropicbird,Phaethon lepturus,NA,NA,1,NA,Southern Lau12,2011-07-05,15:45:00,obsr332956,2011-07-05 15:45:00,2011,7,5,15,45
179.1320801,-18.8023181,Black-winged Petrel,Pterodroma nigripennis,NA,NA,1,NA,Lau Trader--between Suva and Ono-I-Lau,2011-07-05,13:00:00,obsr16646,2011-07-05 13:00:00,2011,7,5,13,0
179.1320801,-18.8023181,Black Noddy,Anous minutus,NA,NA,350,NA,Lau Trader--between Suva and Ono-I-Lau,2011-07-05,13:00:00,obsr16646,2011-07-05 13:00:00,2011,7,5,13,0
179.1320801,-18.8023181,Brown Booby,Sula leucogaster,NA,NA,2,NA,Lau Trader--between Suva and Ono-I-Lau,2011-07-05,13:00:00,obsr16646,2011-07-05 13:00:00,2011,7,5,13,0
178.903108,-18.603057,Brown Noddy,Anous stolidus,NA,NA,1,NA,Southern Lau21,2011-07-05,17:15:00,obsr332956,2011-07-05 17:15:00,2011,7,5,17,15
179.1320801,-18.8023181,Brown Noddy,Anous stolidus,NA,NA,8,NA,Lau Trader--between Suva and Ono-I-Lau,2011-07-05,13:00:00,obsr16646,2011-07-05 13:00:00,2011,7,5,13,0
178.937955,-18.632936,Collared Petrel,Pterodroma brevipes,NA,NA,1,NA,Southern Lau23,2011-07-05,17:35:00,obsr332956,2011-07-05 17:35:00,2011,7,5,17,35
179.1320801,-18.8023181,Lesser Frigatebird,Fregata ariel,NA,NA,2,NA,Lau Trader--between Suva and Ono-I-Lau,2011-07-05,13:00:00,obsr16646,2011-07-05 13:00:00,2011,7,5,13,0
178.773291,-18.494375,Lesser Frigatebird,Fregata ariel,NA,NA,1,NA,Southern Lau14,2011-07-05,16:05:00,obsr332956,2011-07-05 16:05:00,2011,7,5,16,5
178.808092,-18.524193,Red-footed Booby,Sula sula,NA,NA,2,NA,Southern Lau16,2011-07-05,16:25:00,obsr332956,2011-07-05 16:25:00,2011,7,5,16,25
179.1320801,-18.8023181,Red-footed Booby,Sula sula,NA,NA,75,NA,Lau Trader--between Suva and Ono-I-Lau,2011-07-05,13:00:00,obsr16646,2011-07-05 13:00:00,2011,7,5,13,0
178.903108,-18.603057,Sooty Tern,Onychoprion fuscatus,NA,NA,1,NA,Southern Lau21,2011-07-05,17:15:00,obsr332956,2011-07-05 17:15:00,2011,7,5,17,15
179.1320801,-18.8023181,Sooty Tern,Onychoprion fuscatus,NA,NA,1,NA,Lau Trader--between Suva and Ono-I-Lau,2011-07-05,13:00:00,obsr16646,2011-07-05 13:00:00,2011,7,5,13,0
179.1320801,-18.8023181,Tropical Shearwater,Puffinus bailloni,NA,NA,3,NA,Lau Trader--between Suva and Ono-I-Lau,2011-07-05,13:00:00,obsr16646,2011-07-05 13:00:00,2011,7,5,13,0
178.937955,-18.632936,Tropical Shearwater,Puffinus bailloni,NA,NA,3,NA,Southern Lau23,2011-07-05,17:35:00,obsr332956,2011-07-05 17:35:00,2011,7,5,17,35
179.1320801,-18.8023181,White-tailed Tropicbird,Phaethon lepturus,NA,NA,1,NA,Lau Trader--between Suva and Ono-I-Lau,2011-07-05,13:00:00,obsr16646,2011-07-05 13:00:00,2011,7,5,13,0
179.92695,-18.5572391,Black Noddy,Anous minutus,NA,NA,35,NA,Moala Island--Oneba Pt. Wharf,2011-08-02,21:00:00,obsr16646,2011-08-02 21:00:00,2011,8,2,21,0
179.3243408,-18.1279072,Black-naped Tern,Sterna sumatrana,NA,NA,2,NA,"Gau, Fiji; Lagoon Near Airport",2011-08-02,11:00:00,obsr47423,2011-08-02 11:00:00,2011,8,2,11,0
179.265976,-17.9952235,Black-naped Tern,Sterna sumatrana,NA,NA,2,NA,Saiweke to Dicks Spotlighting Spot,2011-08-03,08:30:00,obsr47423,2011-08-03 08:30:00,2011,8,3,8,30
179.265976,-17.9952235,Great Crested Tern,Thalasseus bergii,NA,NA,2,NA,Saiweke to Dicks Spotlighting Spot,2011-08-03,08:30:00,obsr47423,2011-08-03 08:30:00,2011,8,3,8,30
179.3243408,-18.1279072,Great Crested Tern,Thalasseus bergii,NA,NA,5,NA,"Gau, Fiji; Lagoon Near Airport",2011-08-02,11:00:00,obsr47423,2011-08-02 11:00:00,2011,8,2,11,0
179.92385,-18.56339,Great Crested Tern,Thalasseus bergii,NA,NA,3,NA,Moala Island,2011-08-01,14:00:00,obsr16646,2011-08-01 14:00:00,2011,8,1,14,0
179.92695,-18.5572391,Great Crested Tern,Thalasseus bergii,NA,NA,3,NA,Moala Island--Oneba Pt. Wharf,2011-08-02,09:00:00,obsr16646,2011-08-02 09:00:00,2011,8,2,9,0
179.92695,-18.5572391,Lesser Frigatebird,Fregata ariel,NA,NA,17,NA,Moala Island--Oneba Pt. Wharf,2011-08-02,09:00:00,obsr16646,2011-08-02 09:00:00,2011,8,2,9,0
178.4406066,-18.1619228,Black-naped Tern,Sterna sumatrana,NA,NA,1,NA,Suva Pt.--East of Fringing Reef,2011-09-10,12:40:00,obsr230624,2011-09-10 12:40:00,2011,9,10,12,40
178.4406066,-18.1619228,Great Crested Tern,Thalasseus bergii,NA,NA,12,NA,Suva Pt.--East of Fringing Reef,2011-09-10,12:40:00,obsr230624,2011-09-10 12:40:00,2011,9,10,12,40
178.4406066,-18.1619228,Great Crested Tern,Thalasseus bergii,NA,NA,25,NA,Suva Pt.--East of Fringing Reef,2011-09-25,12:10:00,obsr230624,2011-09-25 12:10:00,2011,9,25,12,10
178.4353065,-18.1638557,Great Crested Tern,Thalasseus bergii,NA,NA,2,NA,Suva Pt.,2011-09-19,13:30:00,obsr293781,2011-09-19 13:30:00,2011,9,19,13,30
178.4406066,-18.1619228,Great Crested Tern,Thalasseus bergii,NA,NA,40,NA,Suva Pt.--East of Fringing Reef,2011-09-04,06:55:00,obsr230624,2011-09-04 06:55:00,2011,9,4,6,55
178.4406066,-18.1619228,Lesser Frigatebird,Fregata ariel,NA,NA,1,NA,Suva Pt.--East of Fringing Reef,2011-09-10,12:40:00,obsr230624,2011-09-10 12:40:00,2011,9,10,12,40
178.4406066,-18.1619228,Lesser Frigatebird,Fregata ariel,NA,NA,3,NA,Suva Pt.--East of Fringing Reef,2011-09-25,12:10:00,obsr230624,2011-09-25 12:10:00,2011,9,25,12,10
178.4277149,-18.1257818,Black-naped Tern,Sterna sumatrana,NA,NA,1,NA,"Walu Bay, Suva",2011-10-25,18:32:00,obsr230624,2011-10-25 18:32:00,2011,10,25,18,32
178.4277149,-18.1257818,Brown Noddy,Anous stolidus,NA,NA,1,NA,"Walu Bay, Suva",2011-10-25,18:32:00,obsr230624,2011-10-25 18:32:00,2011,10,25,18,32
178.4174538,-18.13117,Brown Noddy,Anous stolidus,NA,NA,3,NA,Suva Harbor,2011-10-25,18:42:00,obsr230624,2011-10-25 18:42:00,2011,10,25,18,42
178.4406066,-18.1619228,Great Crested Tern,Thalasseus bergii,NA,NA,10,NA,Suva Pt.--East of Fringing Reef,2011-10-15,16:00:00,obsr230624,2011-10-15 16:00:00,2011,10,15,16,0
178.4277149,-18.1257818,Great Crested Tern,Thalasseus bergii,NA,NA,9,NA,"Walu Bay, Suva",2011-10-25,18:32:00,obsr230624,2011-10-25 18:32:00,2011,10,25,18,32
178.4174538,-18.13117,Great Crested Tern,Thalasseus bergii,NA,NA,12,NA,Suva Harbor,2011-10-25,18:42:00,obsr230624,2011-10-25 18:42:00,2011,10,25,18,42
178.4406066,-18.1619228,Lesser Frigatebird,Fregata ariel,NA,NA,1,NA,Suva Pt.--East of Fringing Reef,2011-10-15,16:00:00,obsr230624,2011-10-15 16:00:00,2011,10,15,16,0
179.28552,-17.03305,Bridled Tern,Onychoprion anaethetus,NA,NA,2,NA,Koro to Savusavu,2011-10-26,06:23:00,obsr230624,2011-10-26 06:23:00,2011,10,26,6,23
179.28552,-17.03305,Brown Noddy,Anous stolidus,NA,NA,12,NA,Koro to Savusavu,2011-10-30,18:07:00,obsr230624,2011-10-30 18:07:00,2011,10,30,18,7
179.28552,-17.03305,Lesser Frigatebird,Fregata ariel,NA,NA,1,NA,Koro to Savusavu,2011-10-30,18:07:00,obsr230624,2011-10-30 18:07:00,2011,10,30,18,7
179.28552,-17.03305,Red-footed Booby,Sula sula,NA,NA,1,NA,Koro to Savusavu,2011-10-26,06:23:00,obsr230624,2011-10-26 06:23:00,2011,10,26,6,23
179.28552,-17.03305,Red-footed Booby,Sula sula,NA,NA,66,NA,Koro to Savusavu,2011-10-30,18:07:00,obsr230624,2011-10-30 18:07:00,2011,10,30,18,7
179.09849,-17.1111318,Red-footed Booby,Sula sula,NA,NA,70,NY,Namena Island,2011-10-05,04:00:00,obsr237802,2011-10-05 04:00:00,2011,10,5,4,0
179.28552,-17.03305,Tropical Shearwater,Puffinus bailloni,NA,NA,1,NA,Koro to Savusavu,2011-10-26,06:23:00,obsr230624,2011-10-26 06:23:00,2011,10,26,6,23
179.28552,-17.03305,White-tailed Tropicbird,Phaethon lepturus,NA,NA,1,NA,Koro to Savusavu,2011-10-26,06:23:00,obsr230624,2011-10-26 06:23:00,2011,10,26,6,23
178.92252,-18.15807,Black Noddy,Anous minutus,NA,NA,1,NA,Boat Suva to Gau,2011-11-19,15:53:00,obsr230624,2011-11-19 15:53:00,2011,11,19,15,53
178.58759,-18.20354,Black Noddy,Anous minutus,NA,NA,1,NA,Boat Suva to Gau,2011-11-21,17:25:00,obsr230624,2011-11-21 17:25:00,2011,11,21,17,25
178.4406066,-18.1619228,Black-naped Tern,Sterna sumatrana,NA,NA,2,NA,Suva Pt.--East of Fringing Reef,2011-11-06,12:00:00,obsr230624,2011-11-06 12:00:00,2011,11,6,12,0
178.4406066,-18.1619228,Black-naped Tern,Sterna sumatrana,NA,NA,2,NA,Suva Pt.--East of Fringing Reef,2011-11-12,15:00:00,obsr230624,2011-11-12 15:00:00,2011,11,12,15,0
178.4406066,-18.1619228,Black-naped Tern,Sterna sumatrana,NA,NA,2,NA,Suva Pt.--East of Fringing Reef,2011-11-27,15:00:00,obsr230624,2011-11-27 15:00:00,2011,11,27,15,0
178.40953,-18.15109,Black-naped Tern,Sterna sumatrana,NA,NA,12,N,Boat Suva to Gau,2011-11-19,08:30:00,obsr230624,2011-11-19 08:30:00,2011,11,19,8,30
178.63756,-18.20494,Bridled Tern,Onychoprion anaethetus,NA,NA,2,NA,Boat Suva to Gau,2011-11-21,17:05:00,obsr230624,2011-11-21 17:05:00,2011,11,21,17,5
178.82447,-18.15919,Brown Booby,Sula leucogaster,NA,NA,15,NA,Boat Suva to Gau,2011-11-19,11:58:00,obsr230624,2011-11-19 11:58:00,2011,11,19,11,58
178.7346,-18.16445,Brown Noddy,Anous stolidus,NA,NA,1,NA,Boat Suva to Gau,2011-11-19,11:18:00,obsr230624,2011-11-19 11:18:00,2011,11,19,11,18
178.77566,-18.18975,Collared Petrel,Pterodroma brevipes,Collared Petrel (Collared),Pterodroma brevipes brevipes,1,NA,Boat Suva to Gau,2011-11-21,16:05:00,obsr230624,2011-11-21 16:05:00,2011,11,21,16,5
178.48063,-18.16708,Great Crested Tern,Thalasseus bergii,NA,NA,1,NA,Boat Suva to Gau,2011-11-19,09:10:00,obsr230624,2011-11-19 09:10:00,2011,11,19,9,10
178.54584,-18.18858,Great Crested Tern,Thalasseus bergii,NA,NA,1,NA,Boat Suva to Gau,2011-11-21,17:45:00,obsr230624,2011-11-21 17:45:00,2011,11,21,17,45
178.4406066,-18.1619228,Great Crested Tern,Thalasseus bergii,NA,NA,41,NA,Suva Pt.--East of Fringing Reef,2011-11-06,12:00:00,obsr230624,2011-11-06 12:00:00,2011,11,6,12,0
178.4406066,-18.1619228,Great Crested Tern,Thalasseus bergii,NA,NA,12,NA,Suva Pt.--East of Fringing Reef,2011-11-12,15:00:00,obsr230624,2011-11-12 15:00:00,2011,11,12,15,0
178.51525,-18.18171,Lesser Frigatebird,Fregata ariel,NA,NA,3,NA,Boat Suva to Gau,2011-11-19,09:30:00,obsr230624,2011-11-19 09:30:00,2011,11,19,9,30
178.4406066,-18.1619228,Lesser Frigatebird,Fregata ariel,NA,NA,1,NA,Suva Pt.--East of Fringing Reef,2011-11-27,15:00:00,obsr230624,2011-11-27 15:00:00,2011,11,27,15,0
178.4406066,-18.1619228,Lesser Frigatebird,Fregata ariel,NA,NA,1,NA,Suva Pt.--East of Fringing Reef,2011-11-12,15:00:00,obsr230624,2011-11-12 15:00:00,2011,11,12,15,0
178.77566,-18.18975,Lesser Frigatebird,Fregata ariel,NA,NA,1,NA,Boat Suva to Gau,2011-11-21,16:05:00,obsr230624,2011-11-21 16:05:00,2011,11,21,16,5
178.77617,-18.15825,Red-footed Booby,Sula sula,NA,NA,1,NA,Boat Suva to Gau,2011-11-19,11:38:00,obsr230624,2011-11-19 11:38:00,2011,11,19,11,38
178.8691,-18.191,Red-footed Booby,Sula sula,NA,NA,2,NA,Boat Suva to Gau,2011-11-21,15:25:00,obsr230624,2011-11-21 15:25:00,2011,11,21,15,25
178.68126,-18.19398,Sooty Shearwater,Ardenna grisea,NA,NA,2,NA,Boat Suva to Gau,2011-11-21,16:45:00,obsr230624,2011-11-21 16:45:00,2011,11,21,16,45
178.82447,-18.15919,Sooty Tern,Onychoprion fuscatus,NA,NA,10,NA,Boat Suva to Gau,2011-11-19,11:58:00,obsr230624,2011-11-19 11:58:00,2011,11,19,11,58
178.96665,-18.085,Sooty Tern,Onychoprion fuscatus,NA,NA,3,NA,Boat Suva to Gau,2011-11-21,14:45:00,obsr230624,2011-11-21 14:45:00,2011,11,21,14,45
178.77566,-18.18975,Tahiti Petrel,Pseudobulweria rostrata,NA,NA,1,NA,Boat Suva to Gau,2011-11-21,16:05:00,obsr230624,2011-11-21 16:05:00,2011,11,21,16,5
178.82447,-18.15919,Wedge-tailed Shearwater,Ardenna pacifica,NA,NA,4,NA,Boat Suva to Gau,2011-11-19,11:58:00,obsr230624,2011-11-19 11:58:00,2011,11,19,11,58
178.68126,-18.19398,White-necked Petrel,Pterodroma cervicalis,NA,NA,1,NA,Boat Suva to Gau,2011-11-21,16:45:00,obsr230624,2011-11-21 16:45:00,2011,11,21,16,45
179.1951903,-18.177823,Black Noddy,Anous minutus,NA,NA,150,NA,Gau Chum 2 to Chum 3,2011-11-20,16:00:00,obsr230624,2011-11-20 16:00:00,2011,11,20,16,0
179.2034326,-18.3747216,Black Noddy,Anous minutus,NA,NA,100,NA,Gau Chum 1 to Chum 2,2011-11-20,13:00:00,obsr230624,2011-11-20 13:00:00,2011,11,20,13,0
179.07203,-18.16581,Black-naped Tern,Sterna sumatrana,NA,NA,2,NA,Boat Suva to Gau,2011-11-21,12:36:00,obsr230624,2011-11-21 12:36:00,2011,11,21,12,36
179.2034326,-18.3747216,Brown Noddy,Anous stolidus,NA,NA,10,NA,Gau Chum 1 to Chum 2,2011-11-20,13:00:00,obsr230624,2011-11-20 13:00:00,2011,11,20,13,0
179.179405,-18.2449891,Brown Noddy,Anous stolidus,NA,NA,15,NA,Gau to Chum 1,2011-11-20,05:30:00,obsr230624,2011-11-20 05:30:00,2011,11,20,5,30
179.1951903,-18.177823,Collared Petrel,Pterodroma brevipes,Collared Petrel (Collared),Pterodroma brevipes brevipes,8,NA,Gau Chum 2 to Chum 3,2011-11-20,16:00:00,obsr230624,2011-11-20 16:00:00,2011,11,20,16,0
179.1577667,-18.038275,Collared Petrel,Pterodroma brevipes,Collared Petrel (Collared),Pterodroma brevipes brevipes,1,NA,Gau Chum 3,2011-11-20,15:00:00,obsr230624,2011-11-20 15:00:00,2011,11,20,15,0
179.2034326,-18.3747216,Collared Petrel,Pterodroma brevipes,Collared Petrel (Collared),Pterodroma brevipes brevipes,8,NA,Gau Chum 1 to Chum 2,2011-11-20,13:00:00,obsr230624,2011-11-20 13:00:00,2011,11,20,13,0
179.22525,-18.3120417,Collared Petrel,Pterodroma brevipes,Collared Petrel (Collared),Pterodroma brevipes brevipes,1,NA,Gau Chum 2,2011-11-20,12:00:00,obsr230624,2011-11-20 12:00:00,2011,11,20,12,0
179.1795833,-18.4548917,Collared Petrel,Pterodroma brevipes,Collared Petrel (Collared),Pterodroma brevipes brevipes,2,NA,Gau Chum 1,2011-11-20,09:00:00,obsr230624,2011-11-20 09:00:00,2011,11,20,9,0
179.2034326,-18.3747216,Lesser Frigatebird,Fregata ariel,NA,NA,15,NA,Gau Chum 1 to Chum 2,2011-11-20,13:00:00,obsr230624,2011-11-20 13:00:00,2011,11,20,13,0
179.2034326,-18.3747216,Red-footed Booby,Sula sula,NA,NA,50,NA,Gau Chum 1 to Chum 2,2011-11-20,13:00:00,obsr230624,2011-11-20 13:00:00,2011,11,20,13,0
179.179405,-18.2449891,Red-footed Booby,Sula sula,NA,NA,4,NA,Gau to Chum 1,2011-11-20,05:30:00,obsr230624,2011-11-20 05:30:00,2011,11,20,5,30
179.1951903,-18.177823,Red-footed Booby,Sula sula,NA,NA,20,NA,Gau Chum 2 to Chum 3,2011-11-20,16:00:00,obsr230624,2011-11-20 16:00:00,2011,11,20,16,0
179.1577667,-18.038275,Sooty Shearwater,Ardenna grisea,NA,NA,1,NA,Gau Chum 3,2011-11-20,15:00:00,obsr230624,2011-11-20 15:00:00,2011,11,20,15,0
179.179405,-18.2449891,Sooty Shearwater,Ardenna grisea,NA,NA,5,NA,Gau to Chum 1,2011-11-20,05:30:00,obsr230624,2011-11-20 05:30:00,2011,11,20,5,30
179.2034326,-18.3747216,Sooty Shearwater,Ardenna grisea,NA,NA,20,NA,Gau Chum 1 to Chum 2,2011-11-20,13:00:00,obsr230624,2011-11-20 13:00:00,2011,11,20,13,0
179.1795833,-18.4548917,Sooty Shearwater,Ardenna grisea,NA,NA,4,NA,Gau Chum 1,2011-11-20,09:00:00,obsr230624,2011-11-20 09:00:00,2011,11,20,9,0
179.22525,-18.3120417,Sooty Shearwater,Ardenna grisea,NA,NA,5,NA,Gau Chum 2,2011-11-20,12:00:00,obsr230624,2011-11-20 12:00:00,2011,11,20,12,0
179.1951903,-18.177823,Sooty Shearwater,Ardenna grisea,NA,NA,20,NA,Gau Chum 2 to Chum 3,2011-11-20,16:00:00,obsr230624,2011-11-20 16:00:00,2011,11,20,16,0
179.2034326,-18.3747216,Sooty Tern,Onychoprion fuscatus,NA,NA,150,NA,Gau Chum 1 to Chum 2,2011-11-20,13:00:00,obsr230624,2011-11-20 13:00:00,2011,11,20,13,0
179.179405,-18.2449891,Sooty Tern,Onychoprion fuscatus,NA,NA,30,NA,Gau to Chum 1,2011-11-20,05:30:00,obsr230624,2011-11-20 05:30:00,2011,11,20,5,30
179.1951903,-18.177823,Sooty Tern,Onychoprion fuscatus,NA,NA,50,NA,Gau Chum 2 to Chum 3,2011-11-20,16:00:00,obsr230624,2011-11-20 16:00:00,2011,11,20,16,0
179.2034326,-18.3747216,Tahiti Petrel,Pseudobulweria rostrata,NA,NA,6,NA,Gau Chum 1 to Chum 2,2011-11-20,13:00:00,obsr230624,2011-11-20 13:00:00,2011,11,20,13,0
179.1951903,-18.177823,Tahiti Petrel,Pseudobulweria rostrata,NA,NA,6,NA,Gau Chum 2 to Chum 3,2011-11-20,16:00:00,obsr230624,2011-11-20 16:00:00,2011,11,20,16,0
179.1795833,-18.4548917,Tahiti Petrel,Pseudobulweria rostrata,NA,NA,4,NA,Gau Chum 1,2011-11-20,09:00:00,obsr230624,2011-11-20 09:00:00,2011,11,20,9,0
179.1577667,-18.038275,Tahiti Petrel,Pseudobulweria rostrata,NA,NA,3,NA,Gau Chum 3,2011-11-20,15:00:00,obsr230624,2011-11-20 15:00:00,2011,11,20,15,0
179.22525,-18.3120417,Tahiti Petrel,Pseudobulweria rostrata,NA,NA,3,NA,Gau Chum 2,2011-11-20,12:00:00,obsr230624,2011-11-20 12:00:00,2011,11,20,12,0
179.2034326,-18.3747216,Wedge-tailed Shearwater,Ardenna pacifica,NA,NA,20,NA,Gau Chum 1 to Chum 2,2011-11-20,13:00:00,obsr230624,2011-11-20 13:00:00,2011,11,20,13,0
179.179405,-18.2449891,Wedge-tailed Shearwater,Ardenna pacifica,NA,NA,8,NA,Gau to Chum 1,2011-11-20,05:30:00,obsr230624,2011-11-20 05:30:00,2011,11,20,5,30
179.1795833,-18.4548917,Wedge-tailed Shearwater,Ardenna pacifica,NA,NA,2,NA,Gau Chum 1,2011-11-20,09:00:00,obsr230624,2011-11-20 09:00:00,2011,11,20,9,0
179.04218,-18.19404,Wedge-tailed Shearwater,Ardenna pacifica,NA,NA,1,NA,Boat Suva to Gau,2011-11-21,12:56:00,obsr230624,2011-11-21 12:56:00,2011,11,21,12,56
179.179405,-18.2449891,Blue-billed White-Tern,Gygis candida,NA,NA,2,NA,Gau to Chum 1,2011-11-20,05:30:00,obsr230624,2011-11-20 05:30:00,2011,11,20,5,30
179.2034326,-18.3747216,Blue-billed White-Tern,Gygis candida,NA,NA,2,NA,Gau Chum 1 to Chum 2,2011-11-20,13:00:00,obsr230624,2011-11-20 13:00:00,2011,11,20,13,0
179.2034326,-18.3747216,White-necked Petrel,Pterodroma cervicalis,NA,NA,1,NA,Gau Chum 1 to Chum 2,2011-11-20,13:00:00,obsr230624,2011-11-20 13:00:00,2011,11,20,13,0
179.1795833,-18.4548917,White-necked Petrel,Pterodroma cervicalis,NA,NA,1,NA,Gau Chum 1,2011-11-20,09:00:00,obsr230624,2011-11-20 09:00:00,2011,11,20,9,0
178.4406066,-18.1619228,Black-naped Tern,Sterna sumatrana,NA,NA,2,NA,Suva Pt.--East of Fringing Reef,2011-12-11,15:55:00,obsr230624,2011-12-11 15:55:00,2011,12,11,15,55
178.4406066,-18.1619228,Black-naped Tern,Sterna sumatrana,NA,NA,4,NA,Suva Pt.--East of Fringing Reef,2011-12-03,09:00:00,obsr230624,2011-12-03 09:00:00,2011,12,3,9,0
178.4406066,-18.1619228,Great Crested Tern,Thalasseus bergii,NA,NA,18,NA,Suva Pt.--East of Fringing Reef,2011-12-11,15:55:00,obsr230624,2011-12-11 15:55:00,2011,12,11,15,55
178.4353065,-18.1638557,Great Crested Tern,Thalasseus bergii,NA,NA,5,NA,Suva Pt.,2011-12-06,10:20:00,obsr113983,2011-12-06 10:20:00,2011,12,6,10,20
178.4406066,-18.1619228,Great Crested Tern,Thalasseus bergii,NA,NA,6,NA,Suva Pt.--East of Fringing Reef,2011-12-03,09:00:00,obsr230624,2011-12-03 09:00:00,2011,12,3,9,0
179.3647993,-17.276549,Black-naped Tern,Sterna sumatrana,NA,NA,1,NA,Dere Bay Resort,2011-12-31,10:00:00,obsr230624,2011-12-31 10:00:00,2011,12,31,10,0
179.3647993,-17.276549,Great Crested Tern,Thalasseus bergii,NA,NA,10,NA,Dere Bay Resort,2011-12-31,10:00:00,obsr230624,2011-12-31 10:00:00,2011,12,31,10,0
179.3647993,-17.276549,Great Crested Tern,Thalasseus bergii,NA,NA,12,NA,Dere Bay Resort,2011-12-30,08:00:00,obsr230624,2011-12-30 08:00:00,2011,12,30,8,0
179.200529,-17.247576,Red-footed Booby,Sula sula,NA,NA,8,NA,Taveuni ferry2,2011-12-23,06:59:00,obsr332956,2011-12-23 06:59:00,2011,12,23,6,59
179.195938,-17.278459,Red-footed Booby,Sula sula,NA,NA,5,NA,Taveuni ferry1,2011-12-23,06:49:00,obsr332956,2011-12-23 06:49:00,2011,12,23,6,49
179.205119,-17.218314,Red-footed Booby,Sula sula,NA,NA,14,NA,Taveuni ferry3,2011-12-23,07:09:00,obsr332956,2011-12-23 07:09:00,2011,12,23,7,9
179.209718,-17.189458,Red-footed Booby,Sula sula,NA,NA,2,NA,Taveuni ferry4,2011-12-23,07:19:00,obsr332956,2011-12-23 07:19:00,2011,12,23,7,19
179.229413,-17.042274,Red-footed Booby,Sula sula,NA,NA,2,NA,Taveuni ferry9,2011-12-23,08:09:00,obsr332956,2011-12-23 08:09:00,2011,12,23,8,9
179.222286,-17.100291,Red-footed Booby,Sula sula,NA,NA,3,NA,Taveuni ferry7,2011-12-23,07:49:00,obsr332956,2011-12-23 07:49:00,2011,12,23,7,49
179.233426,-17.012939,Red-footed Booby,Sula sula,NA,NA,3,NA,Taveuni ferry10,2011-12-23,08:19:00,obsr332956,2011-12-23 08:19:00,2011,12,23,8,19
179.218428,-17.129733,Red-footed Booby,Sula sula,NA,NA,5,NA,Taveuni ferry6,2011-12-23,07:39:00,obsr332956,2011-12-23 07:39:00,2011,12,23,7,39
178.4406066,-18.1619228,Black-naped Tern,Sterna sumatrana,NA,NA,1,NA,Suva Pt.--East of Fringing Reef,2012-01-22,16:10:00,obsr230624,2012-01-22 16:10:00,2012,1,22,16,10
178.4406066,-18.1619228,Great Crested Tern,Thalasseus bergii,NA,NA,32,NA,Suva Pt.--East of Fringing Reef,2012-01-15,07:30:00,obsr230624,2012-01-15 07:30:00,2012,1,15,7,30
178.4406066,-18.1619228,Great Crested Tern,Thalasseus bergii,NA,NA,27,NA,Suva Pt.--East of Fringing Reef,2012-01-22,16:10:00,obsr230624,2012-01-22 16:10:00,2012,1,22,16,10
178.4406066,-18.1619228,Lesser Frigatebird,Fregata ariel,NA,NA,1,NA,Suva Pt.--East of Fringing Reef,2012-01-15,07:30:00,obsr230624,2012-01-15 07:30:00,2012,1,15,7,30
179.3098677,-17.0922151,Black Noddy,Anous minutus,NA,NA,40,NA,Koro to Savusavu,2012-01-01,14:30:00,obsr230624,2012-01-01 14:30:00,2012,1,1,14,30
179.33672,-17.25454,Black-naped Tern,Sterna sumatrana,NA,NA,1,NA,Koro to Savusavu,2012-01-03,14:50:00,obsr230624,2012-01-03 14:50:00,2012,1,3,14,50
179.3647993,-17.276549,Black-naped Tern,Sterna sumatrana,NA,NA,14,NA,Dere Bay Resort,2012-01-04,10:00:00,obsr230624,2012-01-04 10:00:00,2012,1,4,10,0
179.20012,-17.5822,Bridled Tern,Onychoprion anaethetus,NA,NA,2,NA,Koro to Suva,2012-01-05,07:35:00,obsr230624,2012-01-05 07:35:00,2012,1,5,7,35
179.32706,-17.18472,Bridled Tern,Onychoprion anaethetus,NA,NA,1,NA,Koro to Savusavu,2012-01-03,14:10:00,obsr230624,2012-01-03 14:10:00,2012,1,3,14,10
179.3218,-17.22198,Bridled Tern,Onychoprion anaethetus,NA,NA,15,NA,Koro to Savusavu,2012-01-01,15:30:00,obsr230624,2012-01-01 15:30:00,2012,1,1,15,30
179.33177,-17.2302,Brown Booby,Sula leucogaster,NA,NA,1,NA,Koro to Savusavu,2012-01-03,13:10:00,obsr230624,2012-01-03 13:10:00,2012,1,3,13,10
179.3098677,-17.0922151,Brown Noddy,Anous stolidus,NA,NA,10,NA,Koro to Savusavu,2012-01-01,14:30:00,obsr230624,2012-01-01 14:30:00,2012,1,1,14,30
179.3647993,-17.276549,Great Crested Tern,Thalasseus bergii,NA,NA,10,NA,Dere Bay Resort,2012-01-04,10:00:00,obsr230624,2012-01-04 10:00:00,2012,1,4,10,0
179.3647993,-17.276549,Great Crested Tern,Thalasseus bergii,NA,NA,9,NA,Dere Bay Resort,2012-01-01,10:00:00,obsr230624,2012-01-01 10:00:00,2012,1,1,10,0
179.32555,-17.16978,Lesser Frigatebird,Fregata ariel,NA,NA,1,NA,Koro to Savusavu,2012-01-03,13:50:00,obsr230624,2012-01-03 13:50:00,2012,1,3,13,50
179.3647993,-17.276549,Lesser Frigatebird,Fregata ariel,NA,NA,3,NA,Dere Bay Resort,2012-01-04,10:00:00,obsr230624,2012-01-04 10:00:00,2012,1,4,10,0
179.33672,-17.25454,Red-footed Booby,Sula sula,NA,NA,1,NA,Koro to Savusavu,2012-01-03,14:50:00,obsr230624,2012-01-03 14:50:00,2012,1,3,14,50
179.3218,-17.22198,Red-footed Booby,Sula sula,NA,NA,15,NA,Koro to Savusavu,2012-01-01,15:30:00,obsr230624,2012-01-01 15:30:00,2012,1,1,15,30
179.20012,-17.5822,Red-footed Booby,Sula sula,NA,NA,1,NA,Koro to Suva,2012-01-05,07:35:00,obsr230624,2012-01-05 07:35:00,2012,1,5,7,35
179.3098677,-17.0922151,Tahiti Petrel,Pseudobulweria rostrata,NA,NA,1,NA,Koro to Savusavu,2012-01-01,14:30:00,obsr230624,2012-01-01 14:30:00,2012,1,1,14,30
178.61444,-17.67104,Black Noddy,Anous minutus,NA,NA,6,NA,Natovi to Levuka,2012-02-04,16:40:00,obsr230624,2012-02-04 16:40:00,2012,2,4,16,40
178.64031,-17.67853,Black Noddy,Anous minutus,NA,NA,23,NA,Natovi to Levuka,2012-02-08,06:57:00,obsr230624,2012-02-08 06:57:00,2012,2,8,6,57
178.64031,-17.67853,Black-naped Tern,Sterna sumatrana,NA,NA,1,NA,Natovi to Levuka,2012-02-08,06:57:00,obsr230624,2012-02-08 06:57:00,2012,2,8,6,57
178.64031,-17.67853,Bridled Tern,Onychoprion anaethetus,NA,NA,1,NA,Natovi to Levuka,2012-02-08,06:57:00,obsr230624,2012-02-08 06:57:00,2012,2,8,6,57
178.61089,-17.67197,Great Crested Tern,Thalasseus bergii,NA,NA,1,NA,Natovi to Levuka,2012-02-08,07:17:00,obsr230624,2012-02-08 07:17:00,2012,2,8,7,17
178.5860094,-17.674228,Lesser Frigatebird,Fregata ariel,NA,NA,1,NA,Natovi Jetty,2012-02-04,15:30:00,obsr230624,2012-02-04 15:30:00,2012,2,4,15,30
178.83239,-17.66865,Black Noddy,Anous minutus,NA,NA,37,NA,Levuka North,2012-02-05,09:00:00,obsr230624,2012-02-05 09:00:00,2012,2,5,9,0
178.83239,-17.66865,Black-naped Tern,Sterna sumatrana,NA,NA,2,NA,Levuka North,2012-02-05,09:00:00,obsr230624,2012-02-05 09:00:00,2012,2,5,9,0
178.83239,-17.66865,Bridled Tern,Onychoprion anaethetus,NA,NA,4,NA,Levuka North,2012-02-05,09:00:00,obsr230624,2012-02-05 09:00:00,2012,2,5,9,0
178.84032,-17.64004,Bridled Tern,Onychoprion anaethetus,NA,NA,1,NA,Natovi to Levuka,2012-02-04,18:00:00,obsr230624,2012-02-04 18:00:00,2012,2,4,18,0
178.6996,-17.69241,Brown Noddy,Anous stolidus,NA,NA,1,NA,Natovi to Levuka,2012-02-08,06:37:00,obsr230624,2012-02-08 06:37:00,2012,2,8,6,37
178.77275,-17.61449,Brown Noddy,Anous stolidus,NA,NA,1,NA,Natovi to Levuka,2012-02-04,17:40:00,obsr230624,2012-02-04 17:40:00,2012,2,4,17,40
178.75592,-17.64351,Great Crested Tern,Thalasseus bergii,NA,NA,1,NA,Bobo's Farm Ovalau,2012-02-06,14:30:00,obsr230624,2012-02-06 14:30:00,2012,2,6,14,30
178.72158,-17.65403,Lesser Frigatebird,Fregata ariel,NA,NA,1,NA,Natovi to Levuka,2012-02-04,17:20:00,obsr230624,2012-02-04 17:20:00,2012,2,4,17,20
178.75592,-17.64351,Lesser Frigatebird,Fregata ariel,NA,NA,5,NA,Bobo's Farm Ovalau,2012-02-06,14:30:00,obsr230624,2012-02-06 14:30:00,2012,2,6,14,30
178.6996,-17.69241,Lesser Frigatebird,Fregata ariel,NA,NA,1,NA,Natovi to Levuka,2012-02-08,06:37:00,obsr230624,2012-02-08 06:37:00,2012,2,8,6,37
178.83239,-17.66865,Lesser Frigatebird,Fregata ariel,NA,NA,4,NA,Levuka North,2012-02-05,09:00:00,obsr230624,2012-02-05 09:00:00,2012,2,5,9,0
178.68097,-17.69128,Red-footed Booby,Sula sula,NA,NA,1,NA,Natovi to Levuka,2012-02-04,17:00:00,obsr230624,2012-02-04 17:00:00,2012,2,4,17,0
178.4406066,-18.1619228,Great Crested Tern,Thalasseus bergii,NA,NA,8,NA,Suva Pt.--East of Fringing Reef,2012-03-11,16:30:00,obsr230624,2012-03-11 16:30:00,2012,3,11,16,30
178.4406066,-18.1619228,Great Crested Tern,Thalasseus bergii,NA,NA,10,NA,Suva Pt.--East of Fringing Reef,2012-03-18,10:45:00,obsr230624,2012-03-18 10:45:00,2012,3,18,10,45
178.4406066,-18.1619228,Lesser Frigatebird,Fregata ariel,NA,NA,1,NA,Suva Pt.--East of Fringing Reef,2012-03-18,10:45:00,obsr230624,2012-03-18 10:45:00,2012,3,18,10,45
178.9911461,-17.5961177,Brown Booby,Sula leucogaster,NA,NA,2,NA,Wakaya,2012-03-10,10:00:00,obsr107855,2012-03-10 10:00:00,2012,3,10,10,0
178.9911461,-17.5961177,Lesser Frigatebird,Fregata ariel,NA,NA,1,NA,Wakaya,2012-03-10,10:00:00,obsr107855,2012-03-10 10:00:00,2012,3,10,10,0
178.9911461,-17.5961177,White-tailed Tropicbird,Phaethon lepturus,NA,NA,3,NA,Wakaya,2012-03-10,10:00:00,obsr107855,2012-03-10 10:00:00,2012,3,10,10,0
178.4684372,-17.3195042,Black Noddy,Anous minutus,NA,NA,5000,NA,Vatu-i-Ra,2012-03-05,16:45:00,obsr107855,2012-03-05 16:45:00,2012,3,5,16,45
178.4684372,-17.3195042,Black-naped Tern,Sterna sumatrana,NA,NA,20,NA,Vatu-i-Ra,2012-03-05,16:45:00,obsr107855,2012-03-05 16:45:00,2012,3,5,16,45
178.4684372,-17.3195042,Bridled Tern,Onychoprion anaethetus,NA,NA,8,NA,Vatu-i-Ra,2012-03-05,16:45:00,obsr107855,2012-03-05 16:45:00,2012,3,5,16,45
178.4684372,-17.3195042,Brown Booby,Sula leucogaster,NA,NA,25,NA,Vatu-i-Ra,2012-03-05,16:45:00,obsr107855,2012-03-05 16:45:00,2012,3,5,16,45
178.4684372,-17.3195042,Brown Noddy,Anous stolidus,NA,NA,9,NA,Vatu-i-Ra,2012-03-05,16:45:00,obsr107855,2012-03-05 16:45:00,2012,3,5,16,45
178.4684372,-17.3195042,Great Crested Tern,Thalasseus bergii,NA,NA,30,NA,Vatu-i-Ra,2012-03-05,16:45:00,obsr107855,2012-03-05 16:45:00,2012,3,5,16,45
178.4684372,-17.3195042,Lesser Frigatebird,Fregata ariel,NA,NA,150,NA,Vatu-i-Ra,2012-03-05,16:45:00,obsr107855,2012-03-05 16:45:00,2012,3,5,16,45
178.4684372,-17.3195042,Red-footed Booby,Sula sula,NA,NA,400,NA,Vatu-i-Ra,2012-03-05,16:45:00,obsr107855,2012-03-05 16:45:00,2012,3,5,16,45
178.454833,-18.1494507,Great Crested Tern,Thalasseus bergii,NA,NA,1,NA,Suva Point,2012-05-29,11:30:00,obsr182152,2012-05-29 11:30:00,2012,5,29,11,30
178.4406066,-18.1619228,Great Crested Tern,Thalasseus bergii,NA,NA,24,NA,Suva Pt.--East of Fringing Reef,2012-05-05,13:30:00,obsr230624,2012-05-05 13:30:00,2012,5,5,13,30
178.4406066,-18.1619228,Lesser Frigatebird,Fregata ariel,NA,NA,2,NA,Suva Pt.--East of Fringing Reef,2012-05-05,13:30:00,obsr230624,2012-05-05 13:30:00,2012,5,5,13,30
178.9692915,-18.0868285,Black Noddy,Anous minutus,NA,NA,350,NA,Suva - Gau Ferry,2012-06-25,10:15:00,obsr182152,2012-06-25 10:15:00,2012,6,25,10,15
178.4174538,-18.13117,Brown Booby,Sula leucogaster,NA,NA,1,NA,Suva Harbor,2012-06-25,09:40:00,obsr182152,2012-06-25 09:40:00,2012,6,25,9,40
178.9692915,-18.0868285,Brown Booby,Sula leucogaster,NA,NA,1,NA,Suva - Gau Ferry,2012-06-25,10:15:00,obsr182152,2012-06-25 10:15:00,2012,6,25,10,15
178.9692915,-18.0868285,Brown Noddy,Anous stolidus,NA,NA,5,NA,Suva - Gau Ferry,2012-06-25,10:15:00,obsr182152,2012-06-25 10:15:00,2012,6,25,10,15
178.9692915,-18.0868285,Collared Petrel,Pterodroma brevipes,Collared Petrel (Collared),Pterodroma brevipes brevipes,1,NA,Suva - Gau Ferry,2012-06-25,10:15:00,obsr182152,2012-06-25 10:15:00,2012,6,25,10,15
178.9692915,-18.0868285,Fiji Petrel,Pseudobulweria macgillivrayi,NA,NA,1,NA,Suva - Gau Ferry,2012-06-25,10:15:00,obsr182152,2012-06-25 10:15:00,2012,6,25,10,15
178.0292738,-18.2663964,Great Crested Tern,Thalasseus bergii,NA,NA,12,NA,Queens Road Beach Galoa,2012-06-01,10:45:00,obsr182152,2012-06-01 10:45:00,2012,6,1,10,45
178.9692915,-18.0868285,Great Crested Tern,Thalasseus bergii,NA,NA,3,NA,Suva - Gau Ferry,2012-06-25,10:15:00,obsr182152,2012-06-25 10:15:00,2012,6,25,10,15
178.4174538,-18.13117,Great Crested Tern,Thalasseus bergii,NA,NA,6,NA,Suva Harbor,2012-06-25,09:40:00,obsr182152,2012-06-25 09:40:00,2012,6,25,9,40
178.4462744,-18.1297102,Lesser Frigatebird,Fregata ariel,NA,NA,1,NA,"Suva, Viti Levu (General)",2012-06-25,NA,obsr523381,2012-06-25 NA,2012,6,25,NA,NA
178.4174538,-18.13117,Lesser Frigatebird,Fregata ariel,NA,NA,1,NA,Suva Harbor,2012-06-25,09:40:00,obsr182152,2012-06-25 09:40:00,2012,6,25,9,40
178.9692915,-18.0868285,Masked Booby,Sula dactylatra,NA,NA,1,NA,Suva - Gau Ferry,2012-06-25,10:15:00,obsr182152,2012-06-25 10:15:00,2012,6,25,10,15
178.9692915,-18.0868285,Red-footed Booby,Sula sula,NA,NA,22,NA,Suva - Gau Ferry,2012-06-25,10:15:00,obsr182152,2012-06-25 10:15:00,2012,6,25,10,15
178.9692915,-18.0868285,Tahiti Petrel,Pseudobulweria rostrata,NA,NA,4,NA,Suva - Gau Ferry,2012-06-25,10:15:00,obsr182152,2012-06-25 10:15:00,2012,6,25,10,15
178.1177583,-18.9811167,Bridled Tern,Onychoprion anaethetus,NA,NA,1,NA,Ferry Vunisea to Kavala,2012-06-20,11:20:00,obsr230624,2012-06-20 11:20:00,2012,6,20,11,20
178.4072194,-18.8929083,Brown Booby,Sula leucogaster,NA,NA,1,NA,Ferry Kavala to Suva,2012-06-20,15:10:00,obsr230624,2012-06-20 15:10:00,2012,6,20,15,10
178.3254917,-18.9107028,Brown Noddy,Anous stolidus,NA,NA,1,NA,Ferry Vunisea to Kavala,2012-06-20,12:40:00,obsr230624,2012-06-20 12:40:00,2012,6,20,12,40
178.4220444,-18.9450139,Great Crested Tern,Thalasseus bergii,NA,NA,1,NA,Ferry Vunisea to Kavala,2012-06-20,13:20:00,obsr230624,2012-06-20 13:20:00,2012,6,20,13,20
179.2137373,-18.015014999999998,Great Crested Tern,Thalasseus bergii,NA,NA,9,NA,Gau jetty,2012-06-25,15:40:00,obsr182152,2012-06-25 15:40:00,2012,6,25,15,40
178.1177583,-18.9811167,Lesser Frigatebird,Fregata ariel,NA,NA,2,NA,Ferry Vunisea to Kavala,2012-06-20,11:20:00,obsr230624,2012-06-20 11:20:00,2012,6,20,11,20
178.4051694,-18.7835611,Lesser Frigatebird,Fregata ariel,NA,NA,3,NA,Ferry Kavala to Suva,2012-06-20,15:50:00,obsr230624,2012-06-20 15:50:00,2012,6,20,15,50
178.4051694,-18.7835611,Red-footed Booby,Sula sula,NA,NA,25,NA,Ferry Kavala to Suva,2012-06-20,15:50:00,obsr230624,2012-06-20 15:50:00,2012,6,20,15,50
178.3839,-18.9079306,Red-footed Booby,Sula sula,NA,NA,10,NA,Ferry Vunisea to Kavala,2012-06-20,13:00:00,obsr230624,2012-06-20 13:00:00,2012,6,20,13,0
178.9692915,-18.0868285,Black Noddy,Anous minutus,NA,NA,52,NA,Suva - Gau Ferry,2012-07-23,09:30:00,obsr182152,2012-07-23 09:30:00,2012,7,23,9,30
178.454833,-18.1494507,Black-naped Tern,Sterna sumatrana,NA,NA,8,NA,Suva Point,2012-07-29,12:00:00,obsr182152,2012-07-29 12:00:00,2012,7,29,12,0
178.9692915,-18.0868285,Brown Booby,Sula leucogaster,NA,NA,2,NA,Suva - Gau Ferry,2012-07-23,09:30:00,obsr182152,2012-07-23 09:30:00,2012,7,23,9,30
178.9692915,-18.0868285,Collared Petrel,Pterodroma brevipes,Collared Petrel (Collared),Pterodroma brevipes brevipes,1,NA,Suva - Gau Ferry,2012-07-23,09:30:00,obsr182152,2012-07-23 09:30:00,2012,7,23,9,30
178.454833,-18.1494507,Great Crested Tern,Thalasseus bergii,NA,NA,18,NA,Suva Point,2012-07-24,13:30:00,obsr182152,2012-07-24 13:30:00,2012,7,24,13,30
178.4486103,-18.1526009,Great Crested Tern,Thalasseus bergii,NA,NA,6,NA,Suva Pt.--University,2012-07-01,13:30:00,obsr182152,2012-07-01 13:30:00,2012,7,1,13,30
178.454833,-18.1494507,Great Crested Tern,Thalasseus bergii,NA,NA,7,NA,Suva Point,2012-07-29,12:00:00,obsr182152,2012-07-29 12:00:00,2012,7,29,12,0
178.454833,-18.1494507,Great Crested Tern,Thalasseus bergii,NA,NA,4,NA,Suva Point,2012-07-12,13:50:00,obsr182152,2012-07-12 13:50:00,2012,7,12,13,50
178.4406066,-18.1619228,Great Crested Tern,Thalasseus bergii,NA,NA,16,NA,Suva Pt.--East of Fringing Reef,2012-07-15,12:00:00,obsr230624,2012-07-15 12:00:00,2012,7,15,12,0
178.4406066,-18.1619228,Lesser Frigatebird,Fregata ariel,NA,NA,2,NA,Suva Pt.--East of Fringing Reef,2012-07-15,12:00:00,obsr230624,2012-07-15 12:00:00,2012,7,15,12,0
178.9692915,-18.0868285,Polynesian Storm-Petrel,Nesofregetta fuliginosa,NA,NA,1,NA,Suva - Gau Ferry,2012-07-23,09:30:00,obsr182152,2012-07-23 09:30:00,2012,7,23,9,30
178.9692915,-18.0868285,Red-footed Booby,Sula sula,NA,NA,18,NA,Suva - Gau Ferry,2012-07-23,09:30:00,obsr182152,2012-07-23 09:30:00,2012,7,23,9,30
178.9692915,-18.0868285,Sooty Tern,Onychoprion fuscatus,NA,NA,1,NA,Suva - Gau Ferry,2012-07-23,09:30:00,obsr182152,2012-07-23 09:30:00,2012,7,23,9,30
178.9692915,-18.0868285,White-necked Petrel,Pterodroma cervicalis,NA,NA,1,NA,Suva - Gau Ferry,2012-07-23,09:30:00,obsr182152,2012-07-23 09:30:00,2012,7,23,9,30
178.9692915,-18.0868285,White-tailed Tropicbird,Phaethon lepturus,NA,NA,1,NA,Suva - Gau Ferry,2012-07-23,09:30:00,obsr182152,2012-07-23 09:30:00,2012,7,23,9,30
178.4091657,-18.1142154,Black-naped Tern,Sterna sumatrana,NA,NA,2,NA,Lami Beach,2012-08-12,09:30:00,obsr182152,2012-08-12 09:30:00,2012,8,12,9,30
178.454833,-18.1494507,Brown Booby,Sula leucogaster,NA,NA,1,NA,Suva Point,2012-08-29,13:00:00,obsr182152,2012-08-29 13:00:00,2012,8,29,13,0
178.4091657,-18.1142154,Brown Booby,Sula leucogaster,NA,NA,2,NA,Lami Beach,2012-08-12,09:30:00,obsr182152,2012-08-12 09:30:00,2012,8,12,9,30
178.4486103,-18.1526009,Great Crested Tern,Thalasseus bergii,NA,NA,6,NA,Suva Pt.--University,2012-08-12,16:15:00,obsr182152,2012-08-12 16:15:00,2012,8,12,16,15
178.454833,-18.1494507,Great Crested Tern,Thalasseus bergii,NA,NA,32,NA,Suva Point,2012-08-29,13:00:00,obsr182152,2012-08-29 13:00:00,2012,8,29,13,0
178.454833,-18.1494507,Great Crested Tern,Thalasseus bergii,NA,NA,1,NA,Suva Point,2012-08-26,11:00:00,obsr182152,2012-08-26 11:00:00,2012,8,26,11,0
178.4091657,-18.1142154,Great Crested Tern,Thalasseus bergii,NA,NA,18,NA,Lami Beach,2012-08-12,09:30:00,obsr182152,2012-08-12 09:30:00,2012,8,12,9,30
178.4091657,-18.1142154,Lesser Frigatebird,Fregata ariel,NA,NA,1,NA,Lami Beach,2012-08-12,09:30:00,obsr831437,2012-08-12 09:30:00,2012,8,12,9,30
178.454833,-18.1494507,Lesser Frigatebird,Fregata ariel,NA,NA,1,NA,Suva Point,2012-08-29,13:00:00,obsr182152,2012-08-29 13:00:00,2012,8,29,13,0
178.348564,-18.626438,Red-footed Booby,Sula sula,NA,NA,24,NA,Kadavu to Suva Ferry,2012-08-24,14:45:00,obsr182152,2012-08-24 14:45:00,2012,8,24,14,45
178.348564,-18.626438,White-tailed Tropicbird,Phaethon lepturus,NA,NA,1,NA,Kadavu to Suva Ferry,2012-08-24,14:45:00,obsr182152,2012-08-24 14:45:00,2012,8,24,14,45
178.39474,-18.32081,Black Noddy,Anous minutus,NA,NA,1,NA,Vunisea to Suva 0912 17,2012-09-27,17:06:00,obsr230624,2012-09-27 17:06:00,2012,9,27,17,6
178.39253,-18.25286,Black Noddy,Anous minutus,NA,NA,1,NA,Vunisea to Suva 0912 18,2012-09-27,17:26:00,obsr230624,2012-09-27 17:26:00,2012,9,27,17,26
178.3867,-18.38958,Black Noddy,Anous minutus,NA,NA,20,NA,Vunisea to Suva 0912 16,2012-09-27,16:46:00,obsr230624,2012-09-27 16:46:00,2012,9,27,16,46
178.4406066,-18.1619228,Black-naped Tern,Sterna sumatrana,NA,NA,1,NA,Suva Pt.--East of Fringing Reef,2012-09-01,15:15:00,obsr230624,2012-09-01 15:15:00,2012,9,1,15,15
178.39253,-18.25286,Bridled Tern,Onychoprion anaethetus,NA,NA,1,NA,Vunisea to Suva 0912 18,2012-09-27,17:26:00,obsr230624,2012-09-27 17:26:00,2012,9,27,17,26
178.4406066,-18.1619228,Great Crested Tern,Thalasseus bergii,NA,NA,7,NA,Suva Pt.--East of Fringing Reef,2012-09-29,13:50:00,obsr230624,2012-09-29 13:50:00,2012,9,29,13,50
178.4406066,-18.1619228,Great Crested Tern,Thalasseus bergii,NA,NA,15,NA,Suva Pt.--East of Fringing Reef,2012-09-01,15:15:00,obsr230624,2012-09-01 15:15:00,2012,9,1,15,15
178.39253,-18.25286,Great Crested Tern,Thalasseus bergii,NA,NA,1,NA,Vunisea to Suva 0912 18,2012-09-27,17:26:00,obsr230624,2012-09-27 17:26:00,2012,9,27,17,26
178.4406066,-18.1619228,Great Crested Tern,Thalasseus bergii,NA,NA,9,NA,Suva Pt.--East of Fringing Reef,2012-09-22,07:20:00,obsr230624,2012-09-22 07:20:00,2012,9,22,7,20
178.4406066,-18.1619228,Great Crested Tern,Thalasseus bergii,NA,NA,26,NA,Suva Pt.--East of Fringing Reef,2012-09-09,08:45:00,obsr230624,2012-09-09 08:45:00,2012,9,9,8,45
178.4406066,-18.1619228,Great Crested Tern,Thalasseus bergii,NA,NA,6,NA,Suva Pt.--East of Fringing Reef,2012-09-15,14:15:00,obsr230624,2012-09-15 14:15:00,2012,9,15,14,15
178.66828,-18.05843,Lesser Frigatebird,Fregata ariel,NA,NA,2,NA,Kiuva Road 1,2012-09-29,15:51:00,obsr230624,2012-09-29 15:51:00,2012,9,29,15,51
178.39474,-18.32081,Lesser Frigatebird,Fregata ariel,NA,NA,1,NA,Vunisea to Suva 0912 17,2012-09-27,17:06:00,obsr230624,2012-09-27 17:06:00,2012,9,27,17,6
178.6593,-18.06738,Lesser Frigatebird,Fregata ariel,NA,NA,6,NA,Kiuva Road 2,2012-09-29,16:06:00,obsr230624,2012-09-29 16:06:00,2012,9,29,16,6
178.4406066,-18.1619228,Lesser Frigatebird,Fregata ariel,NA,NA,1,NA,Suva Pt.--East of Fringing Reef,2012-09-22,07:20:00,obsr230624,2012-09-22 07:20:00,2012,9,22,7,20
178.39474,-18.32081,Red-footed Booby,Sula sula,NA,NA,5,NA,Vunisea to Suva 0912 17,2012-09-27,17:06:00,obsr230624,2012-09-27 17:06:00,2012,9,27,17,6
178.39253,-18.25286,Red-footed Booby,Sula sula,NA,NA,1,NA,Vunisea to Suva 0912 18,2012-09-27,17:26:00,obsr230624,2012-09-27 17:26:00,2012,9,27,17,26
178.1048,-18.99607,Black Noddy,Anous minutus,NA,NA,17,NA,Vunisea to Suva 0912 2,2012-09-27,10:18:00,obsr230624,2012-09-27 10:18:00,2012,9,27,10,18
178.41,-18.87568,Black Noddy,Anous minutus,NA,NA,40,NA,Vunisea to Suva 0912 9,2012-09-27,14:26:00,obsr230624,2012-09-27 14:26:00,2012,9,27,14,26
178.15015,-18.95201,Black Noddy,Anous minutus,NA,NA,20,NA,Vunisea to Suva 0912 3,2012-09-27,10:38:00,obsr230624,2012-09-27 10:38:00,2012,9,27,10,38
178.40592,-18.7379,Black-naped Tern,Sterna sumatrana,NA,NA,1,NA,Vunisea to Suva 0912 11,2012-09-27,15:06:00,obsr230624,2012-09-27 15:06:00,2012,9,27,15,6
178.1048,-18.99607,Bridled Tern,Onychoprion anaethetus,NA,NA,3,NA,Vunisea to Suva 0912 2,2012-09-27,10:18:00,obsr230624,2012-09-27 10:18:00,2012,9,27,10,18
178.22085,-18.93896,Brown Booby,Sula leucogaster,NA,NA,1,NA,Vunisea to Suva 0912 4,2012-09-27,10:58:00,obsr230624,2012-09-27 10:58:00,2012,9,27,10,58
178.35645,-18.91905,Brown Booby,Sula leucogaster,NA,NA,1,NA,Vunisea to Suva 0912 6,2012-09-27,11:38:00,obsr230624,2012-09-27 11:38:00,2012,9,27,11,38
178.41841,-18.94514,Brown Booby,Sula leucogaster,NA,NA,2,NA,Vunisea to Suva 0912 7,2012-09-27,11:58:00,obsr230624,2012-09-27 11:58:00,2012,9,27,11,58
178.41841,-18.94514,Great Crested Tern,Thalasseus bergii,NA,NA,1,NA,Vunisea to Suva 0912 7,2012-09-27,11:58:00,obsr230624,2012-09-27 11:58:00,2012,9,27,11,58
178.35645,-18.91905,Great Crested Tern,Thalasseus bergii,NA,NA,2,NA,Vunisea to Suva 0912 6,2012-09-27,11:38:00,obsr230624,2012-09-27 11:38:00,2012,9,27,11,38
178.41581,-18.94333,Lesser Frigatebird,Fregata ariel,NA,NA,1,NA,Vunisea to Suva 0912 8,2012-09-27,14:06:00,obsr230624,2012-09-27 14:06:00,2012,9,27,14,6
178.2881,-18.92288,Lesser Frigatebird,Fregata ariel,NA,NA,1,NA,Vunisea to Suva 0912 5,2012-09-27,11:18:00,obsr230624,2012-09-27 11:18:00,2012,9,27,11,18
178.41841,-18.94514,Lesser Frigatebird,Fregata ariel,NA,NA,2,NA,Vunisea to Suva 0912 7,2012-09-27,11:58:00,obsr230624,2012-09-27 11:58:00,2012,9,27,11,58
178.41,-18.87568,Lesser Frigatebird,Fregata ariel,NA,NA,1,NA,Vunisea to Suva 0912 9,2012-09-27,14:26:00,obsr230624,2012-09-27 14:26:00,2012,9,27,14,26
178.2881,-18.92288,Red-footed Booby,Sula sula,NA,NA,11,NA,Vunisea to Suva 0912 5,2012-09-27,11:18:00,obsr230624,2012-09-27 11:18:00,2012,9,27,11,18
178.35645,-18.91905,Red-footed Booby,Sula sula,NA,NA,2,NA,Vunisea to Suva 0912 6,2012-09-27,11:38:00,obsr230624,2012-09-27 11:38:00,2012,9,27,11,38
178.41581,-18.94333,Red-footed Booby,Sula sula,NA,NA,2,NA,Vunisea to Suva 0912 8,2012-09-27,14:06:00,obsr230624,2012-09-27 14:06:00,2012,9,27,14,6
178.1048,-18.99607,Red-footed Booby,Sula sula,NA,NA,1,NA,Vunisea to Suva 0912 2,2012-09-27,10:18:00,obsr230624,2012-09-27 10:18:00,2012,9,27,10,18
178.41,-18.87568,Red-footed Booby,Sula sula,NA,NA,2,NA,Vunisea to Suva 0912 9,2012-09-27,14:26:00,obsr230624,2012-09-27 14:26:00,2012,9,27,14,26
178.15015,-18.95201,Red-footed Booby,Sula sula,NA,NA,7,NA,Vunisea to Suva 0912 3,2012-09-27,10:38:00,obsr230624,2012-09-27 10:38:00,2012,9,27,10,38
178.4406066,-18.1619228,Bridled Tern,Onychoprion anaethetus,NA,NA,8,NA,Suva Pt.--East of Fringing Reef,2012-10-07,07:20:00,obsr230624,2012-10-07 07:20:00,2012,10,7,7,20
178.4406066,-18.1619228,Brown Booby,Sula leucogaster,NA,NA,1,NA,Suva Pt.--East of Fringing Reef,2012-10-07,07:20:00,obsr230624,2012-10-07 07:20:00,2012,10,7,7,20
178.4406066,-18.1619228,Great Crested Tern,Thalasseus bergii,NA,NA,22,NA,Suva Pt.--East of Fringing Reef,2012-10-20,06:20:00,obsr230624,2012-10-20 06:20:00,2012,10,20,6,20
178.4406066,-18.1619228,Great Crested Tern,Thalasseus bergii,NA,NA,29,NA,Suva Pt.--East of Fringing Reef,2012-10-07,07:20:00,obsr230624,2012-10-07 07:20:00,2012,10,7,7,20
178.4406066,-18.1619228,Great Crested Tern,Thalasseus bergii,NA,NA,25,NA,Suva Pt.--East of Fringing Reef,2012-10-13,12:50:00,obsr230624,2012-10-13 12:50:00,2012,10,13,12,50
178.4406066,-18.1619228,Lesser Frigatebird,Fregata ariel,NA,NA,4,NA,Suva Pt.--East of Fringing Reef,2012-10-07,07:20:00,obsr230624,2012-10-07 07:20:00,2012,10,7,7,20
178.4406066,-18.1619228,Lesser Frigatebird,Fregata ariel,NA,NA,2,NA,Suva Pt.--East of Fringing Reef,2012-10-13,12:50:00,obsr230624,2012-10-13 12:50:00,2012,10,13,12,50
178.4406066,-18.1619228,Black-naped Tern,Sterna sumatrana,NA,NA,2,NA,Suva Pt.--East of Fringing Reef,2012-11-25,13:15:00,obsr230624,2012-11-25 13:15:00,2012,11,25,13,15
178.4406066,-18.1619228,Great Crested Tern,Thalasseus bergii,NA,NA,24,NA,Suva Pt.--East of Fringing Reef,2012-11-04,07:15:00,obsr230624,2012-11-04 07:15:00,2012,11,4,7,15
178.4406066,-18.1619228,Great Crested Tern,Thalasseus bergii,NA,NA,45,NA,Suva Pt.--East of Fringing Reef,2012-11-25,13:15:00,obsr230624,2012-11-25 13:15:00,2012,11,25,13,15
178.4406066,-18.1619228,Lesser Frigatebird,Fregata ariel,NA,NA,1,NA,Suva Pt.--East of Fringing Reef,2012-11-25,13:15:00,obsr230624,2012-11-25 13:15:00,2012,11,25,13,15
178.4406066,-18.1619228,Black-naped Tern,Sterna sumatrana,NA,NA,2,NA,Suva Pt.--East of Fringing Reef,2012-12-08,11:40:00,obsr230624,2012-12-08 11:40:00,2012,12,8,11,40
178.4406066,-18.1619228,Black-naped Tern,Sterna sumatrana,NA,NA,4,NA,Suva Pt.--East of Fringing Reef,2012-12-15,15:50:00,obsr230624,2012-12-15 15:50:00,2012,12,15,15,50
178.4406066,-18.1619228,Great Crested Tern,Thalasseus bergii,NA,NA,22,NA,Suva Pt.--East of Fringing Reef,2012-12-08,11:40:00,obsr230624,2012-12-08 11:40:00,2012,12,8,11,40
178.4406066,-18.1619228,Great Crested Tern,Thalasseus bergii,NA,NA,23,NA,Suva Pt.--East of Fringing Reef,2012-12-15,15:50:00,obsr230624,2012-12-15 15:50:00,2012,12,15,15,50
178.4406066,-18.1619228,Lesser Frigatebird,Fregata ariel,NA,NA,1,NA,Suva Pt.--East of Fringing Reef,2012-12-08,11:40:00,obsr230624,2012-12-08 11:40:00,2012,12,8,11,40
178.3876705,-18.158575,Black Noddy,Anous minutus,NA,NA,21,NA,Suva--outside harbor,2013-01-14,19:13:00,obsr16646,2013-01-14 19:13:00,2013,1,14,19,13
178.4406066,-18.1619228,Black-naped Tern,Sterna sumatrana,NA,NA,5,NA,Suva Pt.--East of Fringing Reef,2013-01-26,14:00:00,obsr230624,2013-01-26 14:00:00,2013,1,26,14,0
178.4353065,-18.1638557,Black-naped Tern,Sterna sumatrana,NA,NA,3,NA,Suva Pt.,2013-01-28,11:50:00,obsr16646,2013-01-28 11:50:00,2013,1,28,11,50
178.4353065,-18.1638557,Black-naped Tern,Sterna sumatrana,NA,NA,2,NA,Suva Pt.,2013-01-21,16:47:00,obsr16646,2013-01-21 16:47:00,2013,1,21,16,47
178.4174538,-18.13117,Black-naped Tern,Sterna sumatrana,NA,NA,7,NA,Suva Harbor,2013-01-14,18:42:00,obsr16646,2013-01-14 18:42:00,2013,1,14,18,42
178.4353065,-18.1638557,Black-naped Tern,Sterna sumatrana,NA,NA,1,NA,Suva Pt.,2013-01-27,15:35:00,obsr16646,2013-01-27 15:35:00,2013,1,27,15,35
178.4406066,-18.1619228,Black-naped Tern,Sterna sumatrana,NA,NA,2,NA,Suva Pt.--East of Fringing Reef,2013-01-19,08:30:00,obsr230624,2013-01-19 08:30:00,2013,1,19,8,30
178.4174538,-18.13117,Brown Booby,Sula leucogaster,NA,NA,1,NA,Suva Harbor,2013-01-14,18:42:00,obsr16646,2013-01-14 18:42:00,2013,1,14,18,42
178.3876705,-18.158575,Brown Noddy,Anous stolidus,NA,NA,4,NA,Suva--outside harbor,2013-01-14,19:13:00,obsr16646,2013-01-14 19:13:00,2013,1,14,19,13
178.4174538,-18.13117,Brown Noddy,Anous stolidus,NA,NA,5,NA,Suva Harbor,2013-01-14,18:42:00,obsr16646,2013-01-14 18:42:00,2013,1,14,18,42
178.4406066,-18.1619228,Great Crested Tern,Thalasseus bergii,NA,NA,24,NA,Suva Pt.--East of Fringing Reef,2013-01-26,14:00:00,obsr230624,2013-01-26 14:00:00,2013,1,26,14,0
178.4353065,-18.1638557,Great Crested Tern,Thalasseus bergii,NA,NA,15,NA,Suva Pt.,2013-01-21,16:47:00,obsr16646,2013-01-21 16:47:00,2013,1,21,16,47
178.4406066,-18.1619228,Great Crested Tern,Thalasseus bergii,NA,NA,25,NA,Suva Pt.--East of Fringing Reef,2013-01-19,08:30:00,obsr230624,2013-01-19 08:30:00,2013,1,19,8,30
178.4353065,-18.1638557,Great Crested Tern,Thalasseus bergii,NA,NA,11,NA,Suva Pt.,2013-01-28,11:50:00,obsr16646,2013-01-28 11:50:00,2013,1,28,11,50
178.4353065,-18.1638557,Great Crested Tern,Thalasseus bergii,NA,NA,13,NA,Suva Pt.,2013-01-27,15:35:00,obsr16646,2013-01-27 15:35:00,2013,1,27,15,35
178.4174538,-18.13117,Great Crested Tern,Thalasseus bergii,NA,NA,19,NA,Suva Harbor,2013-01-14,18:42:00,obsr16646,2013-01-14 18:42:00,2013,1,14,18,42
178.4245777,-18.1590806,Great Crested Tern,Thalasseus bergii,NA,NA,1,NA,Suva Pt.--Fringing Reef to Bowls Club,2013-01-20,07:30:00,obsr230624,2013-01-20 07:30:00,2013,1,20,7,30
178.3876705,-18.158575,Great Crested Tern,Thalasseus bergii,NA,NA,3,NA,Suva--outside harbor,2013-01-14,19:13:00,obsr16646,2013-01-14 19:13:00,2013,1,14,19,13
178.4353065,-18.1638557,Lesser Frigatebird,Fregata ariel,NA,NA,1,NA,Suva Pt.,2013-01-28,11:50:00,obsr16646,2013-01-28 11:50:00,2013,1,28,11,50
178.3876705,-18.158575,Red-footed Booby,Sula sula,NA,NA,4,NA,Suva--outside harbor,2013-01-14,19:13:00,obsr16646,2013-01-14 19:13:00,2013,1,14,19,13
178.4174538,-18.13117,Sooty Tern,Onychoprion fuscatus,NA,NA,1,NA,Suva Harbor,2013-01-14,18:42:00,obsr16646,2013-01-14 18:42:00,2013,1,14,18,42
178.3876705,-18.158575,Sooty Tern,Onychoprion fuscatus,NA,NA,1,NA,Suva--outside harbor,2013-01-14,19:13:00,obsr16646,2013-01-14 19:13:00,2013,1,14,19,13
179.429875,-17.2447657,Black-naped Tern,Sterna sumatrana,NA,NA,3,NA,Koro Island--Nacamaki Village,2013-01-19,18:00:00,obsr16646,2013-01-19 18:00:00,2013,1,19,18,0
179.429875,-17.2447657,Black-naped Tern,Sterna sumatrana,NA,NA,2,NA,Koro Island--Nacamaki Village,2013-01-18,19:00:00,obsr16646,2013-01-18 19:00:00,2013,1,18,19,0
178.677948,-17.689463,Black-naped Tern,Sterna sumatrana,NA,NA,1,NA,Natovi--Ovalau Ferry,2013-01-27,05:53:00,obsr16646,2013-01-27 05:53:00,2013,1,27,5,53
178.677948,-17.689463,Brown Noddy,Anous stolidus,NA,NA,4,NA,Natovi--Ovalau Ferry,2013-01-27,05:53:00,obsr16646,2013-01-27 05:53:00,2013,1,27,5,53
179.429875,-17.2447657,Brown Noddy,Anous stolidus,NA,NA,2,NA,Koro Island--Nacamaki Village,2013-01-18,19:00:00,obsr16646,2013-01-18 19:00:00,2013,1,18,19,0
179.369642,-17.394472,Great Crested Tern,Thalasseus bergii,NA,NA,1,NA,Koro Island--wharf,2013-01-20,18:10:00,obsr16646,2013-01-20 18:10:00,2013,1,20,18,10
179.429875,-17.2447657,Great Crested Tern,Thalasseus bergii,NA,NA,2,NA,Koro Island--Nacamaki Village,2013-01-19,19:00:00,obsr16646,2013-01-19 19:00:00,2013,1,19,19,0
178.677948,-17.689463,Great Crested Tern,Thalasseus bergii,NA,NA,9,NA,Natovi--Ovalau Ferry,2013-01-27,05:53:00,obsr16646,2013-01-27 05:53:00,2013,1,27,5,53
179.429875,-17.2447657,Great Crested Tern,Thalasseus bergii,NA,NA,1,NA,Koro Island--Nacamaki Village,2013-01-18,19:00:00,obsr16646,2013-01-18 19:00:00,2013,1,18,19,0
179.429875,-17.2447657,Great Frigatebird,Fregata minor,NA,NA,1,NA,Koro Island--Nacamaki Village,2013-01-19,19:00:00,obsr16646,2013-01-19 19:00:00,2013,1,19,19,0
179.369642,-17.394472,Lesser Frigatebird,Fregata ariel,NA,NA,1,NA,Koro Island--wharf,2013-01-20,18:10:00,obsr16646,2013-01-20 18:10:00,2013,1,20,18,10
179.429875,-17.2447657,Lesser Frigatebird,Fregata ariel,NA,NA,1,NA,Koro Island--Nacamaki Village,2013-01-17,15:50:00,obsr16646,2013-01-17 15:50:00,2013,1,17,15,50
179.429875,-17.2447657,Lesser Frigatebird,Fregata ariel,NA,NA,2,NA,Koro Island--Nacamaki Village,2013-01-18,19:00:00,obsr16646,2013-01-18 19:00:00,2013,1,18,19,0
179.429875,-17.2447657,Red-footed Booby,Sula sula,NA,NA,4,NA,Koro Island--Nacamaki Village,2013-01-17,15:50:00,obsr16646,2013-01-17 15:50:00,2013,1,17,15,50
179.429875,-17.2447657,Red-footed Booby,Sula sula,NA,NA,7,NA,Koro Island--Nacamaki Village,2013-01-15,14:00:00,obsr16646,2013-01-15 14:00:00,2013,1,15,14,0
179.429875,-17.2447657,Red-footed Booby,Sula sula,NA,NA,38,NA,Koro Island--Nacamaki Village,2013-01-19,19:30:00,obsr16646,2013-01-19 19:30:00,2013,1,19,19,30
179.369642,-17.394472,Red-footed Booby,Sula sula,NA,NA,21,NA,Koro Island--wharf,2013-01-20,18:10:00,obsr16646,2013-01-20 18:10:00,2013,1,20,18,10
179.429875,-17.2447657,Red-footed Booby,Sula sula,NA,NA,178,NA,Koro Island--Nacamaki Village,2013-01-18,19:00:00,obsr16646,2013-01-18 19:00:00,2013,1,18,19,0
179.429875,-17.2447657,Sooty Tern,Onychoprion fuscatus,NA,NA,2,NA,Koro Island--Nacamaki Village,2013-01-18,19:00:00,obsr16646,2013-01-18 19:00:00,2013,1,18,19,0
179.369642,-17.394472,Sooty Tern,Onychoprion fuscatus,NA,NA,1,NA,Koro Island--wharf,2013-01-20,18:10:00,obsr16646,2013-01-20 18:10:00,2013,1,20,18,10
179.429875,-17.2447657,Sooty Tern,Onychoprion fuscatus,NA,NA,4,NA,Koro Island--Nacamaki Village,2013-01-19,18:30:00,obsr16646,2013-01-19 18:30:00,2013,1,19,18,30
178.2097435,-17.2687769,Black Noddy,Anous minutus,NA,NA,53,NA,Nananu-i-Ra open ocean,2013-01-20,09:00:00,obsr50283,2013-01-20 09:00:00,2013,1,20,9,0
178.2097435,-17.2687769,Black-naped Tern,Sterna sumatrana,NA,NA,4,NA,Nananu-i-Ra open ocean,2013-01-20,09:00:00,obsr50283,2013-01-20 09:00:00,2013,1,20,9,0
178.2097435,-17.2687769,Brown Noddy,Anous stolidus,NA,NA,17,NA,Nananu-i-Ra open ocean,2013-01-20,09:00:00,obsr50283,2013-01-20 09:00:00,2013,1,20,9,0
178.2184982,-17.2801692,Great Crested Tern,Thalasseus bergii,NA,NA,2,NA,Nananu-i-Ra,2013-01-19,13:00:00,obsr50283,2013-01-19 13:00:00,2013,1,19,13,0
178.2097435,-17.2687769,Great Crested Tern,Thalasseus bergii,NA,NA,2,NA,Nananu-i-Ra open ocean,2013-01-20,09:00:00,obsr50283,2013-01-20 09:00:00,2013,1,20,9,0
178.2184982,-17.2801692,Lesser Frigatebird,Fregata ariel,NA,NA,10,NA,Nananu-i-Ra,2013-01-19,13:00:00,obsr50283,2013-01-19 13:00:00,2013,1,19,13,0
178.2097435,-17.2687769,Wedge-tailed Shearwater,Ardenna pacifica,NA,NA,1,NA,Nananu-i-Ra open ocean,2013-01-20,09:00:00,obsr50283,2013-01-20 09:00:00,2013,1,20,9,0
178.4406066,-18.1619228,Black-naped Tern,Sterna sumatrana,NA,NA,1,NA,Suva Pt.--East of Fringing Reef,2013-02-16,06:45:00,obsr230624,2013-02-16 06:45:00,2013,2,16,6,45
178.4406066,-18.1619228,Black-naped Tern,Sterna sumatrana,NA,NA,2,NA,Suva Pt.--East of Fringing Reef,2013-02-02,06:10:00,obsr230624,2013-02-02 06:10:00,2013,2,2,6,10
178.4406066,-18.1619228,Black-naped Tern,Sterna sumatrana,NA,NA,1,NA,Suva Pt.--East of Fringing Reef,2013-02-23,13:00:00,obsr230624,2013-02-23 13:00:00,2013,2,23,13,0
178.4406066,-18.1619228,Great Crested Tern,Thalasseus bergii,NA,NA,10,NA,Suva Pt.--East of Fringing Reef,2013-02-23,13:00:00,obsr230624,2013-02-23 13:00:00,2013,2,23,13,0
178.4406066,-18.1619228,Great Crested Tern,Thalasseus bergii,NA,NA,28,NA,Suva Pt.--East of Fringing Reef,2013-02-16,06:45:00,obsr230624,2013-02-16 06:45:00,2013,2,16,6,45
178.4406066,-18.1619228,Great Crested Tern,Thalasseus bergii,NA,NA,20,NA,Suva Pt.--East of Fringing Reef,2013-02-02,06:10:00,obsr230624,2013-02-02 06:10:00,2013,2,2,6,10
178.4406066,-18.1619228,Black-naped Tern,Sterna sumatrana,NA,NA,1,NA,Suva Pt.--East of Fringing Reef,2013-03-23,11:30:00,obsr230624,2013-03-23 11:30:00,2013,3,23,11,30
178.7217879,-17.8075336,Black-naped Tern,Sterna sumatrana,NA,NA,5,NA,Leleuvia,2013-03-03,NA,obsr332486,2013-03-03 NA,2013,3,3,NA,NA
178.7217879,-17.8075336,Brown Noddy,Anous stolidus,NA,NA,2,NA,Leleuvia,2013-03-03,NA,obsr332486,2013-03-03 NA,2013,3,3,NA,NA
178.4486103,-18.1526009,Great Crested Tern,Thalasseus bergii,NA,NA,8,NA,Suva Pt.--University,2013-03-16,06:30:00,obsr230624,2013-03-16 06:30:00,2013,3,16,6,30
178.4486103,-18.1526009,Great Crested Tern,Thalasseus bergii,NA,NA,11,NA,Suva Pt.--University,2013-03-18,07:45:00,obsr230624,2013-03-18 07:45:00,2013,3,18,7,45
178.4406066,-18.1619228,Great Crested Tern,Thalasseus bergii,NA,NA,23,NA,Suva Pt.--East of Fringing Reef,2013-03-29,15:50:00,obsr230624,2013-03-29 15:50:00,2013,3,29,15,50
178.7217879,-17.8075336,Great Crested Tern,Thalasseus bergii,NA,NA,5,NA,Leleuvia,2013-03-03,NA,obsr332486,2013-03-03 NA,2013,3,3,NA,NA
178.4406066,-18.1619228,Great Crested Tern,Thalasseus bergii,NA,NA,17,NA,Suva Pt.--East of Fringing Reef,2013-03-09,12:35:00,obsr230624,2013-03-09 12:35:00,2013,3,9,12,35
178.4486103,-18.1526009,Great Crested Tern,Thalasseus bergii,NA,NA,1,NA,Suva Pt.--University,2013-03-29,17:10:00,obsr230624,2013-03-29 17:10:00,2013,3,29,17,10
178.4406066,-18.1619228,Great Crested Tern,Thalasseus bergii,NA,NA,15,NA,Suva Pt.--East of Fringing Reef,2013-03-23,11:30:00,obsr230624,2013-03-23 11:30:00,2013,3,23,11,30
178.4486103,-18.1526009,Great Crested Tern,Thalasseus bergii,NA,NA,10,NA,Suva Pt.--University,2013-03-23,12:40:00,obsr230624,2013-03-23 12:40:00,2013,3,23,12,40
178.4406066,-18.1619228,Lesser Frigatebird,Fregata ariel,NA,NA,9,NA,Suva Pt.--East of Fringing Reef,2013-03-29,15:50:00,obsr230624,2013-03-29 15:50:00,2013,3,29,15,50
178.4406066,-18.1619228,Black-naped Tern,Sterna sumatrana,NA,NA,1,NA,Suva Pt.--East of Fringing Reef,2013-04-06,11:30:00,obsr230624,2013-04-06 11:30:00,2013,4,6,11,30
178.4406066,-18.1619228,Great Crested Tern,Thalasseus bergii,NA,NA,28,NA,Suva Pt.--East of Fringing Reef,2013-04-21,11:00:00,obsr230624,2013-04-21 11:00:00,2013,4,21,11,0
178.4406066,-18.1619228,Great Crested Tern,Thalasseus bergii,NA,NA,16,NA,Suva Pt.--East of Fringing Reef,2013-04-27,16:00:00,obsr230624,2013-04-27 16:00:00,2013,4,27,16,0
178.4486103,-18.1526009,Great Crested Tern,Thalasseus bergii,NA,NA,5,NA,Suva Pt.--University,2013-04-21,11:45:00,obsr230624,2013-04-21 11:45:00,2013,4,21,11,45
178.0795727,-18.2421744,Great Crested Tern,Thalasseus bergii,NA,NA,3,NA,"Pacific Harbour, Viti Levu (General)",2013-04-14,16:00:00,obsr344577,2013-04-14 16:00:00,2013,4,14,16,0
178.4486103,-18.1526009,Great Crested Tern,Thalasseus bergii,NA,NA,1,NA,Suva Pt.--University,2013-04-01,07:10:00,obsr230624,2013-04-01 07:10:00,2013,4,1,7,10
178.4462744,-18.1297102,Great Crested Tern,Thalasseus bergii,NA,NA,2,NA,"Suva, Viti Levu (General)",2013-04-17,06:00:00,obsr344577,2013-04-17 06:00:00,2013,4,17,6,0
178.4406066,-18.1619228,Great Crested Tern,Thalasseus bergii,NA,NA,17,NA,Suva Pt.--East of Fringing Reef,2013-04-06,11:30:00,obsr230624,2013-04-06 11:30:00,2013,4,6,11,30
178.4406066,-18.1619228,Lesser Frigatebird,Fregata ariel,NA,NA,1,NA,Suva Pt.--East of Fringing Reef,2013-04-06,11:30:00,obsr230624,2013-04-06 11:30:00,2013,4,6,11,30
178.4406066,-18.1619228,Lesser Frigatebird,Fregata ariel,NA,NA,1,NA,Suva Pt.--East of Fringing Reef,2013-04-21,11:00:00,obsr230624,2013-04-21 11:00:00,2013,4,21,11,0
178.4462744,-18.1297102,Lesser Frigatebird,Fregata ariel,NA,NA,3,NA,"Suva, Viti Levu (General)",2013-04-17,06:00:00,obsr344577,2013-04-17 06:00:00,2013,4,17,6,0
178.4406066,-18.1619228,Black-naped Tern,Sterna sumatrana,NA,NA,4,NA,Suva Pt.--East of Fringing Reef,2013-05-11,16:00:00,obsr230624,2013-05-11 16:00:00,2013,5,11,16,0
178.4406066,-18.1619228,Black-naped Tern,Sterna sumatrana,NA,NA,2,NA,Suva Pt.--East of Fringing Reef,2013-05-04,10:15:00,obsr230624,2013-05-04 10:15:00,2013,5,4,10,15
178.4406066,-18.1619228,Brown Booby,Sula leucogaster,NA,NA,1,NA,Suva Pt.--East of Fringing Reef,2013-05-11,16:00:00,obsr230624,2013-05-11 16:00:00,2013,5,11,16,0
178.4406066,-18.1619228,Great Crested Tern,Thalasseus bergii,NA,NA,30,NA,Suva Pt.--East of Fringing Reef,2013-05-04,10:15:00,obsr230624,2013-05-04 10:15:00,2013,5,4,10,15
178.4406066,-18.1619228,Great Crested Tern,Thalasseus bergii,NA,NA,24,NA,Suva Pt.--East of Fringing Reef,2013-05-11,16:00:00,obsr230624,2013-05-11 16:00:00,2013,5,11,16,0
178.4406066,-18.1619228,Great Crested Tern,Thalasseus bergii,NA,NA,22,NA,Suva Pt.--East of Fringing Reef,2013-05-18,08:40:00,obsr230624,2013-05-18 08:40:00,2013,5,18,8,40
178.4406066,-18.1619228,Lesser Frigatebird,Fregata ariel,NA,NA,1,NA,Suva Pt.--East of Fringing Reef,2013-05-04,10:15:00,obsr230624,2013-05-04 10:15:00,2013,5,4,10,15
178.4406066,-18.1619228,Black-naped Tern,Sterna sumatrana,NA,NA,1,NA,Suva Pt.--East of Fringing Reef,2013-06-29,07:05:00,obsr230624,2013-06-29 07:05:00,2013,6,29,7,5
178.4406066,-18.1619228,Black-naped Tern,Sterna sumatrana,NA,NA,6,NA,Suva Pt.--East of Fringing Reef,2013-06-01,08:00:00,obsr230624,2013-06-01 08:00:00,2013,6,1,8,0
178.4406066,-18.1619228,Brown Booby,Sula leucogaster,NA,NA,5,NA,Suva Pt.--East of Fringing Reef,2013-06-01,08:00:00,obsr230624,2013-06-01 08:00:00,2013,6,1,8,0
178.4486103,-18.1526009,Brown Booby,Sula leucogaster,NA,NA,1,NA,Suva Pt.--University,2013-06-29,08:20:00,obsr230624,2013-06-29 08:20:00,2013,6,29,8,20
178.4406066,-18.1619228,Brown Booby,Sula leucogaster,NA,NA,1,NA,Suva Pt.--East of Fringing Reef,2013-06-08,15:15:00,obsr230624,2013-06-08 15:15:00,2013,6,8,15,15
178.4406066,-18.1619228,Brown Booby,Sula leucogaster,NA,NA,1,NA,Suva Pt.--East of Fringing Reef,2013-06-29,07:05:00,obsr230624,2013-06-29 07:05:00,2013,6,29,7,5
178.4486103,-18.1526009,Great Crested Tern,Thalasseus bergii,NA,NA,5,NA,Suva Pt.--University,2013-06-29,08:20:00,obsr230624,2013-06-29 08:20:00,2013,6,29,8,20
178.4406066,-18.1619228,Great Crested Tern,Thalasseus bergii,NA,NA,22,NA,Suva Pt.--East of Fringing Reef,2013-06-29,07:05:00,obsr230624,2013-06-29 07:05:00,2013,6,29,7,5
178.4486103,-18.1526009,Great Crested Tern,Thalasseus bergii,NA,NA,25,NA,Suva Pt.--University,2013-06-08,16:20:00,obsr230624,2013-06-08 16:20:00,2013,6,8,16,20
178.4406066,-18.1619228,Great Crested Tern,Thalasseus bergii,NA,NA,25,NA,Suva Pt.--East of Fringing Reef,2013-06-08,15:15:00,obsr230624,2013-06-08 15:15:00,2013,6,8,15,15
178.4406066,-18.1619228,Great Crested Tern,Thalasseus bergii,NA,NA,65,NA,Suva Pt.--East of Fringing Reef,2013-06-01,08:00:00,obsr230624,2013-06-01 08:00:00,2013,6,1,8,0
178.4486103,-18.1526009,Lesser Frigatebird,Fregata ariel,NA,NA,1,NA,Suva Pt.--University,2013-06-08,16:20:00,obsr230624,2013-06-08 16:20:00,2013,6,8,16,20
178.4406066,-18.1619228,Lesser Frigatebird,Fregata ariel,NA,NA,1,NA,Suva Pt.--East of Fringing Reef,2013-06-01,08:00:00,obsr230624,2013-06-01 08:00:00,2013,6,1,8,0
178.71764,-18.16687,Black Noddy,Anous minutus,NA,NA,4,NA,ZZSuvaGau18,2013-07-01,09:50:00,obsr230624,2013-07-01 09:50:00,2013,7,1,9,50
178.57611,-18.18791,Black Noddy,Anous minutus,NA,NA,3,NA,ZZSuvaGau11,2013-07-01,08:40:00,obsr230624,2013-07-01 08:40:00,2013,7,1,8,40
178.67757,-18.17289,Black Noddy,Anous minutus,NA,NA,3,NA,ZZSuvaGau16,2013-07-01,09:30:00,obsr230624,2013-07-01 09:30:00,2013,7,1,9,30
178.65788,-18.17598,Black Noddy,Anous minutus,NA,NA,6,NA,ZZSuvaGau15,2013-07-01,09:20:00,obsr230624,2013-07-01 09:20:00,2013,7,1,9,20
178.7222307,-17.808201,Black Noddy,Anous minutus,NA,NA,1,NA,Leleuvia,2013-07-15,07:00:00,obsr230624,2013-07-15 07:00:00,2013,7,15,7,0
178.91666,-18.15937,Black Noddy,Anous minutus,NA,NA,2,NA,ZZSuvaGau27,2013-07-01,11:20:00,obsr230624,2013-07-01 11:20:00,2013,7,1,11,20
178.44932,-18.16895,Brown Booby,Sula leucogaster,NA,NA,2,NA,ZZLeluviaSuva29,2013-07-15,13:50:00,obsr230624,2013-07-15 13:50:00,2013,7,15,13,50
178.40961,-18.15071,Brown Booby,Sula leucogaster,NA,NA,1,NA,ZZSuvaGau2,2013-07-01,07:10:00,obsr230624,2013-07-01 07:10:00,2013,7,1,7,10
178.55441,-18.18594,Brown Booby,Sula leucogaster,NA,NA,1,NA,ZZSuvaGau10,2013-07-01,08:30:00,obsr230624,2013-07-01 08:30:00,2013,7,1,8,30
178.42195,-18.16615,Brown Booby,Sula leucogaster,NA,NA,3,NA,ZZLeluviaSuva30,2013-07-15,14:00:00,obsr230624,2013-07-15 14:00:00,2013,7,15,14,0
178.7043,-17.93525,Brown Booby,Sula leucogaster,NA,NA,1,NA,ZZLeluviaSuva6,2013-07-15,10:00:00,obsr230624,2013-07-15 10:00:00,2013,7,15,10,0
178.71615,-17.97344,Brown Booby,Sula leucogaster,NA,NA,1,NA,ZZLeluviaSuva8,2013-07-15,10:20:00,obsr230624,2013-07-15 10:20:00,2013,7,15,10,20
178.4406066,-18.1619228,Brown Booby,Sula leucogaster,NA,NA,1,NA,Suva Pt.--East of Fringing Reef,2013-07-21,13:25:00,obsr230624,2013-07-21 13:25:00,2013,7,21,13,25
178.50136,-18.16738,Brown Booby,Sula leucogaster,NA,NA,2,NA,ZZLeluviaSuva27,2013-07-15,13:30:00,obsr230624,2013-07-15 13:30:00,2013,7,15,13,30
178.50104,-18.16693,Brown Booby,Sula leucogaster,NA,NA,1,NA,ZZSuvaGau7,2013-07-01,08:00:00,obsr230624,2013-07-01 08:00:00,2013,7,1,8,0
178.4203,-18.16574,Brown Booby,Sula leucogaster,NA,NA,1,NA,ZZSuvaGau3,2013-07-01,07:20:00,obsr230624,2013-07-01 07:20:00,2013,7,1,7,20
178.48041,-18.1671,Brown Booby,Sula leucogaster,NA,NA,1,NA,ZZSuvaGau6,2013-07-01,07:50:00,obsr230624,2013-07-01 07:50:00,2013,7,1,7,50
178.53353,-18.18314,Brown Noddy,Anous stolidus,NA,NA,2,NA,ZZSuvaGau9,2013-07-01,08:20:00,obsr230624,2013-07-01 08:20:00,2013,7,1,8,20
178.82271,-18.15139,Brown Noddy,Anous stolidus,NA,NA,1,NA,ZZSuvaGau23,2013-07-01,10:40:00,obsr230624,2013-07-01 10:40:00,2013,7,1,10,40
178.78102,-18.15749,Brown Noddy,Anous stolidus,NA,NA,1,NA,ZZSuvaGau21,2013-07-01,10:20:00,obsr230624,2013-07-01 10:20:00,2013,7,1,10,20
178.53353,-18.18314,Great Crested Tern,Thalasseus bergii,NA,NA,1,NA,ZZSuvaGau9,2013-07-01,08:20:00,obsr230624,2013-07-01 08:20:00,2013,7,1,8,20
178.42195,-18.16615,Great Crested Tern,Thalasseus bergii,NA,NA,1,NA,ZZLeluviaSuva30,2013-07-15,14:00:00,obsr230624,2013-07-15 14:00:00,2013,7,15,14,0
178.4353065,-18.1638557,Great Crested Tern,Thalasseus bergii,NA,NA,30,NA,Suva Pt.,2013-07-01,13:00:00,obsr7948,2013-07-01 13:00:00,2013,7,1,13,0
178.4486103,-18.1526009,Great Crested Tern,Thalasseus bergii,NA,NA,17,NA,Suva Pt.--University,2013-07-28,08:00:00,obsr230624,2013-07-28 08:00:00,2013,7,28,8,0
178.69633,-17.91433,Great Crested Tern,Thalasseus bergii,NA,NA,1,NA,ZZLeluviaSuva5,2013-07-15,09:50:00,obsr230624,2013-07-15 09:50:00,2013,7,15,9,50
178.50104,-18.16693,Great Crested Tern,Thalasseus bergii,NA,NA,15,NA,ZZSuvaGau7,2013-07-01,08:00:00,obsr230624,2013-07-01 08:00:00,2013,7,1,8,0
178.51802,-18.18195,Great Crested Tern,Thalasseus bergii,NA,NA,1,NA,ZZLeluviaSuva26,2013-07-15,13:20:00,obsr230624,2013-07-15 13:20:00,2013,7,15,13,20
178.71615,-17.97344,Great Crested Tern,Thalasseus bergii,NA,NA,1,NA,ZZLeluviaSuva8,2013-07-15,10:20:00,obsr230624,2013-07-15 10:20:00,2013,7,15,10,20
178.7222307,-17.808201,Great Crested Tern,Thalasseus bergii,NA,NA,1,NA,Leleuvia,2013-07-15,07:00:00,obsr230624,2013-07-15 07:00:00,2013,7,15,7,0
178.4406066,-18.1619228,Great Crested Tern,Thalasseus bergii,NA,NA,29,NA,Suva Pt.--East of Fringing Reef,2013-07-21,13:25:00,obsr230624,2013-07-21 13:25:00,2013,7,21,13,25
178.4406066,-18.1619228,Great Crested Tern,Thalasseus bergii,NA,NA,31,NA,Suva Pt.--East of Fringing Reef,2013-07-28,07:05:00,obsr230624,2013-07-28 07:05:00,2013,7,28,7,5
178.4486103,-18.1526009,Great Crested Tern,Thalasseus bergii,NA,NA,12,NA,Suva Pt.--University,2013-07-21,17:25:00,obsr230624,2013-07-21 17:25:00,2013,7,21,17,25
178.4353065,-18.1638557,Great Crested Tern,Thalasseus bergii,NA,NA,40,NA,Suva Pt.,2013-07-03,13:00:00,obsr7948,2013-07-03 13:00:00,2013,7,3,13,0
178.4406066,-18.1619228,Lesser Frigatebird,Fregata ariel,NA,NA,1,NA,Suva Pt.--East of Fringing Reef,2013-07-28,07:05:00,obsr230624,2013-07-28 07:05:00,2013,7,28,7,5
178.50104,-18.16693,Lesser Frigatebird,Fregata ariel,NA,NA,1,NA,ZZSuvaGau7,2013-07-01,08:00:00,obsr230624,2013-07-01 08:00:00,2013,7,1,8,0
178.45986,-18.16895,Lesser Frigatebird,Fregata ariel,NA,NA,1,NA,ZZSuvaGau5,2013-07-01,07:40:00,obsr230624,2013-07-01 07:40:00,2013,7,1,7,40
178.4353065,-18.1638557,Lesser Frigatebird,Fregata ariel,NA,NA,2,NA,Suva Pt.,2013-07-03,13:00:00,obsr7948,2013-07-03 13:00:00,2013,7,3,13,0
178.4406066,-18.1619228,Lesser Frigatebird,Fregata ariel,NA,NA,1,NA,Suva Pt.--East of Fringing Reef,2013-07-21,13:25:00,obsr230624,2013-07-21 13:25:00,2013,7,21,13,25
178.41774,-18.13019,Lesser Frigatebird,Fregata ariel,NA,NA,1,NA,ZZSuvaGau1,2013-07-01,07:00:00,obsr230624,2013-07-01 07:00:00,2013,7,1,7,0
178.4353065,-18.1638557,Lesser Frigatebird,Fregata ariel,NA,NA,4,NA,Suva Pt.,2013-07-01,13:00:00,obsr7948,2013-07-01 13:00:00,2013,7,1,13,0
178.8543,-18.17281,Red-footed Booby,Sula sula,NA,NA,1,NA,ZZSuvaGau24,2013-07-01,10:50:00,obsr230624,2013-07-01 10:50:00,2013,7,1,10,50
178.95886,-18.15047,Red-footed Booby,Sula sula,NA,NA,10,NA,ZZSuvaGau29,2013-07-01,11:40:00,obsr230624,2013-07-01 11:40:00,2013,7,1,11,40
178.78102,-18.15749,Red-footed Booby,Sula sula,NA,NA,4,NA,ZZSuvaGau21,2013-07-01,10:20:00,obsr230624,2013-07-01 10:20:00,2013,7,1,10,20
178.69763,-18.17001,Red-footed Booby,Sula sula,NA,NA,1,NA,ZZSuvaGau17,2013-07-01,09:40:00,obsr230624,2013-07-01 09:40:00,2013,7,1,9,40
178.80174,-18.15443,Red-footed Booby,Sula sula,NA,NA,5,NA,ZZSuvaGau22,2013-07-01,10:30:00,obsr230624,2013-07-01 10:30:00,2013,7,1,10,30
178.73827,-18.16394,Red-footed Booby,Sula sula,NA,NA,5,NA,ZZSuvaGau19,2013-07-01,10:00:00,obsr230624,2013-07-01 10:00:00,2013,7,1,10,0
179.2485835,-17.9569284,Black Noddy,Anous minutus,NA,NA,5,NA,ZZGauBatiki7,2013-07-03,12:40:00,obsr230624,2013-07-03 12:40:00,2013,7,3,12,40
179.2312755,-17.9234884,Black Noddy,Anous minutus,NA,NA,13,NA,ZZGauBatiki9,2013-07-03,13:00:00,obsr230624,2013-07-03 13:00:00,2013,7,3,13,0
179.02306,-18.13664,Black Noddy,Anous minutus,NA,NA,1,NA,ZZSuvaGau32,2013-07-01,12:10:00,obsr230624,2013-07-01 12:10:00,2013,7,1,12,10
179.319159,-17.749758,Black Noddy,Anous minutus,NA,NA,1,NA,ZZBatikiNairai8,2013-07-04,16:30:00,obsr230624,2013-07-04 16:30:00,2013,7,4,16,30
179.2399295,-17.9402084,Black Noddy,Anous minutus,NA,NA,1,NA,ZZGauBatiki8,2013-07-03,12:50:00,obsr230624,2013-07-03 12:50:00,2013,7,3,12,50
179.28689,-17.76761,Black Noddy,Anous minutus,NA,NA,1,NA,ZZCiciaLeluvia52,2013-07-14,15:10:00,obsr230624,2013-07-14 15:10:00,2013,7,14,15,10
179.347992,-17.745225,Black Noddy,Anous minutus,NA,NA,1,NA,ZZBatikiNairai9,2013-07-04,16:40:00,obsr230624,2013-07-04 16:40:00,2013,7,4,16,40
179.2572375,-17.9736484,Black Noddy,Anous minutus,NA,NA,1,NA,ZZGauBatiki6,2013-07-03,12:30:00,obsr230624,2013-07-03 12:30:00,2013,7,3,12,30
179.1620435,-17.7897284,Black Noddy,Anous minutus,NA,NA,1,NA,ZZGauBatiki17,2013-07-03,14:20:00,obsr230624,2013-07-03 14:20:00,2013,7,3,14,20
179.55971,-17.69633,Black Noddy,Anous minutus,NA,NA,1,NA,ZZCiciaLeluvia39,2013-07-14,13:00:00,obsr230624,2013-07-14 13:00:00,2013,7,14,13,0
179.34912,-17.631465,Black Noddy,Anous minutus,NA,NA,2,NA,ZZNairaiKoro8,2013-07-07,10:10:00,obsr230624,2013-07-07 10:10:00,2013,7,7,10,10
179.2139675,-17.8900484,Black Noddy,Anous minutus,NA,NA,1,NA,ZZGauBatiki11,2013-07-03,13:20:00,obsr230624,2013-07-03 13:20:00,2013,7,3,13,20
179.1793515,-17.8231684,Black Noddy,Anous minutus,NA,NA,1,NA,ZZGauBatiki15,2013-07-03,14:00:00,obsr230624,2013-07-03 14:00:00,2013,7,3,14,0
179.99412,-17.63572,Black Noddy,Anous minutus,NA,NA,2,NA,ZZCiciaLeluvia20,2013-07-14,09:50:00,obsr230624,2013-07-14 09:50:00,2013,7,14,9,50
179.2752517,-18.0829617,Black Noddy,Anous minutus,NA,NA,57,NA,ZZSuvaGau44,2013-07-01,14:10:00,obsr230624,2013-07-01 14:10:00,2013,7,1,14,10
179.42022,-17.68189,Black Noddy,Anous minutus,NA,NA,41,NA,ZZCiciaLeluvia45,2013-07-14,14:00:00,obsr230624,2013-07-14 14:00:00,2013,7,14,14,0
179.2524967,-18.0875667,Black Noddy,Anous minutus,NA,NA,5,NA,ZZSuvaGau43,2013-07-01,14:00:00,obsr230624,2013-07-01 14:00:00,2013,7,1,14,0
179.35376,-17.65046,Black Noddy,Anous minutus,NA,NA,40,NA,ZZNairaiKoro7,2013-07-07,10:00:00,obsr230624,2013-07-07 10:00:00,2013,7,7,10,0
179.33519,-17.419114,Black Noddy,Anous minutus,NA,NA,3,NA,ZZNairaiKoro20,2013-07-07,12:10:00,obsr230624,2013-07-07 12:10:00,2013,7,7,12,10
179.65143,-17.69938,Black Noddy,Anous minutus,NA,NA,4,NA,ZZCiciaLeluvia35,2013-07-14,12:20:00,obsr230624,2013-07-14 12:20:00,2013,7,14,12,20
179.370376,-17.718562,Black Noddy,Anous minutus,NA,NA,30,NA,ZZNairaiKoro3,2013-07-07,09:20:00,obsr230624,2013-07-07 09:20:00,2013,7,7,9,20
179.360486,-17.687381,Black Noddy,Anous minutus,NA,NA,3,NA,ZZNairaiKoro5,2013-07-07,09:40:00,obsr230624,2013-07-07 09:40:00,2013,7,7,9,40
179.336093,-17.472431,Black Noddy,Anous minutus,NA,NA,3,NA,ZZNairaiKoro17,2013-07-07,11:40:00,obsr230624,2013-07-07 11:40:00,2013,7,7,11,40
179.40199,-17.753721,Black Noddy,Anous minutus,NA,NA,25,NA,ZZBatikiNairai11,2013-07-04,17:00:00,obsr230624,2013-07-04 17:00:00,2013,7,4,17,0
179.361578,-17.70128,Black Noddy,Anous minutus,NA,NA,12,NA,ZZNairaiKoro4,2013-07-07,09:30:00,obsr230624,2013-07-07 09:30:00,2013,7,7,9,30
179.69715,-17.69291,Black Noddy,Anous minutus,NA,NA,5,NA,ZZCiciaLeluvia33,2013-07-14,12:00:00,obsr230624,2013-07-14 12:00:00,2013,7,14,12,0
179.08706,-18.12305,Black Noddy,Anous minutus,NA,NA,3,NA,ZZSuvaGau35,2013-07-01,12:40:00,obsr230624,2013-07-01 12:40:00,2013,7,1,12,40
179.3012874,-18.0539616,Black-naped Tern,Sterna sumatrana,NA,NA,5,NA,Gau NFMV base,2013-07-03,08:15:00,obsr230624,2013-07-03 08:15:00,2013,7,3,8,15
179.40539,-17.78207,Black-naped Tern,Sterna sumatrana,NA,NA,2,NA,Nairai,2013-07-06,07:55:00,obsr230624,2013-07-06 07:55:00,2013,7,6,7,55
179.370376,-17.718562,Brown Booby,Sula leucogaster,NA,NA,1,NA,ZZNairaiKoro3,2013-07-07,09:20:00,obsr230624,2013-07-07 09:20:00,2013,7,7,9,20
179.2312755,-17.9234884,Brown Noddy,Anous stolidus,NA,NA,2,NA,ZZGauBatiki9,2013-07-03,13:00:00,obsr230624,2013-07-03 13:00:00,2013,7,3,13,0
179.58232,-17.69705,Brown Noddy,Anous stolidus,NA,NA,1,NA,ZZCiciaLeluvia38,2013-07-14,12:50:00,obsr230624,2013-07-14 12:50:00,2013,7,14,12,50
179.338536,-17.503259,Collared Petrel,Pterodroma brevipes,NA,NA,1,NA,ZZNairaiKoro15,2013-07-07,11:20:00,obsr230624,2013-07-07 11:20:00,2013,7,7,11,20
179.83474,-17.66227,Collared Petrel,Pterodroma brevipes,NA,NA,2,NA,ZZCiciaLeluvia27,2013-07-14,11:00:00,obsr230624,2013-07-14 11:00:00,2013,7,14,11,0
179.13547,-17.778379,Great Crested Tern,Thalasseus bergii,NA,NA,1,NA,ZZBatikiNairai1,2013-07-04,15:20:00,obsr230624,2013-07-04 15:20:00,2013,7,4,15,20
179.40539,-17.78207,Great Crested Tern,Thalasseus bergii,NA,NA,1,NA,Nairai,2013-07-07,07:30:00,obsr230624,2013-07-07 07:30:00,2013,7,7,7,30
179.3012874,-18.0539616,Great Crested Tern,Thalasseus bergii,NA,NA,2,NA,Gau NFMV base,2013-07-03,08:15:00,obsr230624,2013-07-03 08:15:00,2013,7,3,8,15
179.40539,-17.78207,Great Crested Tern,Thalasseus bergii,NA,NA,9,NA,Nairai,2013-07-06,07:55:00,obsr230624,2013-07-06 07:55:00,2013,7,6,7,55
179.40199,-17.753721,Great Crested Tern,Thalasseus bergii,NA,NA,1,NA,ZZBatikiNairai11,2013-07-04,17:00:00,obsr230624,2013-07-04 17:00:00,2013,7,4,17,0
179.40539,-17.78207,Great Crested Tern,Thalasseus bergii,NA,NA,10,NA,Nairai,2013-07-05,11:30:00,obsr230624,2013-07-05 11:30:00,2013,7,5,11,30
179.40539,-17.78207,Lesser Frigatebird,Fregata ariel,NA,NA,2,NA,Nairai,2013-07-07,07:30:00,obsr230624,2013-07-07 07:30:00,2013,7,7,7,30
179.39097,-17.748834,Lesser Frigatebird,Fregata ariel,NA,NA,1,NA,ZZNairaiKoro1,2013-07-07,09:00:00,obsr230624,2013-07-07 09:00:00,2013,7,7,9,0
179.3005075,-18.0572484,Lesser Frigatebird,Fregata ariel,NA,NA,10,NA,ZZGauBatiki1,2013-07-03,11:40:00,obsr230624,2013-07-03 11:40:00,2013,7,3,11,40
179.149,-17.78941,Lesser Frigatebird,Fregata ariel,NA,NA,1,NA,Batiki,2013-07-03,14:53:00,obsr230624,2013-07-03 14:53:00,2013,7,3,14,53
179.74269,-17.68224,Red-footed Booby,Sula sula,NA,NA,1,NA,ZZCiciaLeluvia31,2013-07-14,11:40:00,obsr230624,2013-07-14 11:40:00,2013,7,14,11,40
179.2139675,-17.8900484,Red-footed Booby,Sula sula,NA,NA,1,NA,ZZGauBatiki11,2013-07-03,13:20:00,obsr230624,2013-07-03 13:20:00,2013,7,3,13,20
179.1192,-18.11478,Red-footed Booby,Sula sula,NA,NA,1,NA,ZZSuvaGau37,2013-07-01,13:00:00,obsr230624,2013-07-01 13:00:00,2013,7,1,13,0
179.342171,-17.276215,Red-footed Booby,Sula sula,NA,NA,2,NA,ZZNairaiKoro29,2013-07-07,13:40:00,obsr230624,2013-07-07 13:40:00,2013,7,7,13,40
179.335772,-17.379361,Red-footed Booby,Sula sula,NA,NA,7,NA,ZZNairaiKoro22,2013-07-07,12:30:00,obsr230624,2013-07-07 12:30:00,2013,7,7,12,30
179.65267,-17.23004,Red-footed Booby,Sula sula,NA,NA,1,NA,ZZKoroYacata12,2013-07-08,08:20:00,obsr230624,2013-07-08 08:20:00,2013,7,8,8,20
179.35376,-17.65046,Red-footed Booby,Sula sula,NA,NA,7,NA,ZZNairaiKoro7,2013-07-07,10:00:00,obsr230624,2013-07-07 10:00:00,2013,7,7,10,0
179.1793515,-17.8231684,Red-footed Booby,Sula sula,NA,NA,2,NA,ZZGauBatiki15,2013-07-03,14:00:00,obsr230624,2013-07-03 14:00:00,2013,7,3,14,0
179.34328,-17.73012,Red-footed Booby,Sula sula,NA,NA,1,NA,ZZCiciaLeluvia49,2013-07-14,14:40:00,obsr230624,2013-07-14 14:40:00,2013,7,14,14,40
179.333536,-17.293295,Red-footed Booby,Sula sula,NA,NA,4,NA,ZZNairaiKoro27,2013-07-07,13:20:00,obsr230624,2013-07-07 13:20:00,2013,7,7,13,20
179.328396,-17.273798,Red-footed Booby,Sula sula,NA,NA,1,NA,ZZNairaiKoro28,2013-07-07,13:30:00,obsr230624,2013-07-07 13:30:00,2013,7,7,13,30
179.36213,-17.71741,Red-footed Booby,Sula sula,NA,NA,1,NA,ZZCiciaLeluvia48,2013-07-14,14:30:00,obsr230624,2013-07-14 14:30:00,2013,7,14,14,30
179.062,-17.85937,Red-footed Booby,Sula sula,NA,NA,1,NA,ZZCiciaLeluvia64,2013-07-14,17:10:00,obsr230624,2013-07-14 17:10:00,2013,7,14,17,10
179.30699,-17.7565,Red-footed Booby,Sula sula,NA,NA,2,NA,ZZCiciaLeluvia51,2013-07-14,15:00:00,obsr230624,2013-07-14 15:00:00,2013,7,14,15,0
179.261316,-17.757674,Red-footed Booby,Sula sula,NA,NA,1,NA,ZZBatikiNairai6,2013-07-04,16:10:00,obsr230624,2013-07-04 16:10:00,2013,7,4,16,10
179.1620435,-17.7897284,Red-footed Booby,Sula sula,NA,NA,1,NA,ZZGauBatiki17,2013-07-03,14:20:00,obsr230624,2013-07-03 14:20:00,2013,7,3,14,20
179.44924,-17.22074,Tahiti Petrel,Pseudobulweria rostrata,NA,NA,1,NA,ZZKoroYacata3,2013-07-08,06:50:00,obsr230624,2013-07-08 06:50:00,2013,7,8,6,50
179.81138,-17.66627,Tahiti Petrel,Pseudobulweria rostrata,NA,NA,1,NA,ZZCiciaLeluvia28,2013-07-14,11:10:00,obsr230624,2013-07-14 11:10:00,2013,7,14,11,10
179.319159,-17.749758,Tahiti Petrel,Pseudobulweria rostrata,NA,NA,1,NA,ZZBatikiNairai8,2013-07-04,16:30:00,obsr230624,2013-07-04 16:30:00,2013,7,4,16,30
179.2139675,-17.8900484,Tahiti Petrel,Pseudobulweria rostrata,NA,NA,1,NA,ZZGauBatiki11,2013-07-03,13:20:00,obsr230624,2013-07-03 13:20:00,2013,7,3,13,20
179.48537,-17.226,Tahiti Petrel,Pseudobulweria rostrata,NA,NA,2,NA,ZZKoroYacata5,2013-07-08,07:10:00,obsr230624,2013-07-08 07:10:00,2013,7,8,7,10
179.261316,-17.757674,Tahiti Petrel,Pseudobulweria rostrata,NA,NA,1,NA,ZZBatikiNairai6,2013-07-04,16:10:00,obsr230624,2013-07-04 16:10:00,2013,7,4,16,10
179.34912,-17.631465,Tahiti Petrel,Pseudobulweria rostrata,NA,NA,1,NA,ZZNairaiKoro8,2013-07-07,10:10:00,obsr230624,2013-07-07 10:10:00,2013,7,7,10,10
179.46128,-17.22534,Tahiti Petrel,Pseudobulweria rostrata,NA,NA,2,NA,ZZKoroYacata4,2013-07-08,07:00:00,obsr230624,2013-07-08 07:00:00,2013,7,8,7,0
179.94905,-17.63674,Tahiti Petrel,Pseudobulweria rostrata,NA,NA,1,NA,ZZCiciaLeluvia22,2013-07-14,10:10:00,obsr230624,2013-07-14 10:10:00,2013,7,14,10,10
179.2312755,-17.9234884,Tahiti Petrel,Pseudobulweria rostrata,NA,NA,1,NA,ZZGauBatiki9,2013-07-03,13:00:00,obsr230624,2013-07-03 13:00:00,2013,7,3,13,0
179.83474,-17.66227,Tahiti Petrel,Pseudobulweria rostrata,NA,NA,1,NA,ZZCiciaLeluvia27,2013-07-14,11:00:00,obsr230624,2013-07-14 11:00:00,2013,7,14,11,0
179.49006,-17.68951,Tahiti Petrel,Pseudobulweria rostrata,NA,NA,1,NA,ZZCiciaLeluvia42,2013-07-14,13:30:00,obsr230624,2013-07-14 13:30:00,2013,7,14,13,30
179.78835,-17.67207,Tahiti Petrel,Pseudobulweria rostrata,NA,NA,1,NA,ZZCiciaLeluvia29,2013-07-14,11:20:00,obsr230624,2013-07-14 11:20:00,2013,7,14,11,20
179.65267,-17.23004,Tahiti Petrel,Pseudobulweria rostrata,NA,NA,2,NA,ZZKoroYacata12,2013-07-08,08:20:00,obsr230624,2013-07-08 08:20:00,2013,7,8,8,20
179.2299,-18.0921,Tahiti Petrel,Pseudobulweria rostrata,NA,NA,1,NA,ZZSuvaGau42,2013-07-01,13:50:00,obsr230624,2013-07-01 13:50:00,2013,7,1,13,50
179.85771,-17.65606,Tahiti Petrel,Pseudobulweria rostrata,NA,NA,3,NA,ZZCiciaLeluvia26,2013-07-14,10:50:00,obsr230624,2013-07-14 10:50:00,2013,7,14,10,50
179.341271,-17.565006,White-tailed Tropicbird,Phaethon lepturus,NA,NA,1,NA,ZZNairaiKoro12,2013-07-07,10:50:00,obsr230624,2013-07-07 10:50:00,2013,7,7,10,50
179.87967,-17.22465,Brown Noddy,Anous stolidus,NA,NA,1,NA,ZZKoroYacata21,2013-07-08,09:50:00,obsr230624,2013-07-08 09:50:00,2013,7,8,9,50
179.72946,-17.22748,Collared Petrel,Pterodroma brevipes,NA,NA,1,NA,ZZKoroYacata15,2013-07-08,08:50:00,obsr230624,2013-07-08 08:50:00,2013,7,8,8,50
179.87967,-17.22465,Red-footed Booby,Sula sula,NA,NA,1,NA,ZZKoroYacata21,2013-07-08,09:50:00,obsr230624,2013-07-08 09:50:00,2013,7,8,9,50
179.72946,-17.22748,Tahiti Petrel,Pseudobulweria rostrata,NA,NA,1,NA,ZZKoroYacata15,2013-07-08,08:50:00,obsr230624,2013-07-08 08:50:00,2013,7,8,8,50
179.9049,-17.22465,Tahiti Petrel,Pseudobulweria rostrata,NA,NA,1,NA,ZZKoroYacata22,2013-07-08,10:00:00,obsr230624,2013-07-08 10:00:00,2013,7,8,10,0
179.80401,-17.22465,White-tailed Tropicbird,Phaethon lepturus,NA,NA,1,NA,ZZKoroYacata18,2013-07-08,09:20:00,obsr230624,2013-07-08 09:20:00,2013,7,8,9,20
178.4406066,-18.1619228,Brown Booby,Sula leucogaster,NA,NA,1,NA,Suva Pt.--East of Fringing Reef,2013-08-04,13:40:00,obsr230624,2013-08-04 13:40:00,2013,8,4,13,40
178.4406066,-18.1619228,Great Crested Tern,Thalasseus bergii,NA,NA,36,NA,Suva Pt.--East of Fringing Reef,2013-08-04,13:40:00,obsr230624,2013-08-04 13:40:00,2013,8,4,13,40
178.4406066,-18.1619228,Black-naped Tern,Sterna sumatrana,NA,NA,4,NA,Suva Pt.--East of Fringing Reef,2013-09-14,09:55:00,obsr230624,2013-09-14 09:55:00,2013,9,14,9,55
178.4406066,-18.1619228,Brown Booby,Sula leucogaster,NA,NA,1,NA,Suva Pt.--East of Fringing Reef,2013-09-14,09:55:00,obsr230624,2013-09-14 09:55:00,2013,9,14,9,55
178.4406066,-18.1619228,Great Crested Tern,Thalasseus bergii,NA,NA,13,NA,Suva Pt.--East of Fringing Reef,2013-09-08,16:30:00,obsr230624,2013-09-08 16:30:00,2013,9,8,16,30
178.4486103,-18.1526009,Great Crested Tern,Thalasseus bergii,NA,NA,18,NA,Suva Pt.--University,2013-09-29,11:45:00,obsr230624,2013-09-29 11:45:00,2013,9,29,11,45
178.4406066,-18.1619228,Great Crested Tern,Thalasseus bergii,NA,NA,15,NA,Suva Pt.--East of Fringing Reef,2013-09-29,10:50:00,obsr230624,2013-09-29 10:50:00,2013,9,29,10,50
178.4406066,-18.1619228,Great Crested Tern,Thalasseus bergii,NA,NA,17,NA,Suva Pt.--East of Fringing Reef,2013-09-14,09:55:00,obsr230624,2013-09-14 09:55:00,2013,9,14,9,55
178.4462744,-18.1297102,Great Crested Tern,Thalasseus bergii,NA,NA,4,NA,"Suva, Viti Levu (General)",2013-09-03,NA,obsr584791,2013-09-03 NA,2013,9,3,NA,NA
178.4486103,-18.1526009,Great Crested Tern,Thalasseus bergii,NA,NA,11,NA,Suva Pt.--University,2013-09-14,10:50:00,obsr230624,2013-09-14 10:50:00,2013,9,14,10,50
178.4486103,-18.1526009,Lesser Frigatebird,Fregata ariel,NA,NA,1,NA,Suva Pt.--University,2013-09-14,10:50:00,obsr230624,2013-09-14 10:50:00,2013,9,14,10,50
178.4406066,-18.1619228,Lesser Frigatebird,Fregata ariel,NA,NA,1,NA,Suva Pt.--East of Fringing Reef,2013-09-29,10:50:00,obsr230624,2013-09-29 10:50:00,2013,9,29,10,50
178.4406066,-18.1619228,Lesser Frigatebird,Fregata ariel,NA,NA,1,NA,Suva Pt.--East of Fringing Reef,2013-09-14,09:55:00,obsr230624,2013-09-14 09:55:00,2013,9,14,9,55
178.4406066,-18.1619228,Black-naped Tern,Sterna sumatrana,NA,NA,1,NA,Suva Pt.--East of Fringing Reef,2013-10-24,06:30:00,obsr230624,2013-10-24 06:30:00,2013,10,24,6,30
178.4406066,-18.1619228,Black-naped Tern,Sterna sumatrana,NA,NA,8,NA,Suva Pt.--East of Fringing Reef,2013-10-12,08:55:00,obsr230624,2013-10-12 08:55:00,2013,10,12,8,55
178.4406066,-18.1619228,Great Crested Tern,Thalasseus bergii,NA,NA,32,NA,Suva Pt.--East of Fringing Reef,2013-10-12,08:55:00,obsr230624,2013-10-12 08:55:00,2013,10,12,8,55
178.4406066,-18.1619228,Great Crested Tern,Thalasseus bergii,NA,NA,63,NA,Suva Pt.--East of Fringing Reef,2013-10-24,06:30:00,obsr230624,2013-10-24 06:30:00,2013,10,24,6,30
178.5518646,-17.2717329,Black-naped Tern,Sterna sumatrana,NA,NA,15,NA,Vatu-i-Cake,2013-10-12,NA,obsr107855,2013-10-12 NA,2013,10,12,NA,NA
178.5518646,-17.2717329,Brown Booby,Sula leucogaster,NA,NA,25,NA,Vatu-i-Cake,2013-10-12,NA,obsr107855,2013-10-12 NA,2013,10,12,NA,NA
178.5518646,-17.2717329,Brown Noddy,Anous stolidus,NA,NA,35,NA,Vatu-i-Cake,2013-10-12,NA,obsr107855,2013-10-12 NA,2013,10,12,NA,NA
178.5518646,-17.2717329,Great Crested Tern,Thalasseus bergii,NA,NA,4,NA,Vatu-i-Cake,2013-10-12,NA,obsr107855,2013-10-12 NA,2013,10,12,NA,NA
178.5518646,-17.2717329,Lesser Frigatebird,Fregata ariel,NA,NA,1,NA,Vatu-i-Cake,2013-10-12,NA,obsr107855,2013-10-12 NA,2013,10,12,NA,NA
178.4406066,-18.1619228,Black-naped Tern,Sterna sumatrana,NA,NA,1,NA,Suva Pt.--East of Fringing Reef,2013-11-23,07:30:00,obsr230624,2013-11-23 07:30:00,2013,11,23,7,30
178.4406066,-18.1619228,Black-naped Tern,Sterna sumatrana,NA,NA,2,NA,Suva Pt.--East of Fringing Reef,2013-11-09,08:25:00,obsr230624,2013-11-09 08:25:00,2013,11,9,8,25
178.4406066,-18.1619228,Great Crested Tern,Thalasseus bergii,NA,NA,22,NA,Suva Pt.--East of Fringing Reef,2013-11-09,08:25:00,obsr230624,2013-11-09 08:25:00,2013,11,9,8,25
178.4406066,-18.1619228,Great Crested Tern,Thalasseus bergii,NA,NA,41,NA,Suva Pt.--East of Fringing Reef,2013-11-23,07:30:00,obsr230624,2013-11-23 07:30:00,2013,11,23,7,30
178.4406066,-18.1619228,Black-naped Tern,Sterna sumatrana,NA,NA,2,NA,Suva Pt.--East of Fringing Reef,2013-12-26,09:50:00,obsr230624,2013-12-26 09:50:00,2013,12,26,9,50
178.4406066,-18.1619228,Black-naped Tern,Sterna sumatrana,NA,NA,1,NA,Suva Pt.--East of Fringing Reef,2013-12-15,14:15:00,obsr230624,2013-12-15 14:15:00,2013,12,15,14,15
178.4406066,-18.1619228,Great Crested Tern,Thalasseus bergii,NA,NA,17,NA,Suva Pt.--East of Fringing Reef,2013-12-26,09:50:00,obsr230624,2013-12-26 09:50:00,2013,12,26,9,50
178.4406066,-18.1619228,Great Crested Tern,Thalasseus bergii,NA,NA,20,NA,Suva Pt.--East of Fringing Reef,2013-12-15,14:15:00,obsr230624,2013-12-15 14:15:00,2013,12,15,14,15
178.4486103,-18.1526009,Great Crested Tern,Thalasseus bergii,NA,NA,15,NA,Suva Pt.--University,2013-12-22,07:45:00,obsr230624,2013-12-22 07:45:00,2013,12,22,7,45
178.4406066,-18.1619228,Great Crested Tern,Thalasseus bergii,NA,NA,30,NA,Suva Pt.--East of Fringing Reef,2013-12-22,06:40:00,obsr230624,2013-12-22 06:40:00,2013,12,22,6,40
178.7222307,-17.808201,Black Noddy,Anous minutus,NA,NA,2,NA,Leleuvia,2014-01-29,NA,obsr230624,2014-01-29 NA,2014,1,29,NA,NA
178.7222307,-17.808201,Black-naped Tern,Sterna sumatrana,NA,NA,9,NA,Leleuvia,2014-01-29,NA,obsr230624,2014-01-29 NA,2014,1,29,NA,NA
178.4406066,-18.1619228,Black-naped Tern,Sterna sumatrana,NA,NA,4,NA,Suva Pt.--East of Fringing Reef,2014-01-12,00:45:00,obsr230624,2014-01-12 00:45:00,2014,1,12,0,45
178.4406066,-18.1619228,Great Crested Tern,Thalasseus bergii,NA,NA,16,NA,Suva Pt.--East of Fringing Reef,2014-01-05,18:05:00,obsr230624,2014-01-05 18:05:00,2014,1,5,18,5
178.4406066,-18.1619228,Great Crested Tern,Thalasseus bergii,NA,NA,29,NA,Suva Pt.--East of Fringing Reef,2014-01-12,00:45:00,obsr230624,2014-01-12 00:45:00,2014,1,12,0,45
178.7222307,-17.808201,Great Crested Tern,Thalasseus bergii,NA,NA,25,NA,Leleuvia,2014-01-29,NA,obsr230624,2014-01-29 NA,2014,1,29,NA,NA
178.4486103,-18.1526009,Great Crested Tern,Thalasseus bergii,NA,NA,12,NA,Suva Pt.--University,2014-01-26,08:00:00,obsr230624,2014-01-26 08:00:00,2014,1,26,8,0
178.7222307,-17.808201,Great Crested Tern,Thalasseus bergii,NA,NA,1,NA,Leleuvia,2014-01-17,08:00:00,obsr230624,2014-01-17 08:00:00,2014,1,17,8,0
178.7222307,-17.808201,Great Crested Tern,Thalasseus bergii,NA,NA,4,NA,Leleuvia,2014-01-16,17:00:00,obsr230624,2014-01-16 17:00:00,2014,1,16,17,0
178.7222307,-17.808201,Lesser Frigatebird,Fregata ariel,NA,NA,1,NA,Leleuvia,2014-01-29,NA,obsr230624,2014-01-29 NA,2014,1,29,NA,NA
178.4406066,-18.1619228,Black-naped Tern,Sterna sumatrana,NA,NA,3,NA,Suva Pt.--East of Fringing Reef,2014-02-08,09:35:00,obsr230624,2014-02-08 09:35:00,2014,2,8,9,35
178.4406066,-18.1619228,Great Crested Tern,Thalasseus bergii,NA,NA,8,NA,Suva Pt.--East of Fringing Reef,2014-02-08,09:35:00,obsr230624,2014-02-08 09:35:00,2014,2,8,9,35
178.4486103,-18.1526009,Great Crested Tern,Thalasseus bergii,NA,NA,51,NA,Suva Pt.--University,2014-02-08,10:20:00,obsr230624,2014-02-08 10:20:00,2014,2,8,10,20
178.4486103,-18.1526009,Great Crested Tern,Thalasseus bergii,NA,NA,11,NA,Suva Pt.--University,2014-03-25,10:10:00,obsr230624,2014-03-25 10:10:00,2014,3,25,10,10
178.4406066,-18.1619228,Great Crested Tern,Thalasseus bergii,NA,NA,38,NA,Suva Pt.--East of Fringing Reef,2014-03-29,13:25:00,obsr230624,2014-03-29 13:25:00,2014,3,29,13,25
178.4406066,-18.1619228,Great Crested Tern,Thalasseus bergii,NA,NA,18,NA,Suva Pt.--East of Fringing Reef,2014-03-09,09:15:00,obsr230624,2014-03-09 09:15:00,2014,3,9,9,15
178.4486103,-18.1526009,Great Crested Tern,Thalasseus bergii,NA,NA,16,NA,Suva Pt.--University,2014-03-29,14:35:00,obsr230624,2014-03-29 14:35:00,2014,3,29,14,35
178.4406066,-18.1619228,Great Crested Tern,Thalasseus bergii,NA,NA,17,NA,Suva Pt.--East of Fringing Reef,2014-03-25,09:20:00,obsr230624,2014-03-25 09:20:00,2014,3,25,9,20
178.4486103,-18.1526009,Great Crested Tern,Thalasseus bergii,NA,NA,4,NA,Suva Pt.--University,2014-03-09,09:50:00,obsr230624,2014-03-09 09:50:00,2014,3,9,9,50
178.4406066,-18.1619228,Great Crested Tern,Thalasseus bergii,NA,NA,8,NA,Suva Pt.--East of Fringing Reef,2014-03-15,14:15:00,obsr230624,2014-03-15 14:15:00,2014,3,15,14,15
178.4406066,-18.1619228,Lesser Frigatebird,Fregata ariel,NA,NA,3,NA,Suva Pt.--East of Fringing Reef,2014-03-29,13:25:00,obsr230624,2014-03-29 13:25:00,2014,3,29,13,25
178.4406066,-18.1619228,Lesser Frigatebird,Fregata ariel,NA,NA,1,NA,Suva Pt.--East of Fringing Reef,2014-03-25,09:20:00,obsr230624,2014-03-25 09:20:00,2014,3,25,9,20
178.4622359,-18.0596807,Great Crested Tern,Thalasseus bergii,NA,NA,1,NA,Colo-I-Suva Forest Park,2014-04-28,NA,obsr551071,2014-04-28 NA,2014,4,28,NA,NA
178.4486103,-18.1526009,Great Crested Tern,Thalasseus bergii,NA,NA,3,NA,Suva Pt.--University,2014-04-12,13:40:00,obsr230624,2014-04-12 13:40:00,2014,4,12,13,40
178.4406066,-18.1619228,Great Crested Tern,Thalasseus bergii,NA,NA,17,NA,Suva Pt.--East of Fringing Reef,2014-04-06,07:35:00,obsr230624,2014-04-06 07:35:00,2014,4,6,7,35
178.4486103,-18.1526009,Great Crested Tern,Thalasseus bergii,NA,NA,10,NA,Suva Pt.--University,2014-04-06,08:25:00,obsr230624,2014-04-06 08:25:00,2014,4,6,8,25
178.4406066,-18.1619228,Great Crested Tern,Thalasseus bergii,NA,NA,9,NA,Suva Pt.--East of Fringing Reef,2014-04-12,12:40:00,obsr230624,2014-04-12 12:40:00,2014,4,12,12,40
178.075676,-18.4333648,Great Crested Tern,Thalasseus bergii,NA,NA,1,NA,Royal Davui Island Resort,2014-04-04,10:30:00,obsr365585,2014-04-04 10:30:00,2014,4,4,10,30
178.4406066,-18.1619228,Lesser Frigatebird,Fregata ariel,NA,NA,1,NA,Suva Pt.--East of Fringing Reef,2014-04-12,12:40:00,obsr230624,2014-04-12 12:40:00,2014,4,12,12,40
178.0795727,-18.2421744,Lesser Frigatebird,Fregata ariel,NA,NA,3,NA,"Pacific Harbour, Viti Levu (General)",2014-04-01,NA,obsr610769,2014-04-01 NA,2014,4,1,NA,NA
178.075676,-18.4333648,Lesser Frigatebird,Fregata ariel,NA,NA,6,NA,Royal Davui Island Resort,2014-04-04,10:30:00,obsr365585,2014-04-04 10:30:00,2014,4,4,10,30
178.075676,-18.4333648,Lesser Frigatebird,Fregata ariel,NA,NA,11,NA,Royal Davui Island Resort,2014-04-05,18:00:00,obsr365585,2014-04-05 18:00:00,2014,4,5,18,0
179.2529043,-18.0393813,Black Noddy,Anous minutus,NA,NA,1,NA,Gau Island,2014-04-16,NA,obsr551071,2014-04-16 NA,2014,4,16,NA,NA
178.8338891,-17.681801,Black Noddy,Anous minutus,NA,NA,1,NA,Levuka dock area and nearby mountains,2014-04-14,NA,obsr551071,2014-04-14 NA,2014,4,14,NA,NA
179.2529043,-18.0393813,Black Noddy,Anous minutus,NA,NA,50,NA,Gau Island,2014-04-15,06:00:00,obsr531927,2014-04-15 06:00:00,2014,4,15,6,0
179.2529043,-18.0393813,Bridled Tern,Onychoprion anaethetus,NA,NA,6,NA,Gau Island,2014-04-15,06:00:00,obsr531927,2014-04-15 06:00:00,2014,4,15,6,0
178.8338891,-17.681801,Brown Booby,Sula leucogaster,NA,NA,1,NA,Levuka dock area and nearby mountains,2014-04-13,NA,obsr551071,2014-04-13 NA,2014,4,13,NA,NA
179.2529043,-18.0393813,Brown Booby,Sula leucogaster,NA,NA,1,NA,Gau Island,2014-04-16,NA,obsr551071,2014-04-16 NA,2014,4,16,NA,NA
179.2529043,-18.0393813,Brown Noddy,Anous stolidus,NA,NA,20,NA,Gau Island,2014-04-15,06:00:00,obsr531927,2014-04-15 06:00:00,2014,4,15,6,0
179.2529043,-18.0393813,Brown Noddy,Anous stolidus,NA,NA,1,NA,Gau Island,2014-04-16,NA,obsr551071,2014-04-16 NA,2014,4,16,NA,NA
178.8338891,-17.681801,Brown Noddy,Anous stolidus,NA,NA,1,NA,Levuka dock area and nearby mountains,2014-04-14,NA,obsr551071,2014-04-14 NA,2014,4,14,NA,NA
179.2529043,-18.0393813,Christmas Shearwater,Puffinus nativitatis,NA,NA,1,NA,Gau Island,2014-04-15,06:00:00,obsr531927,2014-04-15 06:00:00,2014,4,15,6,0
179.2529043,-18.0393813,Collared Petrel,Pterodroma brevipes,NA,NA,1,NA,Gau Island,2014-04-16,NA,obsr551071,2014-04-16 NA,2014,4,16,NA,NA
178.8338891,-17.681801,Collared Petrel,Pterodroma brevipes,NA,NA,1,NA,Levuka dock area and nearby mountains,2014-04-13,NA,obsr551071,2014-04-13 NA,2014,4,13,NA,NA
179.2529043,-18.0393813,Collared Petrel,Pterodroma brevipes,NA,NA,8,NA,Gau Island,2014-04-15,06:00:00,obsr531927,2014-04-15 06:00:00,2014,4,15,6,0
179.2529043,-18.0393813,Fiji Petrel,Pseudobulweria macgillivrayi,NA,NA,1,NA,Gau Island,2014-04-16,NA,obsr551071,2014-04-16 NA,2014,4,16,NA,NA
179.2529043,-18.0393813,Fiji Petrel,Pseudobulweria macgillivrayi,NA,NA,2,NA,Gau Island,2014-04-15,06:00:00,obsr531927,2014-04-15 06:00:00,2014,4,15,6,0
179.2529043,-18.0393813,Gould's Petrel,Pterodroma leucoptera,NA,NA,1,NA,Gau Island,2014-04-15,06:00:00,obsr531927,2014-04-15 06:00:00,2014,4,15,6,0
179.2529043,-18.0393813,Great Crested Tern,Thalasseus bergii,NA,NA,1,NA,Gau Island,2014-04-16,NA,obsr551071,2014-04-16 NA,2014,4,16,NA,NA
178.8338891,-17.681801,Great Crested Tern,Thalasseus bergii,NA,NA,1,NA,Levuka dock area and nearby mountains,2014-04-14,NA,obsr551071,2014-04-14 NA,2014,4,14,NA,NA
178.8338891,-17.681801,Kermadec Petrel,Pterodroma neglecta,NA,NA,1,NA,Levuka dock area and nearby mountains,2014-04-13,NA,obsr551071,2014-04-13 NA,2014,4,13,NA,NA
178.8338891,-17.681801,Lesser Frigatebird,Fregata ariel,NA,NA,1,NA,Levuka dock area and nearby mountains,2014-04-13,NA,obsr551071,2014-04-13 NA,2014,4,13,NA,NA
179.2529043,-18.0393813,Lesser Frigatebird,Fregata ariel,NA,NA,1,NA,Gau Island,2014-04-16,NA,obsr551071,2014-04-16 NA,2014,4,16,NA,NA
179.2529043,-18.0393813,Red-footed Booby,Sula sula,NA,NA,1,NA,Gau Island,2014-04-16,NA,obsr551071,2014-04-16 NA,2014,4,16,NA,NA
178.8338891,-17.681801,Red-footed Booby,Sula sula,NA,NA,1,NA,Levuka dock area and nearby mountains,2014-04-13,NA,obsr551071,2014-04-13 NA,2014,4,13,NA,NA
178.8338891,-17.681801,Sooty Tern,Onychoprion fuscatus,NA,NA,1,NA,Levuka dock area and nearby mountains,2014-04-14,NA,obsr551071,2014-04-14 NA,2014,4,14,NA,NA
179.2529043,-18.0393813,Sooty Tern,Onychoprion fuscatus,NA,NA,10,NA,Gau Island,2014-04-15,06:00:00,obsr531927,2014-04-15 06:00:00,2014,4,15,6,0
179.2529043,-18.0393813,Sooty Tern,Onychoprion fuscatus,NA,NA,1,NA,Gau Island,2014-04-16,NA,obsr551071,2014-04-16 NA,2014,4,16,NA,NA
178.8338891,-17.681801,Tahiti Petrel,Pseudobulweria rostrata,NA,NA,7,NA,Levuka dock area and nearby mountains,2014-04-13,NA,obsr551071,2014-04-13 NA,2014,4,13,NA,NA
179.2529043,-18.0393813,Tahiti Petrel,Pseudobulweria rostrata,NA,NA,6,NA,Gau Island,2014-04-16,NA,obsr551071,2014-04-16 NA,2014,4,16,NA,NA
179.2529043,-18.0393813,Tahiti Petrel,Pseudobulweria rostrata,NA,NA,10,NA,Gau Island,2014-04-15,06:00:00,obsr531927,2014-04-15 06:00:00,2014,4,15,6,0
179.2529043,-18.0393813,Tropical Shearwater,Puffinus bailloni,NA,NA,6,NA,Gau Island,2014-04-15,06:00:00,obsr531927,2014-04-15 06:00:00,2014,4,15,6,0
178.8338891,-17.681801,Wedge-tailed Shearwater,Ardenna pacifica,NA,NA,1,NA,Levuka dock area and nearby mountains,2014-04-13,NA,obsr551071,2014-04-13 NA,2014,4,13,NA,NA
179.2529043,-18.0393813,Wedge-tailed Shearwater,Ardenna pacifica,NA,NA,1,NA,Gau Island,2014-04-16,NA,obsr551071,2014-04-16 NA,2014,4,16,NA,NA
179.2529043,-18.0393813,Wedge-tailed Shearwater,Ardenna pacifica,NA,NA,20,NA,Gau Island,2014-04-15,06:00:00,obsr531927,2014-04-15 06:00:00,2014,4,15,6,0
178.8338891,-17.681801,Blue-billed White-Tern,Gygis candida,NA,NA,1,NA,Levuka dock area and nearby mountains,2014-04-14,NA,obsr551071,2014-04-14 NA,2014,4,14,NA,NA
179.2529043,-18.0393813,Blue-billed White-Tern,Gygis candida,NA,NA,10,NA,Gau Island,2014-04-15,06:00:00,obsr531927,2014-04-15 06:00:00,2014,4,15,6,0
178.8338891,-17.681801,White-tailed Tropicbird,Phaethon lepturus,NA,NA,1,NA,Levuka dock area and nearby mountains,2014-04-13,NA,obsr551071,2014-04-13 NA,2014,4,13,NA,NA
179.2529043,-18.0393813,White-tailed Tropicbird,Phaethon lepturus,NA,NA,1,NA,Gau Island,2014-04-16,NA,obsr551071,2014-04-16 NA,2014,4,16,NA,NA
179.2529043,-18.0393813,White-tailed Tropicbird,Phaethon lepturus,NA,NA,2,NA,Gau Island,2014-04-15,06:00:00,obsr531927,2014-04-15 06:00:00,2014,4,15,6,0
179.2529043,-18.0393813,Wilson's Storm-Petrel,Oceanites oceanicus,NA,NA,2,NA,Gau Island,2014-04-15,06:00:00,obsr531927,2014-04-15 06:00:00,2014,4,15,6,0
178.7220454,-17.8080852,Black Noddy,Anous minutus,NA,NA,30,NA,Leleuvia,2014-05-11,NA,obsr539490,2014-05-11 NA,2014,5,11,NA,NA
178.7220454,-17.8080852,Black-naped Tern,Sterna sumatrana,NA,NA,10,NA,Leleuvia,2014-05-11,NA,obsr539490,2014-05-11 NA,2014,5,11,NA,NA
178.4406066,-18.1619228,Black-naped Tern,Sterna sumatrana,NA,NA,1,NA,Suva Pt.--East of Fringing Reef,2014-05-24,11:10:00,obsr230624,2014-05-24 11:10:00,2014,5,24,11,10
178.7220454,-17.8080852,Brown Booby,Sula leucogaster,NA,NA,3,NA,Leleuvia,2014-05-11,NA,obsr539490,2014-05-11 NA,2014,5,11,NA,NA
178.4486103,-18.1526009,Great Crested Tern,Thalasseus bergii,NA,NA,6,NA,Suva Pt.--University,2014-05-10,12:30:00,obsr230624,2014-05-10 12:30:00,2014,5,10,12,30
178.4406066,-18.1619228,Great Crested Tern,Thalasseus bergii,NA,NA,8,NA,Suva Pt.--East of Fringing Reef,2014-05-20,07:00:00,obsr230624,2014-05-20 07:00:00,2014,5,20,7,0
178.4406066,-18.1619228,Great Crested Tern,Thalasseus bergii,NA,NA,31,NA,Suva Pt.--East of Fringing Reef,2014-05-10,11:10:00,obsr230624,2014-05-10 11:10:00,2014,5,10,11,10
178.4406066,-18.1619228,Great Crested Tern,Thalasseus bergii,NA,NA,15,NA,Suva Pt.--East of Fringing Reef,2014-05-24,11:10:00,obsr230624,2014-05-24 11:10:00,2014,5,24,11,10
178.7220454,-17.8080852,Great Crested Tern,Thalasseus bergii,NA,NA,10,NA,Leleuvia,2014-05-11,NA,obsr539490,2014-05-11 NA,2014,5,11,NA,NA
178.7220454,-17.8080852,Lesser Frigatebird,Fregata ariel,NA,NA,1,NA,Leleuvia,2014-05-11,NA,obsr539490,2014-05-11 NA,2014,5,11,NA,NA
178.4406066,-18.1619228,Lesser Frigatebird,Fregata ariel,NA,NA,1,NA,Suva Pt.--East of Fringing Reef,2014-05-24,11:10:00,obsr230624,2014-05-24 11:10:00,2014,5,24,11,10
178.4462744,-18.1297102,Great Crested Tern,Thalasseus bergii,NA,NA,1,NA,"Suva, Viti Levu (General)",2014-06-25,14:30:00,obsr428603,2014-06-25 14:30:00,2014,6,25,14,30
178.4462744,-18.1297102,Great Crested Tern,Thalasseus bergii,NA,NA,6,NA,"Suva, Viti Levu (General)",2014-06-24,16:00:00,obsr338516,2014-06-24 16:00:00,2014,6,24,16,0
178.4406066,-18.1619228,Black-naped Tern,Sterna sumatrana,NA,NA,1,NA,Suva Pt.--East of Fringing Reef,2014-07-26,14:50:00,obsr230624,2014-07-26 14:50:00,2014,7,26,14,50
178.4486103,-18.1526009,Great Crested Tern,Thalasseus bergii,NA,NA,10,NA,Suva Pt.--University,2014-07-08,13:45:00,obsr214691,2014-07-08 13:45:00,2014,7,8,13,45
178.4486103,-18.1526009,Great Crested Tern,Thalasseus bergii,NA,NA,22,NA,Suva Pt.--University,2014-07-26,16:19:00,obsr230624,2014-07-26 16:19:00,2014,7,26,16,19
178.4406066,-18.1619228,Great Crested Tern,Thalasseus bergii,NA,NA,21,NA,Suva Pt.--East of Fringing Reef,2014-07-26,14:50:00,obsr230624,2014-07-26 14:50:00,2014,7,26,14,50
178.4486103,-18.1526009,Lesser Frigatebird,Fregata ariel,NA,NA,1,NA,Suva Pt.--University,2014-07-26,16:19:00,obsr230624,2014-07-26 16:19:00,2014,7,26,16,19
178.4406066,-18.1619228,Brown Booby,Sula leucogaster,NA,NA,1,NA,Suva Pt.--East of Fringing Reef,2014-08-09,13:32:00,obsr230624,2014-08-09 13:32:00,2014,8,9,13,32
178.4406066,-18.1619228,Great Crested Tern,Thalasseus bergii,NA,NA,8,NA,Suva Pt.--East of Fringing Reef,2014-08-23,13:31:00,obsr230624,2014-08-23 13:31:00,2014,8,23,13,31
178.4406066,-18.1619228,Great Crested Tern,Thalasseus bergii,NA,NA,13,NA,Suva Pt.--East of Fringing Reef,2014-08-03,07:52:00,obsr230624,2014-08-03 07:52:00,2014,8,3,7,52
178.4406066,-18.1619228,Great Crested Tern,Thalasseus bergii,NA,NA,34,NA,Suva Pt.--East of Fringing Reef,2014-08-09,13:32:00,obsr230624,2014-08-09 13:32:00,2014,8,9,13,32
178.4406066,-18.1619228,Great Crested Tern,Thalasseus bergii,NA,NA,15,NA,Suva Pt.--East of Fringing Reef,2014-08-16,07:13:00,obsr230624,2014-08-16 07:13:00,2014,8,16,7,13
178.4406066,-18.1619228,Lesser Frigatebird,Fregata ariel,NA,NA,1,NA,Suva Pt.--East of Fringing Reef,2014-08-23,13:31:00,obsr230624,2014-08-23 13:31:00,2014,8,23,13,31
178.4406066,-18.1619228,Great Crested Tern,Thalasseus bergii,NA,NA,12,NA,Suva Pt.--East of Fringing Reef,2014-09-27,16:39:00,obsr230624,2014-09-27 16:39:00,2014,9,27,16,39
178.4406066,-18.1619228,Great Crested Tern,Thalasseus bergii,NA,NA,23,NA,Suva Pt.--East of Fringing Reef,2014-09-30,06:31:00,obsr230624,2014-09-30 06:31:00,2014,9,30,6,31
178.4406066,-18.1619228,Great Crested Tern,Thalasseus bergii,NA,NA,15,NA,Suva Pt.--East of Fringing Reef,2014-09-22,13:35:00,obsr230624,2014-09-22 13:35:00,2014,9,22,13,35
178.4406066,-18.1619228,Black-naped Tern,Sterna sumatrana,NA,NA,1,NA,Suva Pt.--East of Fringing Reef,2014-10-26,16:46:00,obsr230624,2014-10-26 16:46:00,2014,10,26,16,46
178.4486103,-18.1526009,Black-naped Tern,Sterna sumatrana,NA,NA,2,NA,Suva Pt.--University,2014-10-25,16:32:00,obsr230624,2014-10-25 16:32:00,2014,10,25,16,32
178.4406066,-18.1619228,Great Crested Tern,Thalasseus bergii,NA,NA,12,NA,Suva Pt.--East of Fringing Reef,2014-10-26,16:46:00,obsr230624,2014-10-26 16:46:00,2014,10,26,16,46
178.4406066,-18.1619228,Great Crested Tern,Thalasseus bergii,NA,NA,10,NA,Suva Pt.--East of Fringing Reef,2014-10-10,15:46:00,obsr230624,2014-10-10 15:46:00,2014,10,10,15,46
178.4486103,-18.1526009,Great Crested Tern,Thalasseus bergii,NA,NA,17,NA,Suva Pt.--University,2014-10-25,16:32:00,obsr230624,2014-10-25 16:32:00,2014,10,25,16,32
178.4406066,-18.1619228,Great Crested Tern,Thalasseus bergii,NA,NA,20,NA,Suva Pt.--East of Fringing Reef,2014-10-04,10:50:00,obsr230624,2014-10-04 10:50:00,2014,10,4,10,50
178.4250122,-18.1488797,Great Crested Tern,Thalasseus bergii,NA,NA,3,NA,Thurston Gardens,2014-10-16,09:15:00,obsr283718,2014-10-16 09:15:00,2014,10,16,9,15
178.4250122,-18.1488797,Great Frigatebird,Fregata minor,NA,NA,1,NA,Thurston Gardens,2014-10-16,09:15:00,obsr283718,2014-10-16 09:15:00,2014,10,16,9,15
178.4486103,-18.1526009,Lesser Frigatebird,Fregata ariel,NA,NA,1,NA,Suva Pt.--University,2014-10-25,16:32:00,obsr230624,2014-10-25 16:32:00,2014,10,25,16,32
178.4406066,-18.1619228,Red-footed Booby,Sula sula,NA,NA,1,NA,Suva Pt.--East of Fringing Reef,2014-10-10,15:46:00,obsr230624,2014-10-10 15:46:00,2014,10,10,15,46
178.4406066,-18.1619228,Black-naped Tern,Sterna sumatrana,NA,NA,2,NA,Suva Pt.--East of Fringing Reef,2014-11-20,14:05:00,obsr230624,2014-11-20 14:05:00,2014,11,20,14,5
178.4406066,-18.1619228,Great Crested Tern,Thalasseus bergii,NA,NA,20,NA,Suva Pt.--East of Fringing Reef,2014-11-20,14:05:00,obsr230624,2014-11-20 14:05:00,2014,11,20,14,5
178.4486103,-18.1526009,Great Crested Tern,Thalasseus bergii,NA,NA,26,NA,Suva Pt.--University,2014-11-20,15:01:00,obsr230624,2014-11-20 15:01:00,2014,11,20,15,1
178.4486103,-18.1526009,Lesser Frigatebird,Fregata ariel,NA,NA,1,NA,Suva Pt.--University,2014-11-20,15:01:00,obsr230624,2014-11-20 15:01:00,2014,11,20,15,1
178.4406066,-18.1619228,Black-naped Tern,Sterna sumatrana,NA,NA,2,NA,Suva Pt.--East of Fringing Reef,2014-12-27,07:47:00,obsr230624,2014-12-27 07:47:00,2014,12,27,7,47
178.4406066,-18.1619228,Black-naped Tern,Sterna sumatrana,NA,NA,2,NA,Suva Pt.--East of Fringing Reef,2014-12-14,09:43:00,obsr230624,2014-12-14 09:43:00,2014,12,14,9,43
178.4406066,-18.1619228,Black-naped Tern,Sterna sumatrana,NA,NA,4,NA,Suva Pt.--East of Fringing Reef,2014-12-20,14:00:00,obsr230624,2014-12-20 14:00:00,2014,12,20,14,0
178.4406066,-18.1619228,Brown Booby,Sula leucogaster,NA,NA,1,NA,Suva Pt.--East of Fringing Reef,2014-12-14,09:43:00,obsr230624,2014-12-14 09:43:00,2014,12,14,9,43
178.4406066,-18.1619228,Great Crested Tern,Thalasseus bergii,NA,NA,42,NA,Suva Pt.--East of Fringing Reef,2014-12-27,07:47:00,obsr230624,2014-12-27 07:47:00,2014,12,27,7,47
178.4406066,-18.1619228,Great Crested Tern,Thalasseus bergii,NA,NA,22,NA,Suva Pt.--East of Fringing Reef,2014-12-14,09:43:00,obsr230624,2014-12-14 09:43:00,2014,12,14,9,43
178.4486103,-18.1526009,Great Crested Tern,Thalasseus bergii,NA,NA,17,NA,Suva Pt.--University,2014-12-14,10:35:00,obsr230624,2014-12-14 10:35:00,2014,12,14,10,35
178.4406066,-18.1619228,Great Crested Tern,Thalasseus bergii,NA,NA,57,NA,Suva Pt.--East of Fringing Reef,2014-12-20,14:00:00,obsr230624,2014-12-20 14:00:00,2014,12,20,14,0
178.4406066,-18.1619228,Black-naped Tern,Sterna sumatrana,NA,NA,1,NA,Suva Pt.--East of Fringing Reef,2015-01-17,12:20:00,obsr230624,2015-01-17 12:20:00,2015,1,17,12,20
178.4406066,-18.1619228,Black-naped Tern,Sterna sumatrana,NA,NA,1,NA,Suva Pt.--East of Fringing Reef,2015-01-02,13:34:00,obsr230624,2015-01-02 13:34:00,2015,1,2,13,34
178.4462744,-18.1297102,Great Crested Tern,Thalasseus bergii,NA,NA,2,NA,"Suva, Viti Levu (General)",2015-01-17,13:30:00,obsr450286,2015-01-17 13:30:00,2015,1,17,13,30
178.4406066,-18.1619228,Great Crested Tern,Thalasseus bergii,NA,NA,26,NA,Suva Pt.--East of Fringing Reef,2015-01-31,12:26:00,obsr230624,2015-01-31 12:26:00,2015,1,31,12,26
178.4486103,-18.1526009,Great Crested Tern,Thalasseus bergii,NA,NA,22,NA,Suva Pt.--University,2015-01-31,12:50:00,obsr230624,2015-01-31 12:50:00,2015,1,31,12,50
178.4486103,-18.1526009,Great Crested Tern,Thalasseus bergii,NA,NA,7,NA,Suva Pt.--University,2015-01-10,16:00:00,obsr230624,2015-01-10 16:00:00,2015,1,10,16,0
178.4406066,-18.1619228,Great Crested Tern,Thalasseus bergii,NA,NA,18,NA,Suva Pt.--East of Fringing Reef,2015-01-10,17:00:00,obsr230624,2015-01-10 17:00:00,2015,1,10,17,0
178.4486103,-18.1526009,Great Crested Tern,Thalasseus bergii,NA,NA,21,NA,Suva Pt.--University,2015-01-17,13:20:00,obsr230624,2015-01-17 13:20:00,2015,1,17,13,20
178.4406066,-18.1619228,Great Crested Tern,Thalasseus bergii,NA,NA,17,NA,Suva Pt.--East of Fringing Reef,2015-01-17,12:20:00,obsr230624,2015-01-17 12:20:00,2015,1,17,12,20
178.4406066,-18.1619228,Great Crested Tern,Thalasseus bergii,NA,NA,75,NA,Suva Pt.--East of Fringing Reef,2015-01-02,13:34:00,obsr230624,2015-01-02 13:34:00,2015,1,2,13,34
178.4406066,-18.1619228,Great Crested Tern,Thalasseus bergii,NA,NA,53,NA,Suva Pt.--East of Fringing Reef,2015-01-26,07:13:00,obsr230624,2015-01-26 07:13:00,2015,1,26,7,13
178.4406066,-18.1619228,Great Crested Tern,Thalasseus bergii,NA,NA,60,NA,Suva Pt.--East of Fringing Reef,2015-01-08,16:20:00,obsr230624,2015-01-08 16:20:00,2015,1,8,16,20
178.4462744,-18.1297102,Great Frigatebird,Fregata minor,NA,NA,2,NA,"Suva, Viti Levu (General)",2015-01-17,13:30:00,obsr450286,2015-01-17 13:30:00,2015,1,17,13,30
178.4406066,-18.1619228,Lesser Frigatebird,Fregata ariel,NA,NA,1,NA,Suva Pt.--East of Fringing Reef,2015-01-26,07:13:00,obsr230624,2015-01-26 07:13:00,2015,1,26,7,13
178.4406066,-18.1619228,Great Crested Tern,Thalasseus bergii,NA,NA,10,NA,Suva Pt.--East of Fringing Reef,2015-02-22,17:26:00,obsr230624,2015-02-22 17:26:00,2015,2,22,17,26
178.4486103,-18.1526009,Great Crested Tern,Thalasseus bergii,NA,NA,13,NA,Suva Pt.--University,2015-02-14,10:46:00,obsr230624,2015-02-14 10:46:00,2015,2,14,10,46
178.4406066,-18.1619228,Great Crested Tern,Thalasseus bergii,NA,NA,14,NA,Suva Pt.--East of Fringing Reef,2015-02-14,10:19:00,obsr230624,2015-02-14 10:19:00,2015,2,14,10,19
178.4486103,-18.1526009,Great Crested Tern,Thalasseus bergii,NA,NA,21,NA,Suva Pt.--University,2015-03-15,10:06:00,obsr230624,2015-03-15 10:06:00,2015,3,15,10,6
178.4406066,-18.1619228,Great Crested Tern,Thalasseus bergii,NA,NA,22,NA,Suva Pt.--East of Fringing Reef,2015-03-07,14:42:00,obsr230624,2015-03-07 14:42:00,2015,3,7,14,42
178.4406066,-18.1619228,Great Crested Tern,Thalasseus bergii,NA,NA,21,NA,Suva Pt.--East of Fringing Reef,2015-03-28,09:28:00,obsr230624,2015-03-28 09:28:00,2015,3,28,9,28
178.3964467,-18.1080029,Great Crested Tern,Thalasseus bergii,NA,NA,2,NA,"Lami, around Novotel",2015-03-14,10:50:00,obsr293321,2015-03-14 10:50:00,2015,3,14,10,50
178.4406066,-18.1619228,Brown Booby,Sula leucogaster,NA,NA,1,NA,Suva Pt.--East of Fringing Reef,2015-04-26,08:56:00,obsr230624,2015-04-26 08:56:00,2015,4,26,8,56
178.4406066,-18.1619228,Great Crested Tern,Thalasseus bergii,NA,NA,24,NA,Suva Pt.--East of Fringing Reef,2015-04-26,08:56:00,obsr230624,2015-04-26 08:56:00,2015,4,26,8,56
178.4406066,-18.1619228,Great Crested Tern,Thalasseus bergii,NA,NA,21,NA,Suva Pt.--East of Fringing Reef,2015-04-18,14:15:00,obsr230624,2015-04-18 14:15:00,2015,4,18,14,15
178.4406066,-18.1619228,Great Crested Tern,Thalasseus bergii,NA,NA,15,NA,Suva Pt.--East of Fringing Reef,2015-04-20,16:08:00,obsr230624,2015-04-20 16:08:00,2015,4,20,16,8
178.4406066,-18.1619228,Lesser Frigatebird,Fregata ariel,NA,NA,1,NA,Suva Pt.--East of Fringing Reef,2015-04-20,16:08:00,obsr230624,2015-04-20 16:08:00,2015,4,20,16,8
178.4684372,-17.3195042,Black Noddy,Anous minutus,NA,NA,8,NA,Vatu-i-Ra,2015-04-16,08:30:00,obsr297282,2015-04-16 08:30:00,2015,4,16,8,30
178.4684372,-17.3195042,Brown Booby,Sula leucogaster,NA,NA,15,NA,Vatu-i-Ra,2015-04-16,08:30:00,obsr297282,2015-04-16 08:30:00,2015,4,16,8,30
178.4684372,-17.3195042,Great Crested Tern,Thalasseus bergii,NA,NA,13,NA,Vatu-i-Ra,2015-04-16,08:30:00,obsr297282,2015-04-16 08:30:00,2015,4,16,8,30
178.4684372,-17.3195042,Great Frigatebird,Fregata minor,NA,NA,2,NA,Vatu-i-Ra,2015-04-16,08:30:00,obsr297282,2015-04-16 08:30:00,2015,4,16,8,30
178.4684372,-17.3195042,Red-footed Booby,Sula sula,NA,NA,10,NA,Vatu-i-Ra,2015-04-16,08:30:00,obsr297282,2015-04-16 08:30:00,2015,4,16,8,30
178.72153,-18.16802,Black Noddy,Anous minutus,NA,NA,1,NA,ZZKoroSuvaMay15Ferry033,2015-05-27,12:40:00,obsr230624,2015-05-27 12:40:00,2015,5,27,12,40
178.80267,-18.06915,Black Noddy,Anous minutus,NA,NA,1,NA,ZZKoroSuvaMay15Ferry029,2015-05-27,12:00:00,obsr230624,2015-05-27 12:00:00,2015,5,27,12,0
178.76284,-18.1196,Black Noddy,Anous minutus,NA,NA,25,NA,ZZKoroSuvaMay15Ferry031,2015-05-27,12:20:00,obsr230624,2015-05-27 12:20:00,2015,5,27,12,20
178.45554,-18.20292,Black Noddy,Anous minutus,NA,NA,70,NA,ZZKoroSuvaMay15Ferry041,2015-05-27,14:00:00,obsr230624,2015-05-27 14:00:00,2015,5,27,14,0
178.45554,-18.20292,Bridled Tern,Onychoprion anaethetus,NA,NA,2,NA,ZZKoroSuvaMay15Ferry041,2015-05-27,14:00:00,obsr230624,2015-05-27 14:00:00,2015,5,27,14,0
178.86329,-17.99319,Brown Booby,Sula leucogaster,NA,NA,1,NA,ZZKoroSuvaMay15Ferry026,2015-05-27,11:30:00,obsr230624,2015-05-27 11:30:00,2015,5,27,11,30
178.4406066,-18.1619228,Brown Booby,Sula leucogaster,NA,NA,1,NA,Suva Pt.--East of Fringing Reef,2015-05-30,12:29:00,obsr230624,2015-05-30 12:29:00,2015,5,30,12,29
178.76284,-18.1196,Brown Noddy,Anous stolidus,NA,NA,1,NA,ZZKoroSuvaMay15Ferry031,2015-05-27,12:20:00,obsr230624,2015-05-27 12:20:00,2015,5,27,12,20
178.84306,-18.01802,Brown Noddy,Anous stolidus,NA,NA,1,NA,ZZKoroSuvaMay15Ferry027,2015-05-27,11:40:00,obsr230624,2015-05-27 11:40:00,2015,5,27,11,40
178.86329,-17.99319,Buller's Shearwater,Ardenna bulleri,NA,NA,1,NA,ZZKoroSuvaMay15Ferry026,2015-05-27,11:30:00,obsr230624,2015-05-27 11:30:00,2015,5,27,11,30
178.42167,-18.19438,Buller's Shearwater,Ardenna bulleri,NA,NA,2,NA,ZZKoroSuvaMay15Ferry042,2015-05-27,14:10:00,obsr230624,2015-05-27 14:10:00,2015,5,27,14,10
178.88355,-17.96835,Buller's Shearwater,Ardenna bulleri,NA,NA,1,NA,ZZKoroSuvaMay15Ferry025,2015-05-27,11:20:00,obsr230624,2015-05-27 11:20:00,2015,5,27,11,20
178.4406066,-18.1619228,Great Crested Tern,Thalasseus bergii,NA,NA,21,NA,Suva Pt.--East of Fringing Reef,2015-05-30,12:29:00,obsr230624,2015-05-30 12:29:00,2015,5,30,12,29
178.4406066,-18.1619228,Great Crested Tern,Thalasseus bergii,NA,NA,13,NA,Suva Pt.--East of Fringing Reef,2015-05-10,06:49:00,obsr230624,2015-05-10 06:49:00,2015,5,10,6,49
178.4406066,-18.1619228,Great Crested Tern,Thalasseus bergii,NA,NA,25,NA,Suva Pt.--East of Fringing Reef,2015-05-17,13:51:00,obsr230624,2015-05-17 13:51:00,2015,5,17,13,51
178.80267,-18.06915,Red-footed Booby,Sula sula,NA,NA,1,NA,ZZKoroSuvaMay15Ferry029,2015-05-27,12:00:00,obsr230624,2015-05-27 12:00:00,2015,5,27,12,0
178.84306,-18.01802,Red-footed Booby,Sula sula,NA,NA,3,NA,ZZKoroSuvaMay15Ferry027,2015-05-27,11:40:00,obsr230624,2015-05-27 11:40:00,2015,5,27,11,40
178.92399,-17.91916,Red-footed Booby,Sula sula,NA,NA,2,NA,ZZKoroSuvaMay15Ferry023,2015-05-27,11:00:00,obsr230624,2015-05-27 11:00:00,2015,5,27,11,0
178.88355,-17.96835,Red-footed Booby,Sula sula,NA,NA,7,NA,ZZKoroSuvaMay15Ferry025,2015-05-27,11:20:00,obsr230624,2015-05-27 11:20:00,2015,5,27,11,20
178.82301,-18.04343,Red-footed Booby,Sula sula,NA,NA,3,NA,ZZKoroSuvaMay15Ferry028,2015-05-27,11:50:00,obsr230624,2015-05-27 11:50:00,2015,5,27,11,50
178.78306,-18.09467,Red-footed Booby,Sula sula,NA,NA,13,NA,ZZKoroSuvaMay15Ferry030,2015-05-27,12:10:00,obsr230624,2015-05-27 12:10:00,2015,5,27,12,10
178.76284,-18.1196,Red-footed Booby,Sula sula,NA,NA,1,NA,ZZKoroSuvaMay15Ferry031,2015-05-27,12:20:00,obsr230624,2015-05-27 12:20:00,2015,5,27,12,20
178.86329,-17.99319,Red-footed Booby,Sula sula,NA,NA,8,NA,ZZKoroSuvaMay15Ferry026,2015-05-27,11:30:00,obsr230624,2015-05-27 11:30:00,2015,5,27,11,30
178.88355,-17.96835,Tahiti Petrel,Pseudobulweria rostrata,NA,NA,1,NA,ZZKoroSuvaMay15Ferry025,2015-05-27,11:20:00,obsr230624,2015-05-27 11:20:00,2015,5,27,11,20
178.92399,-17.91916,White-tailed Tropicbird,Phaethon lepturus,NA,NA,1,NA,ZZKoroSuvaMay15Ferry023,2015-05-27,11:00:00,obsr230624,2015-05-27 11:00:00,2015,5,27,11,0
178.82301,-18.04343,White-tailed Tropicbird,Phaethon lepturus,NA,NA,1,NA,ZZKoroSuvaMay15Ferry028,2015-05-27,11:50:00,obsr230624,2015-05-27 11:50:00,2015,5,27,11,50
179.0477394,-17.7689894,Black Noddy,Anous minutus,NA,NA,1,NA,ZZKoroSuvaMay15Ferry017,2015-05-27,10:00:00,obsr230624,2015-05-27 10:00:00,2015,5,27,10,0
179.1543629,-17.6431129,Black Noddy,Anous minutus,NA,NA,1,NA,ZZKoroSuvaMay15Ferry012,2015-05-27,09:10:00,obsr230624,2015-05-27 09:10:00,2015,5,27,9,10
179.1117135,-17.6934635,Black Noddy,Anous minutus,NA,NA,30,NA,ZZKoroSuvaMay15Ferry014,2015-05-27,09:30:00,obsr230624,2015-05-27 09:30:00,2015,5,27,9,30
179.0690641,-17.7438141,Black Noddy,Anous minutus,NA,NA,1,NA,ZZKoroSuvaMay15Ferry016,2015-05-27,09:50:00,obsr230624,2015-05-27 09:50:00,2015,5,27,9,50
179.00509,-17.81934,Black Noddy,Anous minutus,NA,NA,60,NA,ZZKoroSuvaMay15Ferry019,2015-05-27,10:20:00,obsr230624,2015-05-27 10:20:00,2015,5,27,10,20
179.00509,-17.81934,Brown Noddy,Anous stolidus,NA,NA,5,NA,ZZKoroSuvaMay15Ferry019,2015-05-27,10:20:00,obsr230624,2015-05-27 10:20:00,2015,5,27,10,20
179.0477394,-17.7689894,Brown Noddy,Anous stolidus,NA,NA,2,NA,ZZKoroSuvaMay15Ferry017,2015-05-27,10:00:00,obsr230624,2015-05-27 10:00:00,2015,5,27,10,0
179.0264147,-17.7941647,Buller's Shearwater,Ardenna bulleri,NA,NA,1,NA,ZZKoroSuvaMay15Ferry018,2015-05-27,10:10:00,obsr230624,2015-05-27 10:10:00,2015,5,27,10,10
179.00509,-17.81934,Buller's Shearwater,Ardenna bulleri,NA,NA,1,NA,ZZKoroSuvaMay15Ferry019,2015-05-27,10:20:00,obsr230624,2015-05-27 10:20:00,2015,5,27,10,20
178.98432,-17.84449,Buller's Shearwater,Ardenna bulleri,NA,NA,1,NA,ZZKoroSuvaMay15Ferry020,2015-05-27,10:30:00,obsr230624,2015-05-27 10:30:00,2015,5,27,10,30
178.96403,-17.86892,Buller's Shearwater,Ardenna bulleri,NA,NA,1,NA,ZZKoroSuvaMay15Ferry021,2015-05-27,10:40:00,obsr230624,2015-05-27 10:40:00,2015,5,27,10,40
179.0690641,-17.7438141,Buller's Shearwater,Ardenna bulleri,NA,NA,2,NA,ZZKoroSuvaMay15Ferry016,2015-05-27,09:50:00,obsr230624,2015-05-27 09:50:00,2015,5,27,9,50
179.0903888,-17.7186388,Buller's Shearwater,Ardenna bulleri,NA,NA,1,NA,ZZKoroSuvaMay15Ferry015,2015-05-27,09:40:00,obsr230624,2015-05-27 09:40:00,2015,5,27,9,40
179.0264147,-17.7941647,Red-footed Booby,Sula sula,NA,NA,8,NA,ZZKoroSuvaMay15Ferry018,2015-05-27,10:10:00,obsr230624,2015-05-27 10:10:00,2015,5,27,10,10
179.36761,-17.39136,Red-footed Booby,Sula sula,NA,NA,5,NA,ZZKoroSuvaMay15Ferry002,2015-05-27,07:30:00,obsr230624,2015-05-27 07:30:00,2015,5,27,7,30
179.00509,-17.81934,Red-footed Booby,Sula sula,NA,NA,15,NA,ZZKoroSuvaMay15Ferry019,2015-05-27,10:20:00,obsr230624,2015-05-27 10:20:00,2015,5,27,10,20
179.3036359,-17.4668859,Red-footed Booby,Sula sula,NA,NA,1,NA,ZZKoroSuvaMay15Ferry005,2015-05-27,08:00:00,obsr230624,2015-05-27 08:00:00,2015,5,27,8,0
179.1330382,-17.6682882,Red-footed Booby,Sula sula,NA,NA,1,NA,ZZKoroSuvaMay15Ferry013,2015-05-27,09:20:00,obsr230624,2015-05-27 09:20:00,2015,5,27,9,20
179.1117135,-17.6934635,Red-footed Booby,Sula sula,NA,NA,3,NA,ZZKoroSuvaMay15Ferry014,2015-05-27,09:30:00,obsr230624,2015-05-27 09:30:00,2015,5,27,9,30
179.2609865,-17.5172365,Red-footed Booby,Sula sula,NA,NA,1,NA,ZZKoroSuvaMay15Ferry007,2015-05-27,08:20:00,obsr230624,2015-05-27 08:20:00,2015,5,27,8,20
178.96403,-17.86892,Tahiti Petrel,Pseudobulweria rostrata,NA,NA,1,NA,ZZKoroSuvaMay15Ferry021,2015-05-27,10:40:00,obsr230624,2015-05-27 10:40:00,2015,5,27,10,40
178.98432,-17.84449,Tahiti Petrel,Pseudobulweria rostrata,NA,NA,1,NA,ZZKoroSuvaMay15Ferry020,2015-05-27,10:30:00,obsr230624,2015-05-27 10:30:00,2015,5,27,10,30
179.0903888,-17.7186388,Tahiti Petrel,Pseudobulweria rostrata,NA,NA,1,NA,ZZKoroSuvaMay15Ferry015,2015-05-27,09:40:00,obsr230624,2015-05-27 09:40:00,2015,5,27,9,40
179.0477394,-17.7689894,Tahiti Petrel,Pseudobulweria rostrata,NA,NA,1,NA,ZZKoroSuvaMay15Ferry017,2015-05-27,10:00:00,obsr230624,2015-05-27 10:00:00,2015,5,27,10,0
179.0264147,-17.7941647,Tahiti Petrel,Pseudobulweria rostrata,NA,NA,2,NA,ZZKoroSuvaMay15Ferry018,2015-05-27,10:10:00,obsr230624,2015-05-27 10:10:00,2015,5,27,10,10
179.0690641,-17.7438141,Wedge-tailed Shearwater,Ardenna pacifica,NA,NA,1,NA,ZZKoroSuvaMay15Ferry016,2015-05-27,09:50:00,obsr230624,2015-05-27 09:50:00,2015,5,27,9,50
179.0477394,-17.7689894,White-tailed Tropicbird,Phaethon lepturus,NA,NA,1,NA,ZZKoroSuvaMay15Ferry017,2015-05-27,10:00:00,obsr230624,2015-05-27 10:00:00,2015,5,27,10,0
178.228058,-17.433012,Great Crested Tern,Thalasseus bergii,NA,NA,3,NA,Viti Levu Bay South,2015-05-16,13:56:00,obsr230624,2015-05-16 13:56:00,2015,5,16,13,56
178.240067,-17.410311,Great Crested Tern,Thalasseus bergii,NA,NA,20,NA,Viti Levu Bay mid,2015-05-16,11:07:00,obsr230624,2015-05-16 11:07:00,2015,5,16,11,7
178.4406066,-18.1619228,Brown Booby,Sula leucogaster,NA,NA,2,NA,Suva Pt.--East of Fringing Reef,2015-06-13,11:59:00,obsr230624,2015-06-13 11:59:00,2015,6,13,11,59
178.4406066,-18.1619228,Brown Booby,Sula leucogaster,NA,NA,2,NA,Suva Pt.--East of Fringing Reef,2015-06-27,10:59:00,obsr230624,2015-06-27 10:59:00,2015,6,27,10,59
178.4406066,-18.1619228,Great Crested Tern,Thalasseus bergii,NA,NA,12,NA,Suva Pt.--East of Fringing Reef,2015-06-27,10:59:00,obsr230624,2015-06-27 10:59:00,2015,6,27,10,59
178.4406066,-18.1619228,Great Crested Tern,Thalasseus bergii,NA,NA,22,NA,Suva Pt.--East of Fringing Reef,2015-06-13,11:59:00,obsr230624,2015-06-13 11:59:00,2015,6,13,11,59
178.4406066,-18.1619228,Great Crested Tern,Thalasseus bergii,NA,NA,7,NA,Suva Pt.--East of Fringing Reef,2015-06-22,06:48:00,obsr230624,2015-06-22 06:48:00,2015,6,22,6,48
178.4406066,-18.1619228,Lesser Frigatebird,Fregata ariel,NA,NA,3,NA,Suva Pt.--East of Fringing Reef,2015-06-13,11:59:00,obsr230624,2015-06-13 11:59:00,2015,6,13,11,59
178.4406066,-18.1619228,Lesser Frigatebird,Fregata ariel,NA,NA,1,NA,Suva Pt.--East of Fringing Reef,2015-06-27,10:59:00,obsr230624,2015-06-27 10:59:00,2015,6,27,10,59
178.4406066,-18.1619228,Great Crested Tern,Thalasseus bergii,NA,NA,40,NA,Suva Pt.--East of Fringing Reef,2015-07-09,08:34:00,obsr230624,2015-07-09 08:34:00,2015,7,9,8,34
178.4406066,-18.1619228,Brown Booby,Sula leucogaster,NA,NA,1,NA,Suva Pt.--East of Fringing Reef,2015-09-05,08:51:00,obsr230624,2015-09-05 08:51:00,2015,9,5,8,51
178.4406066,-18.1619228,Great Crested Tern,Thalasseus bergii,NA,NA,22,NA,Suva Pt.--East of Fringing Reef,2015-09-05,08:51:00,obsr230624,2015-09-05 08:51:00,2015,9,5,8,51
178.4406066,-18.1619228,Great Crested Tern,Thalasseus bergii,NA,NA,22,NA,Suva Pt.--East of Fringing Reef,2015-09-27,13:40:00,obsr230624,2015-09-27 13:40:00,2015,9,27,13,40
178.4462744,-18.1297102,Great Crested Tern,Thalasseus bergii,NA,NA,12,NA,"Suva, Viti Levu (General)",2015-09-12,09:00:00,obsr561574,2015-09-12 09:00:00,2015,9,12,9,0
178.4406066,-18.1619228,Great Crested Tern,Thalasseus bergii,NA,NA,17,NA,Suva Pt.--East of Fringing Reef,2015-09-19,06:20:00,obsr230624,2015-09-19 06:20:00,2015,9,19,6,20
178.4406066,-18.1619228,Great Crested Tern,Thalasseus bergii,NA,NA,16,NA,Suva Pt.--East of Fringing Reef,2015-09-11,13:50:00,obsr230624,2015-09-11 13:50:00,2015,9,11,13,50
178.4406066,-18.1619228,Lesser Frigatebird,Fregata ariel,NA,NA,1,NA,Suva Pt.--East of Fringing Reef,2015-09-11,13:50:00,obsr230624,2015-09-11 13:50:00,2015,9,11,13,50
178.4462744,-18.1297102,Lesser Frigatebird,Fregata ariel,NA,NA,2,NA,"Suva, Viti Levu (General)",2015-09-12,09:00:00,obsr561574,2015-09-12 09:00:00,2015,9,12,9,0
178.4462744,-18.1297102,Red-footed Booby,Sula sula,NA,NA,1,NA,"Suva, Viti Levu (General)",2015-09-12,09:00:00,obsr561574,2015-09-12 09:00:00,2015,9,12,9,0
178.4174538,-18.13117,Brown Noddy,Anous stolidus,NA,NA,7,NA,Suva Harbor,2015-10-24,08:00:00,obsr412451,2015-10-24 08:00:00,2015,10,24,8,0
178.4406066,-18.1619228,Great Crested Tern,Thalasseus bergii,NA,NA,44,NA,Suva Pt.--East of Fringing Reef,2015-10-24,11:29:00,obsr230624,2015-10-24 11:29:00,2015,10,24,11,29
178.4353065,-18.1638557,Great Crested Tern,Thalasseus bergii,NA,NA,6,NA,Suva Pt.,2015-10-30,16:30:00,obsr121300,2015-10-30 16:30:00,2015,10,30,16,30
178.4174538,-18.13117,Great Crested Tern,Thalasseus bergii,NA,NA,2,NA,Suva Harbor,2015-10-24,08:00:00,obsr412451,2015-10-24 08:00:00,2015,10,24,8,0
178.4202003,-18.1473064,Great Crested Tern,Thalasseus bergii,NA,NA,6,NA,albert park,2015-10-24,09:45:00,obsr116865,2015-10-24 09:45:00,2015,10,24,9,45
178.4406066,-18.1619228,Great Crested Tern,Thalasseus bergii,NA,NA,15,NA,Suva Pt.--East of Fringing Reef,2015-10-18,05:53:00,obsr230624,2015-10-18 05:53:00,2015,10,18,5,53
178.4462744,-18.1297102,Great Crested Tern,Thalasseus bergii,NA,NA,3,NA,"Suva, Viti Levu (General)",2015-10-24,10:00:00,obsr412451,2015-10-24 10:00:00,2015,10,24,10,0
178.4486103,-18.1526009,Great Crested Tern,Thalasseus bergii,NA,NA,11,NA,Suva Pt.--University,2015-10-18,07:23:00,obsr230624,2015-10-18 07:23:00,2015,10,18,7,23
178.4174538,-18.13117,Great Frigatebird,Fregata minor,NA,NA,2,NA,Suva Harbor,2015-10-24,08:00:00,obsr412451,2015-10-24 08:00:00,2015,10,24,8,0
178.4486103,-18.1526009,Lesser Frigatebird,Fregata ariel,NA,NA,2,NA,Suva Pt.--University,2015-10-18,07:23:00,obsr230624,2015-10-18 07:23:00,2015,10,18,7,23
178.4406066,-18.1619228,Lesser Frigatebird,Fregata ariel,NA,NA,1,NA,Suva Pt.--East of Fringing Reef,2015-10-25,13:30:00,obsr230624,2015-10-25 13:30:00,2015,10,25,13,30
178.4406066,-18.1619228,Lesser Frigatebird,Fregata ariel,NA,NA,1,NA,Suva Pt.--East of Fringing Reef,2015-10-18,05:53:00,obsr230624,2015-10-18 05:53:00,2015,10,18,5,53
178.4462744,-18.1297102,Lesser Frigatebird,Fregata ariel,NA,NA,1,NA,"Suva, Viti Levu (General)",2015-10-24,10:00:00,obsr412451,2015-10-24 10:00:00,2015,10,24,10,0
178.4462744,-18.1297102,Red-footed Booby,Sula sula,NA,NA,1,NA,"Suva, Viti Levu (General)",2015-10-24,10:00:00,obsr412451,2015-10-24 10:00:00,2015,10,24,10,0
178.4353065,-18.1638557,Black-naped Tern,Sterna sumatrana,NA,NA,5,NA,Suva Pt.,2015-11-23,09:00:00,obsr637980,2015-11-23 09:00:00,2015,11,23,9,0
178.4353065,-18.1638557,Brown Booby,Sula leucogaster,NA,NA,1,NA,Suva Pt.,2015-11-23,09:00:00,obsr637980,2015-11-23 09:00:00,2015,11,23,9,0
178.4406066,-18.1619228,Great Crested Tern,Thalasseus bergii,NA,NA,18,NA,Suva Pt.--East of Fringing Reef,2015-11-11,15:25:00,obsr230624,2015-11-11 15:25:00,2015,11,11,15,25
178.4353065,-18.1638557,Great Crested Tern,Thalasseus bergii,NA,NA,15,NA,Suva Pt.,2015-11-23,09:00:00,obsr637980,2015-11-23 09:00:00,2015,11,23,9,0
178.4406066,-18.1619228,Great Crested Tern,Thalasseus bergii,NA,NA,5,NA,Suva Pt.--East of Fringing Reef,2015-11-29,06:16:00,obsr230624,2015-11-29 06:16:00,2015,11,29,6,16
178.4406066,-18.1619228,Great Crested Tern,Thalasseus bergii,NA,NA,20,NA,Suva Pt.--East of Fringing Reef,2015-11-07,13:02:00,obsr230624,2015-11-07 13:02:00,2015,11,7,13,2
178.4353065,-18.1638557,Lesser Frigatebird,Fregata ariel,NA,NA,3,NA,Suva Pt.,2015-11-23,09:00:00,obsr637980,2015-11-23 09:00:00,2015,11,23,9,0
178.4353065,-18.1638557,Brown Booby,Sula leucogaster,NA,NA,1,NA,Suva Pt.,2015-12-07,09:00:00,obsr31813,2015-12-07 09:00:00,2015,12,7,9,0
178.4353065,-18.1638557,Great Crested Tern,Thalasseus bergii,NA,NA,12,NA,Suva Pt.,2015-12-07,09:00:00,obsr31813,2015-12-07 09:00:00,2015,12,7,9,0
178.4245777,-18.1590806,Great Crested Tern,Thalasseus bergii,NA,NA,2,NA,Suva Pt.--Fringing Reef to Bowls Club,2015-12-06,13:00:00,obsr31813,2015-12-06 13:00:00,2015,12,6,13,0
178.454833,-18.1494507,Great Crested Tern,Thalasseus bergii,NA,NA,3,NA,Suva Point,2015-12-09,10:00:00,obsr312461,2015-12-09 10:00:00,2015,12,9,10,0
178.2400868,-18.9666664,Great Crested Tern,Thalasseus bergii,NA,NA,6,NA,Kadavu Island - Papageno Resort,2015-12-31,14:00:00,obsr1498088,2015-12-31 14:00:00,2015,12,31,14,0
178.2400868,-18.9666664,Lesser Frigatebird,Fregata ariel,NA,NA,6,NA,Kadavu Island - Papageno Resort,2015-12-31,14:00:00,obsr1498088,2015-12-31 14:00:00,2015,12,31,14,0
178.4406066,-18.1619228,Black-naped Tern,Sterna sumatrana,NA,NA,2,NA,Suva Pt.--East of Fringing Reef,2016-01-31,08:00:00,obsr230624,2016-01-31 08:00:00,2016,1,31,8,0
178.4406066,-18.1619228,Black-naped Tern,Sterna sumatrana,NA,NA,3,NA,Suva Pt.--East of Fringing Reef,2016-01-23,14:07:00,obsr230624,2016-01-23 14:07:00,2016,1,23,14,7
178.4406066,-18.1619228,Great Crested Tern,Thalasseus bergii,NA,NA,28,NA,Suva Pt.--East of Fringing Reef,2016-01-23,14:07:00,obsr230624,2016-01-23 14:07:00,2016,1,23,14,7
178.4406066,-18.1619228,Great Crested Tern,Thalasseus bergii,NA,NA,44,NA,Suva Pt.--East of Fringing Reef,2016-01-31,08:00:00,obsr230624,2016-01-31 08:00:00,2016,1,31,8,0
178.4486103,-18.1526009,Great Crested Tern,Thalasseus bergii,NA,NA,10,NA,Suva Pt.--University,2016-01-31,09:10:00,obsr230624,2016-01-31 09:10:00,2016,1,31,9,10
178.4406066,-18.1619228,Lesser Frigatebird,Fregata ariel,NA,NA,1,NA,Suva Pt.--East of Fringing Reef,2016-01-31,08:00:00,obsr230624,2016-01-31 08:00:00,2016,1,31,8,0
178.2400868,-18.9666664,Black-naped Tern,Sterna sumatrana,NA,NA,2,NA,Kadavu Island - Papageno Resort,2016-01-03,07:00:00,obsr1498088,2016-01-03 07:00:00,2016,1,3,7,0
178.2400868,-18.9666664,Brown Booby,Sula leucogaster,NA,NA,1,NA,Kadavu Island - Papageno Resort,2016-01-04,06:00:00,obsr1498088,2016-01-04 06:00:00,2016,1,4,6,0
178.2400868,-18.9666664,Great Crested Tern,Thalasseus bergii,NA,NA,4,NA,Kadavu Island - Papageno Resort,2016-01-02,06:30:00,obsr1498088,2016-01-02 06:30:00,2016,1,2,6,30
178.2400868,-18.9666664,Great Crested Tern,Thalasseus bergii,NA,NA,4,NA,Kadavu Island - Papageno Resort,2016-01-01,07:00:00,obsr1498088,2016-01-01 07:00:00,2016,1,1,7,0
178.2400868,-18.9666664,Great Crested Tern,Thalasseus bergii,NA,NA,8,NA,Kadavu Island - Papageno Resort,2016-01-03,07:00:00,obsr1498088,2016-01-03 07:00:00,2016,1,3,7,0
178.2400868,-18.9666664,Lesser Frigatebird,Fregata ariel,NA,NA,20,NA,Kadavu Island - Papageno Resort,2016-01-02,06:30:00,obsr1498088,2016-01-02 06:30:00,2016,1,2,6,30
178.2400868,-18.9666664,Lesser Frigatebird,Fregata ariel,NA,NA,15,NA,Kadavu Island - Papageno Resort,2016-01-04,06:00:00,obsr1498088,2016-01-04 06:00:00,2016,1,4,6,0
178.2400868,-18.9666664,Lesser Frigatebird,Fregata ariel,NA,NA,10,NA,Kadavu Island - Papageno Resort,2016-01-03,07:00:00,obsr1498088,2016-01-03 07:00:00,2016,1,3,7,0
178.2400868,-18.9666664,Lesser Frigatebird,Fregata ariel,NA,NA,6,NA,Kadavu Island - Papageno Resort,2016-01-01,07:00:00,obsr1498088,2016-01-01 07:00:00,2016,1,1,7,0
178.4406066,-18.1619228,Great Crested Tern,Thalasseus bergii,NA,NA,35,NA,Suva Pt.--East of Fringing Reef,2016-02-15,08:12:00,obsr230624,2016-02-15 08:12:00,2016,2,15,8,12
178.4486103,-18.1526009,Great Crested Tern,Thalasseus bergii,NA,NA,19,NA,Suva Pt.--University,2016-02-15,08:53:00,obsr230624,2016-02-15 08:53:00,2016,2,15,8,53
178.4406066,-18.1619228,Black-naped Tern,Sterna sumatrana,NA,NA,3,NA,Suva Pt.--East of Fringing Reef,2016-03-20,10:45:00,obsr230624,2016-03-20 10:45:00,2016,3,20,10,45
178.4462744,-18.1297102,Bridled Tern,Onychoprion anaethetus,NA,NA,1,NA,"Suva, Viti Levu (General)",2016-03-25,06:00:00,obsr438756,2016-03-25 06:00:00,2016,3,25,6,0
178.4406066,-18.1619228,Great Crested Tern,Thalasseus bergii,NA,NA,15,NA,Suva Pt.--East of Fringing Reef,2016-03-02,08:40:00,obsr230624,2016-03-02 08:40:00,2016,3,2,8,40
178.4406066,-18.1619228,Great Crested Tern,Thalasseus bergii,NA,NA,10,NA,Suva Pt.--East of Fringing Reef,2016-03-20,10:45:00,obsr230624,2016-03-20 10:45:00,2016,3,20,10,45
178.4406066,-18.1619228,Great Crested Tern,Thalasseus bergii,NA,NA,7,NA,Suva Pt.--East of Fringing Reef,2016-03-19,12:09:00,obsr230624,2016-03-19 12:09:00,2016,3,19,12,9
178.4462744,-18.1297102,Great Crested Tern,Thalasseus bergii,NA,NA,1,NA,"Suva, Viti Levu (General)",2016-03-25,06:00:00,obsr438756,2016-03-25 06:00:00,2016,3,25,6,0
178.4462744,-18.1297102,Lesser Frigatebird,Fregata ariel,NA,NA,1,NA,"Suva, Viti Levu (General)",2016-03-25,06:00:00,obsr438756,2016-03-25 06:00:00,2016,3,25,6,0
178.1036353,-18.3808364,Black Noddy,Anous minutus,NA,NA,15,NA,Beqa Lagoon Resort,2016-04-29,NA,obsr136843,2016-04-29 NA,2016,4,29,NA,NA
178.1036353,-18.3808364,Brown Noddy,Anous stolidus,NA,NA,17,NA,Beqa Lagoon Resort,2016-04-29,NA,obsr136843,2016-04-29 NA,2016,4,29,NA,NA
178.5183907,-17.5245647,Great Crested Tern,Thalasseus bergii,NA,NA,4,NA,Moon Reef Fiji,2016-04-02,10:00:00,obsr610216,2016-04-02 10:00:00,2016,4,2,10,0
178.4406066,-18.1619228,Great Crested Tern,Thalasseus bergii,NA,NA,39,NA,Suva Pt.--East of Fringing Reef,2016-04-17,10:13:00,obsr230624,2016-04-17 10:13:00,2016,4,17,10,13
178.4406066,-18.1619228,Great Crested Tern,Thalasseus bergii,NA,NA,22,NA,Suva Pt.--East of Fringing Reef,2016-04-23,15:48:00,obsr230624,2016-04-23 15:48:00,2016,4,23,15,48
178.1036353,-18.3808364,Great Crested Tern,Thalasseus bergii,NA,NA,7,NA,Beqa Lagoon Resort,2016-04-29,NA,obsr136843,2016-04-29 NA,2016,4,29,NA,NA
178.4406066,-18.1619228,Great Crested Tern,Thalasseus bergii,NA,NA,15,NA,Suva Pt.--East of Fringing Reef,2016-04-02,09:59:00,obsr230624,2016-04-02 09:59:00,2016,4,2,9,59
178.4486103,-18.1526009,Great Crested Tern,Thalasseus bergii,NA,NA,33,NA,Suva Pt.--University,2016-04-02,11:08:00,obsr230624,2016-04-02 11:08:00,2016,4,2,11,8
178.1036353,-18.3808364,Great Frigatebird,Fregata minor,NA,NA,1,NA,Beqa Lagoon Resort,2016-04-29,NA,obsr136843,2016-04-29 NA,2016,4,29,NA,NA
178.5183907,-17.5245647,Lesser Frigatebird,Fregata ariel,NA,NA,2,NA,Moon Reef Fiji,2016-04-02,10:00:00,obsr610216,2016-04-02 10:00:00,2016,4,2,10,0
178.4406066,-18.1619228,Lesser Frigatebird,Fregata ariel,NA,NA,1,NA,Suva Pt.--East of Fringing Reef,2016-04-17,10:13:00,obsr230624,2016-04-17 10:13:00,2016,4,17,10,13
178.1036353,-18.3808364,Masked Booby,Sula dactylatra,NA,NA,1,NA,Beqa Lagoon Resort,2016-04-29,NA,obsr136843,2016-04-29 NA,2016,4,29,NA,NA
178.5183907,-17.5245647,Sooty Tern,Onychoprion fuscatus,NA,NA,3,NA,Moon Reef Fiji,2016-04-02,10:00:00,obsr610216,2016-04-02 10:00:00,2016,4,2,10,0
178.5183907,-17.5245647,Wedge-tailed Shearwater,Ardenna pacifica,NA,NA,5,NA,Moon Reef Fiji,2016-04-02,10:00:00,obsr610216,2016-04-02 10:00:00,2016,4,2,10,0
179.20417,-17.21996,Lesser Frigatebird,Fregata ariel,NA,NA,7,NA,ZZTavApr201603,2016-04-30,06:30:00,obsr230624,2016-04-30 06:30:00,2016,4,30,6,30
179.19565,-17.28076,Red-footed Booby,Sula sula,NA,NA,2,NA,ZZTavApr201601,2016-04-30,06:10:00,obsr230624,2016-04-30 06:10:00,2016,4,30,6,10
179.19984,-17.25018,Red-footed Booby,Sula sula,NA,NA,5,NA,ZZTavApr201602,2016-04-30,06:20:00,obsr230624,2016-04-30 06:20:00,2016,4,30,6,20
179.20417,-17.21996,Red-footed Booby,Sula sula,NA,NA,2,NA,ZZTavApr201603,2016-04-30,06:30:00,obsr230624,2016-04-30 06:30:00,2016,4,30,6,30
179.226265,-17.007204,Red-footed Booby,Sula sula,NA,NA,1,NA,ZZTavApr201609,2016-04-30,07:30:00,obsr230624,2016-04-30 07:30:00,2016,4,30,7,30
179.218981,-17.068509,Red-footed Booby,Sula sula,NA,NA,5,NA,ZZTavApr201607,2016-04-30,07:10:00,obsr230624,2016-04-30 07:10:00,2016,4,30,7,10
179.222179,-17.037228,Red-footed Booby,Sula sula,NA,NA,2,NA,ZZTavApr201608,2016-04-30,07:20:00,obsr230624,2016-04-30 07:20:00,2016,4,30,7,20
179.20628,-17.193285,Red-footed Booby,Sula sula,NA,NA,6,NA,ZZTavApr201604,2016-04-30,06:40:00,obsr230624,2016-04-30 06:40:00,2016,4,30,6,40
179.209681,-17.163119,Red-footed Booby,Sula sula,NA,NA,5,NA,ZZTavApr201605,2016-04-30,06:50:00,obsr230624,2016-04-30 06:50:00,2016,4,30,6,50
179.212466,-17.132749,Red-footed Booby,Sula sula,NA,NA,5,NA,ZZTavApr201606,2016-04-30,07:00:00,obsr230624,2016-04-30 07:00:00,2016,4,30,7,0
178.84796,-18.01373,Black Noddy,Anous minutus,NA,NA,14,NA,ZZTavMay201631,2016-05-04,11:10:00,obsr230624,2016-05-04 11:10:00,2016,5,4,11,10
178.53189,-18.21986,Black Noddy,Anous minutus,NA,NA,120,NA,ZZTavMay201646,2016-05-04,13:40:00,obsr230624,2016-05-04 13:40:00,2016,5,4,13,40
178.89258,-17.95711,Black Noddy,Anous minutus,NA,NA,60,NA,ZZTavMay201629,2016-05-04,10:50:00,obsr230624,2016-05-04 10:50:00,2016,5,4,10,50
178.60164,-17.59642,Black Noddy,Anous minutus,NA,NA,4,NA,ZZNatovi2Nabouwalu02,2016-05-13,08:20:00,obsr230624,2016-05-13 08:20:00,2016,5,13,8,20
178.8135,-18.07361,Black Noddy,Anous minutus,NA,NA,1,NA,ZZTavMay201633,2016-05-04,11:30:00,obsr230624,2016-05-04 11:30:00,2016,5,4,11,30
178.50202,-18.21478,Black Noddy,Anous minutus,NA,NA,9,NA,ZZTavMay201647,2016-05-04,13:50:00,obsr230624,2016-05-04 13:50:00,2016,5,4,13,50
178.66082,-18.22667,Black Noddy,Anous minutus,NA,NA,1,NA,ZZTavMay201642,2016-05-04,13:00:00,obsr230624,2016-05-04 13:00:00,2016,5,4,13,0
178.93831,-17.90026,Black Noddy,Anous minutus,NA,NA,2,NA,ZZTavMay201627,2016-05-04,10:30:00,obsr230624,2016-05-04 10:30:00,2016,5,4,10,30
178.43985,-18.20031,Black Noddy,Anous minutus,NA,NA,300,NA,ZZTavMay201649,2016-05-04,14:10:00,obsr230624,2016-05-04 14:10:00,2016,5,4,14,10
178.4714,-18.20814,Black Noddy,Anous minutus,NA,NA,210,NA,ZZTavMay201648,2016-05-04,14:00:00,obsr230624,2016-05-04 14:00:00,2016,5,4,14,0
178.89258,-17.95711,Brown Booby,Sula leucogaster,NA,NA,4,NA,ZZTavMay201629,2016-05-04,10:50:00,obsr230624,2016-05-04 10:50:00,2016,5,4,10,50
178.93831,-17.90026,Brown Noddy,Anous stolidus,NA,NA,3,NA,ZZTavMay201627,2016-05-04,10:30:00,obsr230624,2016-05-04 10:30:00,2016,5,4,10,30
178.79626,-18.21972,Brown Noddy,Anous stolidus,NA,NA,1,NA,ZZTavMay201638,2016-05-04,12:20:00,obsr230624,2016-05-04 12:20:00,2016,5,4,12,20
178.89258,-17.95711,Brown Noddy,Anous stolidus,NA,NA,5,NA,ZZTavMay201629,2016-05-04,10:50:00,obsr230624,2016-05-04 10:50:00,2016,5,4,10,50
178.91541,-17.92837,Brown Noddy,Anous stolidus,NA,NA,1,NA,ZZTavMay201628,2016-05-04,10:40:00,obsr230624,2016-05-04 10:40:00,2016,5,4,10,40
178.80701,-18.13504,Brown Noddy,Anous stolidus,NA,NA,1,NA,ZZTavMay201635,2016-05-04,11:50:00,obsr230624,2016-05-04 11:50:00,2016,5,4,11,50
178.60297,-17.62442,Great Crested Tern,Thalasseus bergii,NA,NA,1,NA,ZZNatovi2Nabouwalu01,2016-05-13,08:10:00,obsr230624,2016-05-13 08:10:00,2016,5,13,8,10
178.4406066,-18.1619228,Great Crested Tern,Thalasseus bergii,NA,NA,14,NA,Suva Pt.--East of Fringing Reef,2016-05-07,15:10:00,obsr230624,2016-05-07 15:10:00,2016,5,7,15,10
178.5905,-17.5146,Great Crested Tern,Thalasseus bergii,NA,NA,1,NA,ZZNatovi2Nabouwalu05,2016-05-13,08:50:00,obsr230624,2016-05-13 08:50:00,2016,5,13,8,50
178.59485,-18.22591,Great Crested Tern,Thalasseus bergii,NA,NA,1,NA,ZZTavMay201644,2016-05-04,13:20:00,obsr230624,2016-05-04 13:20:00,2016,5,4,13,20
178.59894,-17.54021,Great Crested Tern,Thalasseus bergii,NA,NA,2,NA,ZZNatovi2Nabouwalu04,2016-05-13,08:40:00,obsr230624,2016-05-13 08:40:00,2016,5,13,8,40
178.60022,-17.56803,Great Crested Tern,Thalasseus bergii,NA,NA,1,NA,ZZNatovi2Nabouwalu03,2016-05-13,08:30:00,obsr230624,2016-05-13 08:30:00,2016,5,13,8,30
178.4406066,-18.1619228,Great Crested Tern,Thalasseus bergii,NA,NA,14,NA,Suva Pt.--East of Fringing Reef,2016-05-28,07:11:00,obsr230624,2016-05-28 07:11:00,2016,5,28,7,11
178.60164,-17.59642,Great Crested Tern,Thalasseus bergii,NA,NA,3,NA,ZZNatovi2Nabouwalu02,2016-05-13,08:20:00,obsr230624,2016-05-13 08:20:00,2016,5,13,8,20
178.53189,-18.21986,Lesser Frigatebird,Fregata ariel,NA,NA,1,NA,ZZTavMay201646,2016-05-04,13:40:00,obsr230624,2016-05-04 13:40:00,2016,5,4,13,40
178.58175,-17.45899,Lesser Frigatebird,Fregata ariel,NA,NA,1,NA,ZZNatovi2Nabouwalu07,2016-05-13,09:10:00,obsr230624,2016-05-13 09:10:00,2016,5,13,9,10
178.89258,-17.95711,Red-footed Booby,Sula sula,NA,NA,12,NA,ZZTavMay201629,2016-05-04,10:50:00,obsr230624,2016-05-04 10:50:00,2016,5,4,10,50
178.93831,-17.90026,Red-footed Booby,Sula sula,NA,NA,5,NA,ZZTavMay201627,2016-05-04,10:30:00,obsr230624,2016-05-04 10:30:00,2016,5,4,10,30
178.79626,-18.21972,Red-footed Booby,Sula sula,NA,NA,9,NA,ZZTavMay201638,2016-05-04,12:20:00,obsr230624,2016-05-04 12:20:00,2016,5,4,12,20
178.87014,-17.98545,Red-footed Booby,Sula sula,NA,NA,15,NA,ZZTavMay201630,2016-05-04,11:00:00,obsr230624,2016-05-04 11:00:00,2016,5,4,11,0
178.80438,-18.10421,Red-footed Booby,Sula sula,NA,NA,1,NA,ZZTavMay201634,2016-05-04,11:40:00,obsr230624,2016-05-04 11:40:00,2016,5,4,11,40
178.91541,-17.92837,Red-footed Booby,Sula sula,NA,NA,2,NA,ZZTavMay201628,2016-05-04,10:40:00,obsr230624,2016-05-04 10:40:00,2016,5,4,10,40
178.80835,-18.16613,Red-footed Booby,Sula sula,NA,NA,4,NA,ZZTavMay201636,2016-05-04,12:00:00,obsr230624,2016-05-04 12:00:00,2016,5,4,12,0
178.66082,-18.22667,Red-footed Booby,Sula sula,NA,NA,3,NA,ZZTavMay201642,2016-05-04,13:00:00,obsr230624,2016-05-04 13:00:00,2016,5,4,13,0
178.84796,-18.01373,Red-footed Booby,Sula sula,NA,NA,132,NA,ZZTavMay201631,2016-05-04,11:10:00,obsr230624,2016-05-04 11:10:00,2016,5,4,11,10
178.93831,-17.90026,Tahiti Petrel,Pseudobulweria rostrata,NA,NA,1,NA,ZZTavMay201627,2016-05-04,10:30:00,obsr230624,2016-05-04 10:30:00,2016,5,4,10,30
179.1655,-17.47939,Black Noddy,Anous minutus,NA,NA,2,NA,ZZTavMay201612,2016-05-04,08:00:00,obsr230624,2016-05-04 08:00:00,2016,5,4,8,0
178.95986,-17.8739,Black Noddy,Anous minutus,NA,NA,600,NA,ZZTavMay201626,2016-05-04,10:20:00,obsr230624,2016-05-04 10:20:00,2016,5,4,10,20
178.95986,-17.8739,Brown Booby,Sula leucogaster,NA,NA,1,NA,ZZTavMay201626,2016-05-04,10:20:00,obsr230624,2016-05-04 10:20:00,2016,5,4,10,20
179.12785,-17.66162,Brown Booby,Sula leucogaster,NA,NA,1,NA,ZZTavMay201618,2016-05-04,09:00:00,obsr230624,2016-05-04 09:00:00,2016,5,4,9,0
178.95986,-17.8739,Brown Noddy,Anous stolidus,NA,NA,15,NA,ZZTavMay201626,2016-05-04,10:20:00,obsr230624,2016-05-04 10:20:00,2016,5,4,10,20
179.17047,-17.45042,Buller's Shearwater,Ardenna bulleri,NA,NA,1,NA,ZZTavMay201611,2016-05-04,07:50:00,obsr230624,2016-05-04 07:50:00,2016,5,4,7,50
179.16091,-17.50905,Buller's Shearwater,Ardenna bulleri,NA,NA,1,NA,ZZTavMay201613,2016-05-04,08:10:00,obsr230624,2016-05-04 08:10:00,2016,5,4,8,10
179.185638,-17.363018,Great Frigatebird,Fregata minor,NA,NA,1,NA,ZZTavMay201608,2016-05-04,07:20:00,obsr230624,2016-05-04 07:20:00,2016,5,4,7,20
179.20607,-17.24671,Lesser Frigatebird,Fregata ariel,NA,NA,2,NA,ZZTavMay201604,2016-05-04,06:40:00,obsr230624,2016-05-04 06:40:00,2016,5,4,6,40
179.19575,-17.30475,Lesser Frigatebird,Fregata ariel,NA,NA,1,NA,ZZTavMay201606,2016-05-04,07:00:00,obsr230624,2016-05-04 07:00:00,2016,5,4,7,0
179.20088,-17.27533,Lesser Frigatebird,Fregata ariel,NA,NA,1,NA,ZZTavMay201605,2016-05-04,06:50:00,obsr230624,2016-05-04 06:50:00,2016,5,4,6,50
178.95986,-17.8739,Lesser Frigatebird,Fregata ariel,NA,NA,20,NA,ZZTavMay201626,2016-05-04,10:20:00,obsr230624,2016-05-04 10:20:00,2016,5,4,10,20
179.17047,-17.45042,Red-footed Booby,Sula sula,NA,NA,1,NA,ZZTavMay201611,2016-05-04,07:50:00,obsr230624,2016-05-04 07:50:00,2016,5,4,7,50
179.185638,-17.363018,Red-footed Booby,Sula sula,NA,NA,2,NA,ZZTavMay201608,2016-05-04,07:20:00,obsr230624,2016-05-04 07:20:00,2016,5,4,7,20
179.19575,-17.30475,Red-footed Booby,Sula sula,NA,NA,2,NA,ZZTavMay201606,2016-05-04,07:00:00,obsr230624,2016-05-04 07:00:00,2016,5,4,7,0
179.21103,-17.21706,Red-footed Booby,Sula sula,NA,NA,4,NA,ZZTavMay201603,2016-05-04,06:30:00,obsr230624,2016-05-04 06:30:00,2016,5,4,6,30
179.08589,-17.71452,Red-footed Booby,Sula sula,NA,NA,1,NA,ZZTavMay201620,2016-05-04,09:20:00,obsr230624,2016-05-04 09:20:00,2016,5,4,9,20
178.95986,-17.8739,Red-footed Booby,Sula sula,NA,NA,20,NA,ZZTavMay201626,2016-05-04,10:20:00,obsr230624,2016-05-04 10:20:00,2016,5,4,10,20
179.1655,-17.47939,Red-footed Booby,Sula sula,NA,NA,2,NA,ZZTavMay201612,2016-05-04,08:00:00,obsr230624,2016-05-04 08:00:00,2016,5,4,8,0
179.20607,-17.24671,Red-footed Booby,Sula sula,NA,NA,2,NA,ZZTavMay201604,2016-05-04,06:40:00,obsr230624,2016-05-04 06:40:00,2016,5,4,6,40
178.95986,-17.8739,South Polar Skua,Stercorarius maccormicki,NA,NA,2,NA,ZZTavMay201626,2016-05-04,10:20:00,obsr230624,2016-05-04 10:20:00,2016,5,4,10,20
179.12785,-17.66162,Tahiti Petrel,Pseudobulweria rostrata,NA,NA,1,NA,ZZTavMay201618,2016-05-04,09:00:00,obsr230624,2016-05-04 09:00:00,2016,5,4,9,0
179.15699,-17.53987,White-tailed Tropicbird,Phaethon lepturus,NA,NA,2,NA,ZZTavMay201614,2016-05-04,08:20:00,obsr230624,2016-05-04 08:20:00,2016,5,4,8,20
179.04419,-17.76796,White-tailed Tropicbird,Phaethon lepturus,NA,NA,1,NA,ZZTavMay201622,2016-05-04,09:40:00,obsr230624,2016-05-04 09:40:00,2016,5,4,9,40
179.1655,-17.47939,White-tailed Tropicbird,Phaethon lepturus,NA,NA,1,NA,ZZTavMay201612,2016-05-04,08:00:00,obsr230624,2016-05-04 08:00:00,2016,5,4,8,0
179.12785,-17.66162,White-tailed Tropicbird,Phaethon lepturus,NA,NA,3,NA,ZZTavMay201618,2016-05-04,09:00:00,obsr230624,2016-05-04 09:00:00,2016,5,4,9,0
178.6642,-17.06841,Black Noddy,Anous minutus,NA,NA,1,NA,ZZNabouwalu2Natovi03,2016-05-15,09:10:00,obsr230624,2016-05-15 09:10:00,2016,5,15,9,10
178.65607,-17.09893,Black Noddy,Anous minutus,NA,NA,2,NA,ZZNabouwalu2Natovi04,2016-05-15,09:20:00,obsr230624,2016-05-15 09:20:00,2016,5,15,9,20
178.64534,-17.13523,Black Noddy,Anous minutus,NA,NA,42,NA,ZZNatovi2Nabouwalu19,2016-05-13,11:10:00,obsr230624,2016-05-13 11:10:00,2016,5,13,11,10
178.6674,-17.00747,Black Noddy,Anous minutus,NA,NA,1,NA,ZZNabouwalu2Natovi01,2016-05-15,08:50:00,obsr230624,2016-05-15 08:50:00,2016,5,15,8,50
178.66801,-17.037960000000002,Black Noddy,Anous minutus,NA,NA,15,NA,ZZNabouwalu2Natovi02,2016-05-15,09:00:00,obsr230624,2016-05-15 09:00:00,2016,5,15,9,0
178.63416,-17.16082,Black Noddy,Anous minutus,NA,NA,30,NA,ZZNatovi2Nabouwalu18,2016-05-13,11:00:00,obsr230624,2016-05-13 11:00:00,2016,5,13,11,0
178.62458,-17.18736,Black Noddy,Anous minutus,NA,NA,16,NA,ZZNatovi2Nabouwalu17,2016-05-13,10:50:00,obsr230624,2016-05-13 10:50:00,2016,5,13,10,50
178.64526,-17.12969,Black Noddy,Anous minutus,NA,NA,3,NA,ZZNabouwalu2Natovi05,2016-05-15,09:30:00,obsr230624,2016-05-15 09:30:00,2016,5,15,9,30
178.64534,-17.13523,Brown Booby,Sula leucogaster,NA,NA,2,NA,ZZNatovi2Nabouwalu19,2016-05-13,11:10:00,obsr230624,2016-05-13 11:10:00,2016,5,13,11,10
178.66801,-17.037960000000002,Brown Booby,Sula leucogaster,NA,NA,1,NA,ZZNabouwalu2Natovi02,2016-05-15,09:00:00,obsr230624,2016-05-15 09:00:00,2016,5,15,9,0
178.65607,-17.09893,Brown Booby,Sula leucogaster,NA,NA,4,NA,ZZNabouwalu2Natovi04,2016-05-15,09:20:00,obsr230624,2016-05-15 09:20:00,2016,5,15,9,20
178.63416,-17.16082,Brown Booby,Sula leucogaster,NA,NA,1,NA,ZZNatovi2Nabouwalu18,2016-05-13,11:00:00,obsr230624,2016-05-13 11:00:00,2016,5,13,11,0
178.6324,-17.15952,Great Crested Tern,Thalasseus bergii,NA,NA,1,NA,ZZNabouwalu2Natovi06,2016-05-15,09:40:00,obsr230624,2016-05-15 09:40:00,2016,5,15,9,40
178.63416,-17.16082,Great Crested Tern,Thalasseus bergii,NA,NA,5,NA,ZZNatovi2Nabouwalu18,2016-05-13,11:00:00,obsr230624,2016-05-13 11:00:00,2016,5,13,11,0
178.6674,-17.00747,Great Crested Tern,Thalasseus bergii,NA,NA,5,NA,ZZNabouwalu2Natovi01,2016-05-15,08:50:00,obsr230624,2016-05-15 08:50:00,2016,5,15,8,50
178.62458,-17.18736,Great Crested Tern,Thalasseus bergii,NA,NA,1,NA,ZZNatovi2Nabouwalu17,2016-05-13,10:50:00,obsr230624,2016-05-13 10:50:00,2016,5,13,10,50
178.67219,-17.00022,Great Crested Tern,Thalasseus bergii,NA,NA,2,NA,ZZNatovi2Nabouwalu24,2016-05-13,12:00:00,obsr230624,2016-05-13 12:00:00,2016,5,13,12,0
179.21992,-17.15806,Great Frigatebird,Fregata minor,NA,NA,20,NA,ZZTavMay201601,2016-05-04,06:10:00,obsr230624,2016-05-04 06:10:00,2016,5,4,6,10
179.21992,-17.15806,Lesser Frigatebird,Fregata ariel,NA,NA,100,NA,ZZTavMay201601,2016-05-04,06:10:00,obsr230624,2016-05-04 06:10:00,2016,5,4,6,10
179.21572,-17.18751,Red-footed Booby,Sula sula,NA,NA,5,NA,ZZTavMay201602,2016-05-04,06:20:00,obsr230624,2016-05-04 06:20:00,2016,5,4,6,20
178.63416,-17.16082,Red-footed Booby,Sula sula,NA,NA,1,NA,ZZNatovi2Nabouwalu18,2016-05-13,11:00:00,obsr230624,2016-05-13 11:00:00,2016,5,13,11,0
178.6642,-17.06841,White-tailed Tropicbird,Phaethon lepturus,NA,NA,1,NA,ZZNabouwalu2Natovi03,2016-05-15,09:10:00,obsr230624,2016-05-15 09:10:00,2016,5,15,9,10
178.60147,-17.24799,Black Noddy,Anous minutus,NA,NA,2,NA,ZZNabouwalu2Natovi09,2016-05-15,10:10:00,obsr230624,2016-05-15 10:10:00,2016,5,15,10,10
178.58851,-17.27745,Black Noddy,Anous minutus,NA,NA,7,NA,ZZNabouwalu2Natovi10,2016-05-15,10:20:00,obsr230624,2016-05-15 10:20:00,2016,5,15,10,20
178.6234,-17.18981,Black Noddy,Anous minutus,NA,NA,4,NA,ZZNabouwalu2Natovi07,2016-05-15,09:50:00,obsr230624,2016-05-15 09:50:00,2016,5,15,9,50
178.58268,-17.30673,Black Noddy,Anous minutus,NA,NA,6,NA,ZZNabouwalu2Natovi11,2016-05-15,10:30:00,obsr230624,2016-05-15 10:30:00,2016,5,15,10,30
178.5819,-17.40273,Black Noddy,Anous minutus,NA,NA,1,NA,ZZNatovi2Nabouwalu09,2016-05-13,09:30:00,obsr230624,2016-05-13 09:30:00,2016,5,13,9,30
178.61371,-17.21863,Black Noddy,Anous minutus,NA,NA,2,NA,ZZNabouwalu2Natovi08,2016-05-15,10:00:00,obsr230624,2016-05-15 10:00:00,2016,5,15,10,0
178.5819,-17.40273,Brown Booby,Sula leucogaster,NA,NA,1,NA,ZZNatovi2Nabouwalu09,2016-05-13,09:30:00,obsr230624,2016-05-13 09:30:00,2016,5,13,9,30
178.5819,-17.40273,Brown Noddy,Anous stolidus,NA,NA,1,NA,ZZNatovi2Nabouwalu09,2016-05-13,09:30:00,obsr230624,2016-05-13 09:30:00,2016,5,13,9,30
178.61638,-17.21427,Great Crested Tern,Thalasseus bergii,NA,NA,1,NA,ZZNatovi2Nabouwalu16,2016-05-13,10:40:00,obsr230624,2016-05-13 10:40:00,2016,5,13,10,40
178.58229,-17.36692,Great Crested Tern,Thalasseus bergii,NA,NA,1,NA,ZZNabouwalu2Natovi13,2016-05-15,10:50:00,obsr230624,2016-05-15 10:50:00,2016,5,15,10,50
178.60473,-17.23995,Great Crested Tern,Thalasseus bergii,NA,NA,1,NA,ZZNatovi2Nabouwalu15,2016-05-13,10:30:00,obsr230624,2016-05-13 10:30:00,2016,5,13,10,30
178.5819,-17.40273,Great Crested Tern,Thalasseus bergii,NA,NA,2,NA,ZZNatovi2Nabouwalu09,2016-05-13,09:30:00,obsr230624,2016-05-13 09:30:00,2016,5,13,9,30
178.58851,-17.27745,Great Crested Tern,Thalasseus bergii,NA,NA,1,NA,ZZNabouwalu2Natovi10,2016-05-15,10:20:00,obsr230624,2016-05-15 10:20:00,2016,5,15,10,20
178.58187,-17.43043,Great Crested Tern,Thalasseus bergii,NA,NA,1,NA,ZZNatovi2Nabouwalu08,2016-05-13,09:20:00,obsr230624,2016-05-13 09:20:00,2016,5,13,9,20
178.59346,-17.26555,Great Crested Tern,Thalasseus bergii,NA,NA,1,NA,ZZNatovi2Nabouwalu14,2016-05-13,10:20:00,obsr230624,2016-05-13 10:20:00,2016,5,13,10,20
178.58287,-17.33747,Red-footed Booby,Sula sula,NA,NA,2,NA,ZZNabouwalu2Natovi12,2016-05-15,10:40:00,obsr230624,2016-05-15 10:40:00,2016,5,15,10,40
178.58192,-17.39824,Red-footed Booby,Sula sula,NA,NA,2,NA,ZZNabouwalu2Natovi14,2016-05-15,11:00:00,obsr230624,2016-05-15 11:00:00,2016,5,15,11,0
178.58195,-17.42797,Red-footed Booby,Sula sula,NA,NA,1,NA,ZZNabouwalu2Natovi15,2016-05-15,11:10:00,obsr230624,2016-05-15 11:10:00,2016,5,15,11,10
178.58196,-17.37531,Red-footed Booby,Sula sula,NA,NA,1,NA,ZZNatovi2Nabouwalu10,2016-05-13,09:40:00,obsr230624,2016-05-13 09:40:00,2016,5,13,9,40
178.61371,-17.21863,Wedge-tailed Shearwater,Ardenna pacifica,NA,NA,1,NA,ZZNabouwalu2Natovi08,2016-05-15,10:00:00,obsr230624,2016-05-15 10:00:00,2016,5,15,10,0
178.4406066,-18.1619228,Great Crested Tern,Thalasseus bergii,NA,NA,4,NA,Suva Pt.--East of Fringing Reef,2016-06-12,08:25:00,obsr230624,2016-06-12 08:25:00,2016,6,12,8,25
178.0795727,-18.2421744,Great Crested Tern,Thalasseus bergii,NA,NA,2,NA,"Pacific Harbour, Viti Levu (General)",2016-06-23,08:00:00,obsr450520,2016-06-23 08:00:00,2016,6,23,8,0
178.205681,-17.319609,Lesser Frigatebird,Fregata ariel,NA,NA,9,NA,"FJ-Fiji-Viti Levu - -17.3196x178.2057 - Jun 6, 2016, 4:10 PM",2016-06-06,15:20:00,obsr678811,2016-06-06 15:20:00,2016,6,6,15,20
178.205681,-17.31944,Lesser Frigatebird,Fregata ariel,NA,NA,9,NA,"FJ-Fiji-Viti Levu - -17.3194x178.2057 - Jun 6, 2016, 16:05",2016-06-06,15:40:00,obsr627468,2016-06-06 15:40:00,2016,6,6,15,40
178.4245777,-18.1590806,Great Crested Tern,Thalasseus bergii,NA,NA,5,NA,Suva Pt.--Fringing Reef to Bowls Club,2016-07-10,06:30:00,obsr543722,2016-07-10 06:30:00,2016,7,10,6,30
178.1630655,-18.2289693,Great Crested Tern,Thalasseus bergii,NA,NA,3,NA,FJ-Central Division-Navua-Naitata Road - -18.229x178.163,2016-07-31,15:55:00,obsr339507,2016-07-31 15:55:00,2016,7,31,15,55
178.4245777,-18.1590806,Great Crested Tern,Thalasseus bergii,NA,NA,4,NA,Suva Pt.--Fringing Reef to Bowls Club,2016-07-09,06:50:00,obsr543722,2016-07-09 06:50:00,2016,7,9,6,50
178.0834007,-18.2491195,Lesser Frigatebird,Fregata ariel,NA,NA,1,NA,Uprising resort,2016-07-08,11:00:00,obsr543722,2016-07-08 11:00:00,2016,7,8,11,0
178.4406066,-18.1619228,Black-naped Tern,Sterna sumatrana,NA,NA,1,NA,Suva Pt.--East of Fringing Reef,2016-09-11,10:00:00,obsr230624,2016-09-11 10:00:00,2016,9,11,10,0
178.4406066,-18.1619228,Black-naped Tern,Sterna sumatrana,NA,NA,1,NA,Suva Pt.--East of Fringing Reef,2016-09-25,10:14:00,obsr230624,2016-09-25 10:14:00,2016,9,25,10,14
178.4406066,-18.1619228,Great Crested Tern,Thalasseus bergii,NA,NA,13,NA,Suva Pt.--East of Fringing Reef,2016-09-25,10:14:00,obsr230624,2016-09-25 10:14:00,2016,9,25,10,14
178.4406066,-18.1619228,Great Crested Tern,Thalasseus bergii,NA,NA,18,NA,Suva Pt.--East of Fringing Reef,2016-09-18,15:42:00,obsr230624,2016-09-18 15:42:00,2016,9,18,15,42
178.4406066,-18.1619228,Great Crested Tern,Thalasseus bergii,NA,NA,10,NA,Suva Pt.--East of Fringing Reef,2016-09-11,10:00:00,obsr230624,2016-09-11 10:00:00,2016,9,11,10,0
178.55,-18.4666667,Red-footed Booby,Sula sula,NA,NA,1,NA,Unaffiliated svTheRedThread Carter Offshore Suva,2016-09-07,13:00:00,obsr351584,2016-09-07 13:00:00,2016,9,7,13,0
178.4406066,-18.1619228,Black-naped Tern,Sterna sumatrana,NA,NA,2,NA,Suva Pt.--East of Fringing Reef,2016-10-21,06:34:00,obsr230624,2016-10-21 06:34:00,2016,10,21,6,34
178.4406066,-18.1619228,Great Crested Tern,Thalasseus bergii,NA,NA,8,NA,Suva Pt.--East of Fringing Reef,2016-10-25,10:30:00,obsr41127,2016-10-25 10:30:00,2016,10,25,10,30
178.4406066,-18.1619228,Great Crested Tern,Thalasseus bergii,NA,NA,32,NA,Suva Pt.--East of Fringing Reef,2016-10-15,13:43:00,obsr230624,2016-10-15 13:43:00,2016,10,15,13,43
178.4406066,-18.1619228,Great Crested Tern,Thalasseus bergii,NA,NA,8,NA,Suva Pt.--East of Fringing Reef,2016-10-21,06:34:00,obsr230624,2016-10-21 06:34:00,2016,10,21,6,34
179.2412031,-18.0112802,Red-footed Booby,Sula sula,NA,NA,2,NA,"Somosomo Village, Gau",2016-11-04,16:45:00,obsr107855,2016-11-04 16:45:00,2016,11,4,16,45
178.4406066,-18.1619228,Black-naped Tern,Sterna sumatrana,NA,NA,1,NA,Suva Pt.--East of Fringing Reef,2016-12-18,07:04:00,obsr230624,2016-12-18 07:04:00,2016,12,18,7,4
178.4406066,-18.1619228,Black-naped Tern,Sterna sumatrana,NA,NA,3,NA,Suva Pt.--East of Fringing Reef,2016-12-24,12:20:00,obsr230624,2016-12-24 12:20:00,2016,12,24,12,20
178.4406066,-18.1619228,Black-naped Tern,Sterna sumatrana,NA,NA,4,NA,Suva Pt.--East of Fringing Reef,2016-12-25,11:00:00,obsr230624,2016-12-25 11:00:00,2016,12,25,11,0
178.4406066,-18.1619228,Black-naped Tern,Sterna sumatrana,NA,NA,1,NA,Suva Pt.--East of Fringing Reef,2016-12-26,13:40:00,obsr230624,2016-12-26 13:40:00,2016,12,26,13,40
178.4406066,-18.1619228,Great Crested Tern,Thalasseus bergii,NA,NA,15,NA,Suva Pt.--East of Fringing Reef,2016-12-24,12:20:00,obsr230624,2016-12-24 12:20:00,2016,12,24,12,20
178.4353065,-18.1638557,Great Crested Tern,Thalasseus bergii,NA,NA,2,NA,Suva Pt.,2016-12-13,11:15:00,obsr527452,2016-12-13 11:15:00,2016,12,13,11,15
178.4406066,-18.1619228,Great Crested Tern,Thalasseus bergii,NA,NA,22,NA,Suva Pt.--East of Fringing Reef,2016-12-18,07:04:00,obsr230624,2016-12-18 07:04:00,2016,12,18,7,4
178.4406066,-18.1619228,Lesser Frigatebird,Fregata ariel,NA,NA,1,NA,Suva Pt.--East of Fringing Reef,2016-12-25,11:00:00,obsr230624,2016-12-25 11:00:00,2016,12,25,11,0
179.19751,-17.25395,Red-footed Booby,Sula sula,NA,NA,1,NA,ZZFerry31201,2016-12-03,06:10:00,obsr230624,2016-12-03 06:10:00,2016,12,3,6,10
179.22001,-17.10134,Lesser Frigatebird,Fregata ariel,NA,NA,1,NA,Ferry31206,2016-12-03,07:00:00,obsr230624,2016-12-03 07:00:00,2016,12,3,7,0
179.20664,-17.19364,Lesser Frigatebird,Fregata ariel,NA,NA,3,NA,Ferry31203,2016-12-03,06:30:00,obsr230624,2016-12-03 06:30:00,2016,12,3,6,30
179.22728,-17.04009,Lesser Frigatebird,Fregata ariel,NA,NA,1,NA,Ferry31208,2016-12-03,07:20:00,obsr230624,2016-12-03 07:20:00,2016,12,3,7,20
179.21102,-17.16408,Red-footed Booby,Sula sula,NA,NA,1,NA,Ferry31204,2016-12-03,06:40:00,obsr230624,2016-12-03 06:40:00,2016,12,3,6,40
179.22927,-17.00928,Red-footed Booby,Sula sula,NA,NA,13,NA,Ferry31208,2016-12-03,07:30:00,obsr230624,2016-12-03 07:30:00,2016,12,3,7,30
179.20664,-17.19364,Red-footed Booby,Sula sula,NA,NA,5,NA,Ferry31203,2016-12-03,06:30:00,obsr230624,2016-12-03 06:30:00,2016,12,3,6,30
179.21572,-17.13298,Red-footed Booby,Sula sula,NA,NA,17,NA,Ferry31205,2016-12-03,06:50:00,obsr230624,2016-12-03 06:50:00,2016,12,3,6,50
179.22416,-17.07045,Red-footed Booby,Sula sula,NA,NA,4,NA,Ferry31207,2016-12-03,07:10:00,obsr230624,2016-12-03 07:10:00,2016,12,3,7,10
179.21102,-17.16408,Tahiti Petrel,Pseudobulweria rostrata,NA,NA,1,NA,Ferry31204,2016-12-03,06:40:00,obsr230624,2016-12-03 06:40:00,2016,12,3,6,40
179.22728,-17.04009,Blue-billed White-Tern,Gygis candida,NA,NA,1,NA,Ferry31208,2016-12-03,07:20:00,obsr230624,2016-12-03 07:20:00,2016,12,3,7,20
179.21572,-17.13298,Blue-billed White-Tern,Gygis candida,NA,NA,1,NA,Ferry31205,2016-12-03,06:50:00,obsr230624,2016-12-03 06:50:00,2016,12,3,6,50
178.4406066,-18.1619228,Great Crested Tern,Thalasseus bergii,NA,NA,21,NA,Suva Pt.--East of Fringing Reef,2017-01-28,14:58:00,obsr230624,2017-01-28 14:58:00,2017,1,28,14,58
178.4486103,-18.1526009,Great Crested Tern,Thalasseus bergii,NA,NA,2,NA,Suva Pt.--University,2017-01-16,06:44:00,obsr230624,2017-01-16 06:44:00,2017,1,16,6,44
178.4406066,-18.1619228,Great Crested Tern,Thalasseus bergii,NA,NA,11,NA,Suva Pt.--East of Fringing Reef,2017-01-17,06:33:00,obsr230624,2017-01-17 06:33:00,2017,1,17,6,33
178.8319302,-17.6698259,Black Noddy,Anous minutus,NA,NA,2,NA,Oniviro,2017-02-01,08:00:00,obsr859322,2017-02-01 08:00:00,2017,2,1,8,0
178.4406066,-18.1619228,Brown Noddy,Anous stolidus,NA,NA,1,NA,Suva Pt.--East of Fringing Reef,2017-03-11,14:07:00,obsr230624,2017-03-11 14:07:00,2017,3,11,14,7
178.4406066,-18.1619228,Great Crested Tern,Thalasseus bergii,NA,NA,10,NA,Suva Pt.--East of Fringing Reef,2017-03-04,07:06:00,obsr230624,2017-03-04 07:06:00,2017,3,4,7,6
178.4406066,-18.1619228,Great Crested Tern,Thalasseus bergii,NA,NA,10,NA,Suva Pt.--East of Fringing Reef,2017-03-25,12:37:00,obsr230624,2017-03-25 12:37:00,2017,3,25,12,37
178.4406066,-18.1619228,Great Crested Tern,Thalasseus bergii,NA,NA,20,NA,Suva Pt.--East of Fringing Reef,2017-03-11,14:07:00,obsr230624,2017-03-11 14:07:00,2017,3,11,14,7
178.4486103,-18.1526009,Great Crested Tern,Thalasseus bergii,NA,NA,1,NA,Suva Pt.--University,2017-03-04,08:21:00,obsr230624,2017-03-04 08:21:00,2017,3,4,8,21
178.4406066,-18.1619228,Brown Booby,Sula leucogaster,NA,NA,1,NA,Suva Pt.--East of Fringing Reef,2017-04-08,12:57:00,obsr230624,2017-04-08 12:57:00,2017,4,8,12,57
178.4406066,-18.1619228,Great Crested Tern,Thalasseus bergii,NA,NA,22,NA,Suva Pt.--East of Fringing Reef,2017-04-04,08:51:00,obsr230624,2017-04-04 08:51:00,2017,4,4,8,51
178.4406066,-18.1619228,Great Crested Tern,Thalasseus bergii,NA,NA,14,NA,Suva Pt.--East of Fringing Reef,2017-04-08,12:57:00,obsr230624,2017-04-08 12:57:00,2017,4,8,12,57
178.4406066,-18.1619228,Great Crested Tern,Thalasseus bergii,NA,NA,17,NA,Suva Pt.--East of Fringing Reef,2017-04-22,11:07:00,obsr230624,2017-04-22 11:07:00,2017,4,22,11,7
178.4486103,-18.1526009,Great Crested Tern,Thalasseus bergii,NA,NA,16,NA,Suva Pt.--University,2017-04-04,09:54:00,obsr230624,2017-04-04 09:54:00,2017,4,4,9,54
178.4406066,-18.1619228,Great Crested Tern,Thalasseus bergii,NA,NA,7,NA,Suva Pt.--East of Fringing Reef,2017-04-17,06:36:00,obsr230624,2017-04-17 06:36:00,2017,4,17,6,36
178.4486103,-18.1526009,Lesser Frigatebird,Fregata ariel,NA,NA,1,NA,Suva Pt.--University,2017-04-02,14:15:00,obsr230624,2017-04-02 14:15:00,2017,4,2,14,15
178.2400868,-18.9666664,Brown Booby,Sula leucogaster,NA,NA,1,NA,Kadavu Island - Papageno Resort,2017-04-10,NA,obsr664727,2017-04-10 NA,2017,4,10,NA,NA
178.2055753,-17.3206103,Lesser Frigatebird,Fregata ariel,NA,NA,2,NA,Wananavu Beach Resort,2017-04-05,06:00:00,obsr768641,2017-04-05 06:00:00,2017,4,5,6,0
178.539783,-17.592481,Black Noddy,Anous minutus,NA,NA,100,NA,"-17.5925x178.5398 - May 18, 2017, 12:57 PM",2017-05-18,12:57:00,obsr131100,2017-05-18 12:57:00,2017,5,18,12,57
178.644967,-18.29478,Black Noddy,Anous minutus,NA,NA,2000,NA,"10 mi off Viti Levu - May 26, 2017, 6:13 AM",2017-05-26,06:13:00,obsr131100,2017-05-26 06:13:00,2017,5,26,6,13
178.4406066,-18.1619228,Black-naped Tern,Sterna sumatrana,NA,NA,1,NA,Suva Pt.--East of Fringing Reef,2017-05-13,16:51:00,obsr230624,2017-05-13 16:51:00,2017,5,13,16,51
178.1036353,-18.3808364,Bridled Tern,Onychoprion anaethetus,NA,NA,2,NA,Beqa Lagoon Resort,2017-05-11,NA,obsr107855,2017-05-11 NA,2017,5,11,NA,NA
178.644967,-18.29478,Brown Booby,Sula leucogaster,NA,NA,5,NA,"10 mi off Viti Levu - May 26, 2017, 6:13 AM",2017-05-26,06:13:00,obsr131100,2017-05-26 06:13:00,2017,5,26,6,13
178.644967,-18.29478,Brown Noddy,Anous stolidus,NA,NA,10,NA,"10 mi off Viti Levu - May 26, 2017, 6:13 AM",2017-05-26,06:13:00,obsr131100,2017-05-26 06:13:00,2017,5,26,6,13
178.644967,-18.29478,Great Crested Tern,Thalasseus bergii,NA,NA,4,NA,"10 mi off Viti Levu - May 26, 2017, 6:13 AM",2017-05-26,06:13:00,obsr131100,2017-05-26 06:13:00,2017,5,26,6,13
178.539783,-17.592481,Great Crested Tern,Thalasseus bergii,NA,NA,16,NA,"-17.5925x178.5398 - May 18, 2017, 12:57 PM",2017-05-18,12:57:00,obsr131100,2017-05-18 12:57:00,2017,5,18,12,57
178.4406066,-18.1619228,Great Crested Tern,Thalasseus bergii,NA,NA,8,NA,Suva Pt.--East of Fringing Reef,2017-05-01,06:44:00,obsr230624,2017-05-01 06:44:00,2017,5,1,6,44
178.4406066,-18.1619228,Great Crested Tern,Thalasseus bergii,NA,NA,11,NA,Suva Pt.--East of Fringing Reef,2017-05-13,16:51:00,obsr230624,2017-05-13 16:51:00,2017,5,13,16,51
178.4406066,-18.1619228,Great Crested Tern,Thalasseus bergii,NA,NA,10,NA,Suva Pt.--East of Fringing Reef,2017-05-14,15:30:00,obsr230624,2017-05-14 15:30:00,2017,5,14,15,30
178.4406066,-18.1619228,Great Crested Tern,Thalasseus bergii,NA,NA,10,NA,Suva Pt.--East of Fringing Reef,2017-05-15,15:31:00,obsr131100,2017-05-15 15:31:00,2017,5,15,15,31
178.4406066,-18.1619228,Great Frigatebird,Fregata minor,NA,NA,3,NA,Suva Pt.--East of Fringing Reef,2017-05-15,15:31:00,obsr131100,2017-05-15 15:31:00,2017,5,15,15,31
178.539783,-17.592481,Lesser Frigatebird,Fregata ariel,NA,NA,8,NA,"-17.5925x178.5398 - May 18, 2017, 12:57 PM",2017-05-18,12:57:00,obsr131100,2017-05-18 12:57:00,2017,5,18,12,57
178.644967,-18.29478,Lesser Frigatebird,Fregata ariel,NA,NA,4,NA,"10 mi off Viti Levu - May 26, 2017, 6:13 AM",2017-05-26,06:13:00,obsr131100,2017-05-26 06:13:00,2017,5,26,6,13
178.644967,-18.29478,Red-footed Booby,Sula sula,NA,NA,50,NA,"10 mi off Viti Levu - May 26, 2017, 6:13 AM",2017-05-26,06:13:00,obsr131100,2017-05-26 06:13:00,2017,5,26,6,13
178.644967,-18.29478,Tahiti Petrel,Pseudobulweria rostrata,NA,NA,1,NA,"10 mi off Viti Levu - May 26, 2017, 6:13 AM",2017-05-26,06:13:00,obsr131100,2017-05-26 06:13:00,2017,5,26,6,13
179.048429,-18.543681,Black-bellied Storm-Petrel,Fregetta tropica,NA,NA,2,NA,"Chum spot #3 (25 miles)- May 25, 2017, 6:18 AM",2017-05-25,06:18:00,obsr131100,2017-05-25 06:18:00,2017,5,25,6,18
179.024795,-18.561444,Black-bellied Storm-Petrel,Fregetta tropica,NA,NA,1,NA,"Run from 25 mi to Gau reef - May 25, 2017, 10:19 AM",2017-05-25,10:19:00,obsr131100,2017-05-25 10:19:00,2017,5,25,10,19
179.062299,-18.577438,Black-bellied Storm-Petrel,Fregetta tropica,NA,NA,1,NA,"Chum Spot #2 (25mi) - May 20, 2017, 7:27 AM",2017-05-20,07:27:00,obsr131100,2017-05-20 07:27:00,2017,5,20,7,27
179.062299,-18.577438,Black-winged Petrel,Pterodroma nigripennis,NA,NA,1,NA,"Chum Spot #2 (25mi) - May 20, 2017, 7:27 AM",2017-05-20,15:10:00,obsr131100,2017-05-20 15:10:00,2017,5,20,15,10
179.174132,-18.014017,Black-winged Petrel,Pterodroma nigripennis,NA,NA,1,NA,"Gau (outside reef moving s)- May 24, 2017, 9:27 AM",2017-05-24,09:27:00,obsr131100,2017-05-24 09:27:00,2017,5,24,9,27
179.057166,-18.55304,Black-winged Petrel,Pterodroma nigripennis,NA,NA,2,NA,"-18.5530x179.0572 - May 24, 2017, 4:22 PM",2017-05-24,16:22:00,obsr131100,2017-05-24 16:22:00,2017,5,24,16,22
179.048429,-18.543681,Black-winged Petrel,Pterodroma nigripennis,NA,NA,2,NA,"Chum spot #3 (25 miles)- May 25, 2017, 6:18 AM",2017-05-25,06:18:00,obsr131100,2017-05-25 06:18:00,2017,5,25,6,18
179.217254,-18.200397,Black Noddy,Anous minutus,NA,NA,3,NA,"-18.2004x179.2173 - May 21, 2017, 6:10 AM",2017-05-21,06:10:00,obsr131100,2017-05-21 06:10:00,2017,5,21,6,10
179.174132,-18.014017,Black Noddy,Anous minutus,NA,NA,34,NA,"Gau (outside reef moving s)- May 24, 2017, 9:27 AM",2017-05-24,09:27:00,obsr131100,2017-05-24 09:27:00,2017,5,24,9,27
179.062299,-18.577438,Black Noddy,Anous minutus,NA,NA,10,NA,"Chum Spot #2 (25mi) - May 20, 2017, 7:27 AM",2017-05-20,07:27:00,obsr131100,2017-05-20 07:27:00,2017,5,20,7,27
179.048429,-18.543681,Black Noddy,Anous minutus,NA,NA,6,NA,"Chum spot #3 (25 miles)- May 25, 2017, 6:18 AM",2017-05-25,06:18:00,obsr131100,2017-05-25 06:18:00,2017,5,25,6,18
179.078732,-18.483212,Black Noddy,Anous minutus,NA,NA,5,NA,"-18.4832x179.0787 - May 20, 2017, 12:20 PM",2017-05-20,12:20:00,obsr131100,2017-05-20 12:20:00,2017,5,20,12,20
179.201858,-18.108872,Black Noddy,Anous minutus,NA,NA,26,NA,"Chum spot #1 off reef - May 25, 2017, 3:39 PM",2017-05-25,15:39:00,obsr131100,2017-05-25 15:39:00,2017,5,25,15,39
179.010405,-17.990968,Black Noddy,Anous minutus,NA,NA,48,NA,"South Pacific Ocean - -17.9910x179.0104 - Jun 3, 2017, 2:29 PM",2017-05-19,08:07:00,obsr131100,2017-05-19 08:07:00,2017,5,19,8,7
179.185982,-18.134334,Black Noddy,Anous minutus,NA,NA,1000,NA,"-18.1343x179.1860 - May 21, 2017, 10:49 AM",2017-05-21,10:49:00,obsr131100,2017-05-21 10:49:00,2017,5,21,10,49
179.010405,-17.990968,Black-naped Tern,Sterna sumatrana,NA,NA,3,NA,"South Pacific Ocean - -17.9910x179.0104 - Jun 3, 2017, 2:29 PM",2017-05-19,08:07:00,obsr131100,2017-05-19 08:07:00,2017,5,19,8,7
179.010405,-17.990968,Brown Booby,Sula leucogaster,NA,NA,3,NA,"South Pacific Ocean - -17.9910x179.0104 - Jun 3, 2017, 2:29 PM",2017-05-19,08:07:00,obsr131100,2017-05-19 08:07:00,2017,5,19,8,7
179.048429,-18.543681,Brown Booby,Sula leucogaster,NA,NA,2,NA,"Chum spot #3 (25 miles)- May 25, 2017, 6:18 AM",2017-05-25,06:18:00,obsr131100,2017-05-25 06:18:00,2017,5,25,6,18
179.217254,-18.200397,Brown Booby,Sula leucogaster,NA,NA,5,NA,"-18.2004x179.2173 - May 21, 2017, 6:10 AM",2017-05-21,06:10:00,obsr131100,2017-05-21 06:10:00,2017,5,21,6,10
179.217254,-18.200397,Brown Noddy,Anous stolidus,NA,NA,1,NA,"-18.2004x179.2173 - May 21, 2017, 6:10 AM",2017-05-21,06:10:00,obsr131100,2017-05-21 06:10:00,2017,5,21,6,10
179.185982,-18.134334,Brown Noddy,Anous stolidus,NA,NA,20,NA,"-18.1343x179.1860 - May 21, 2017, 10:49 AM",2017-05-21,10:49:00,obsr131100,2017-05-21 10:49:00,2017,5,21,10,49
179.174132,-18.014017,Brown Noddy,Anous stolidus,NA,NA,1,NA,"Gau (outside reef moving s)- May 24, 2017, 9:27 AM",2017-05-24,09:27:00,obsr131100,2017-05-24 09:27:00,2017,5,24,9,27
179.010405,-17.990968,Collared Petrel,Pterodroma brevipes,NA,NA,1,NA,"South Pacific Ocean - -17.9910x179.0104 - Jun 3, 2017, 2:29 PM",2017-05-19,08:07:00,obsr131100,2017-05-19 08:07:00,2017,5,19,8,7
179.062299,-18.577438,Collared Petrel,Pterodroma brevipes,NA,NA,2,NA,"Chum Spot #2 (25mi) - May 20, 2017, 7:27 AM",2017-05-20,15:10:00,obsr131100,2017-05-20 15:10:00,2017,5,20,15,10
179.024795,-18.561444,Collared Petrel,Pterodroma brevipes,NA,NA,1,NA,"Run from 25 mi to Gau reef - May 25, 2017, 10:19 AM",2017-05-25,10:19:00,obsr131100,2017-05-25 10:19:00,2017,5,25,10,19
179.174132,-18.014017,Collared Petrel,Pterodroma brevipes,NA,NA,1,NA,"Gau (outside reef moving s)- May 24, 2017, 9:27 AM",2017-05-24,09:27:00,obsr131100,2017-05-24 09:27:00,2017,5,24,9,27
179.048429,-18.543681,Collared Petrel,Pterodroma brevipes,NA,NA,5,NA,"Chum spot #3 (25 miles)- May 25, 2017, 6:18 AM",2017-05-25,06:18:00,obsr131100,2017-05-25 06:18:00,2017,5,25,6,18
179.078732,-18.483212,Collared Petrel,Pterodroma brevipes,NA,NA,3,NA,"-18.4832x179.0787 - May 20, 2017, 12:20 PM",2017-05-20,12:20:00,obsr131100,2017-05-20 12:20:00,2017,5,20,12,20
179.185982,-18.134334,Flesh-footed Shearwater,Ardenna carneipes,NA,NA,1,NA,"-18.1343x179.1860 - May 21, 2017, 10:49 AM",2017-05-21,10:49:00,obsr131100,2017-05-21 10:49:00,2017,5,21,10,49
179.062299,-18.577438,Gould's Petrel,Pterodroma leucoptera,NA,NA,2,NA,"Chum Spot #2 (25mi) - May 20, 2017, 7:27 AM",2017-05-20,07:27:00,obsr131100,2017-05-20 07:27:00,2017,5,20,7,27
179.240434,-17.992949,Great Crested Tern,Thalasseus bergii,NA,NA,2,NA,"Herald Bay, Gau - May 22, 2017, 1:20 PM",2017-05-22,13:20:00,obsr131100,2017-05-22 13:20:00,2017,5,22,13,20
179.010405,-17.990968,Great Crested Tern,Thalasseus bergii,NA,NA,2,NA,"South Pacific Ocean - -17.9910x179.0104 - Jun 3, 2017, 2:29 PM",2017-05-19,08:07:00,obsr131100,2017-05-19 08:07:00,2017,5,19,8,7
179.057166,-18.55304,Kermadec Petrel,Pterodroma neglecta,NA,NA,1,NA,"-18.5530x179.0572 - May 24, 2017, 4:22 PM",2017-05-24,16:22:00,obsr131100,2017-05-24 16:22:00,2017,5,24,16,22
179.024795,-18.561444,Leach's Storm-Petrel,Hydrobates leucorhous,NA,NA,1,NA,"Run from 25 mi to Gau reef - May 25, 2017, 10:19 AM",2017-05-25,10:19:00,obsr131100,2017-05-25 10:19:00,2017,5,25,10,19
179.010405,-17.990968,Lesser Frigatebird,Fregata ariel,NA,NA,1,NA,"South Pacific Ocean - -17.9910x179.0104 - Jun 3, 2017, 2:29 PM",2017-05-19,08:07:00,obsr131100,2017-05-19 08:07:00,2017,5,19,8,7
179.174132,-18.014017,Lesser Frigatebird,Fregata ariel,NA,NA,3,NA,"Gau (outside reef moving s)- May 24, 2017, 9:27 AM",2017-05-24,09:27:00,obsr131100,2017-05-24 09:27:00,2017,5,24,9,27
179.240434,-17.992949,Lesser Frigatebird,Fregata ariel,NA,NA,5,NA,"Herald Bay, Gau - May 22, 2017, 1:20 PM",2017-05-22,13:20:00,obsr131100,2017-05-22 13:20:00,2017,5,22,13,20
179.062299,-18.577438,Lesser Frigatebird,Fregata ariel,NA,NA,1,NA,"Chum Spot #2 (25mi) - May 20, 2017, 7:27 AM",2017-05-20,07:27:00,obsr131100,2017-05-20 07:27:00,2017,5,20,7,27
179.185982,-18.134334,Lesser Frigatebird,Fregata ariel,NA,NA,45,NA,"-18.1343x179.1860 - May 21, 2017, 10:49 AM",2017-05-21,10:49:00,obsr131100,2017-05-21 10:49:00,2017,5,21,10,49
179.010405,-17.990968,Mottled Petrel,Pterodroma inexpectata,NA,NA,1,NA,"South Pacific Ocean - -17.9910x179.0104 - Jun 3, 2017, 2:29 PM",2017-05-19,08:07:00,obsr131100,2017-05-19 08:07:00,2017,5,19,8,7
179.062299,-18.577438,Mottled Petrel,Pterodroma inexpectata,NA,NA,1,NA,"Chum Spot #2 (25mi) - May 20, 2017, 7:27 AM",2017-05-20,07:27:00,obsr131100,2017-05-20 07:27:00,2017,5,20,7,27
179.010405,-17.990968,Red-footed Booby,Sula sula,NA,NA,90,NA,"South Pacific Ocean - -17.9910x179.0104 - Jun 3, 2017, 2:29 PM",2017-05-19,08:07:00,obsr131100,2017-05-19 08:07:00,2017,5,19,8,7
179.062299,-18.577438,Red-footed Booby,Sula sula,NA,NA,4,NA,"Chum Spot #2 (25mi) - May 20, 2017, 7:27 AM",2017-05-20,15:10:00,obsr131100,2017-05-20 15:10:00,2017,5,20,15,10
179.201858,-18.108872,Red-footed Booby,Sula sula,NA,NA,2,NA,"Chum spot #1 off reef - May 25, 2017, 3:39 PM",2017-05-25,15:39:00,obsr131100,2017-05-25 15:39:00,2017,5,25,15,39
179.057166,-18.55304,Red-footed Booby,Sula sula,NA,NA,3,NA,"-18.5530x179.0572 - May 24, 2017, 4:22 PM",2017-05-24,16:22:00,obsr131100,2017-05-24 16:22:00,2017,5,24,16,22
179.174132,-18.014017,Red-footed Booby,Sula sula,NA,NA,10,NA,"Gau (outside reef moving s)- May 24, 2017, 9:27 AM",2017-05-24,09:27:00,obsr131100,2017-05-24 09:27:00,2017,5,24,9,27
179.217254,-18.200397,Red-footed Booby,Sula sula,NA,NA,10,NA,"-18.2004x179.2173 - May 21, 2017, 6:10 AM",2017-05-21,06:10:00,obsr131100,2017-05-21 06:10:00,2017,5,21,6,10
179.078732,-18.483212,Red-footed Booby,Sula sula,NA,NA,22,NA,"-18.4832x179.0787 - May 20, 2017, 12:20 PM",2017-05-20,12:20:00,obsr131100,2017-05-20 12:20:00,2017,5,20,12,20
179.185982,-18.134334,Red-footed Booby,Sula sula,NA,NA,50,NA,"-18.1343x179.1860 - May 21, 2017, 10:49 AM",2017-05-21,10:49:00,obsr131100,2017-05-21 10:49:00,2017,5,21,10,49
179.048429,-18.543681,Red-footed Booby,Sula sula,NA,NA,7,NA,"Chum spot #3 (25 miles)- May 25, 2017, 6:18 AM",2017-05-25,06:18:00,obsr131100,2017-05-25 06:18:00,2017,5,25,6,18
179.024795,-18.561444,Red-footed Booby,Sula sula,NA,NA,2,NA,"Run from 25 mi to Gau reef - May 25, 2017, 10:19 AM",2017-05-25,10:19:00,obsr131100,2017-05-25 10:19:00,2017,5,25,10,19
179.078732,-18.483212,Sooty Shearwater,Ardenna grisea,NA,NA,1,NA,"-18.4832x179.0787 - May 20, 2017, 12:20 PM",2017-05-20,12:20:00,obsr131100,2017-05-20 12:20:00,2017,5,20,12,20
179.174132,-18.014017,Sooty Shearwater,Ardenna grisea,NA,NA,4,NA,"Gau (outside reef moving s)- May 24, 2017, 9:27 AM",2017-05-24,09:27:00,obsr131100,2017-05-24 09:27:00,2017,5,24,9,27
179.062299,-18.577438,Sooty Shearwater,Ardenna grisea,NA,NA,1,NA,"Chum Spot #2 (25mi) - May 20, 2017, 7:27 AM",2017-05-20,07:27:00,obsr131100,2017-05-20 07:27:00,2017,5,20,7,27
179.217254,-18.200397,Sooty Shearwater,Ardenna grisea,NA,NA,1,NA,"-18.2004x179.2173 - May 21, 2017, 6:10 AM",2017-05-21,06:10:00,obsr131100,2017-05-21 06:10:00,2017,5,21,6,10
179.185982,-18.134334,Sooty Shearwater,Ardenna grisea,NA,NA,4,NA,"-18.1343x179.1860 - May 21, 2017, 10:49 AM",2017-05-21,10:49:00,obsr131100,2017-05-21 10:49:00,2017,5,21,10,49
179.010405,-17.990968,Sooty Shearwater,Ardenna grisea,NA,NA,3,NA,"South Pacific Ocean - -17.9910x179.0104 - Jun 3, 2017, 2:29 PM",2017-05-19,08:07:00,obsr131100,2017-05-19 08:07:00,2017,5,19,8,7
179.201858,-18.108872,Sooty Shearwater,Ardenna grisea,NA,NA,2,NA,"Chum spot #1 off reef - May 25, 2017, 3:39 PM",2017-05-25,15:39:00,obsr131100,2017-05-25 15:39:00,2017,5,25,15,39
179.217254,-18.200397,Sooty Tern,Onychoprion fuscatus,NA,NA,4,NA,"-18.2004x179.2173 - May 21, 2017, 6:10 AM",2017-05-21,06:10:00,obsr131100,2017-05-21 06:10:00,2017,5,21,6,10
179.048429,-18.543681,Sooty Tern,Onychoprion fuscatus,NA,NA,3,NA,"Chum spot #3 (25 miles)- May 25, 2017, 6:18 AM",2017-05-25,06:18:00,obsr131100,2017-05-25 06:18:00,2017,5,25,6,18
179.174132,-18.014017,Sooty Tern,Onychoprion fuscatus,NA,NA,3,NA,"Gau (outside reef moving s)- May 24, 2017, 9:27 AM",2017-05-24,09:27:00,obsr131100,2017-05-24 09:27:00,2017,5,24,9,27
179.078732,-18.483212,Sooty Tern,Onychoprion fuscatus,NA,NA,2,NA,"-18.4832x179.0787 - May 20, 2017, 12:20 PM",2017-05-20,12:20:00,obsr131100,2017-05-20 12:20:00,2017,5,20,12,20
179.174132,-18.014017,Tahiti Petrel,Pseudobulweria rostrata,NA,NA,3,NA,"Gau (outside reef moving s)- May 24, 2017, 9:27 AM",2017-05-24,09:27:00,obsr131100,2017-05-24 09:27:00,2017,5,24,9,27
179.217254,-18.200397,Tahiti Petrel,Pseudobulweria rostrata,NA,NA,3,NA,"-18.2004x179.2173 - May 21, 2017, 6:10 AM",2017-05-21,06:10:00,obsr131100,2017-05-21 06:10:00,2017,5,21,6,10
179.024795,-18.561444,Tahiti Petrel,Pseudobulweria rostrata,NA,NA,1,NA,"Run from 25 mi to Gau reef - May 25, 2017, 10:19 AM",2017-05-25,10:19:00,obsr131100,2017-05-25 10:19:00,2017,5,25,10,19
179.062299,-18.577438,Tahiti Petrel,Pseudobulweria rostrata,NA,NA,4,NA,"Chum Spot #2 (25mi) - May 20, 2017, 7:27 AM",2017-05-20,15:10:00,obsr131100,2017-05-20 15:10:00,2017,5,20,15,10
179.201858,-18.108872,Tahiti Petrel,Pseudobulweria rostrata,NA,NA,2,NA,"Chum spot #1 off reef - May 25, 2017, 3:39 PM",2017-05-25,15:39:00,obsr131100,2017-05-25 15:39:00,2017,5,25,15,39
179.078732,-18.483212,Tahiti Petrel,Pseudobulweria rostrata,NA,NA,2,NA,"-18.4832x179.0787 - May 20, 2017, 12:20 PM",2017-05-20,12:20:00,obsr131100,2017-05-20 12:20:00,2017,5,20,12,20
179.048429,-18.543681,Tahiti Petrel,Pseudobulweria rostrata,NA,NA,6,NA,"Chum spot #3 (25 miles)- May 25, 2017, 6:18 AM",2017-05-25,06:18:00,obsr131100,2017-05-25 06:18:00,2017,5,25,6,18
179.010405,-17.990968,Tahiti Petrel,Pseudobulweria rostrata,NA,NA,14,NA,"South Pacific Ocean - -17.9910x179.0104 - Jun 3, 2017, 2:29 PM",2017-05-19,08:07:00,obsr131100,2017-05-19 08:07:00,2017,5,19,8,7
179.048429,-18.543681,Tropical Shearwater,Puffinus bailloni,NA,NA,1,NA,"Chum spot #3 (25 miles)- May 25, 2017, 6:18 AM",2017-05-25,06:18:00,obsr131100,2017-05-25 06:18:00,2017,5,25,6,18
179.174132,-18.014017,Wedge-tailed Shearwater,Ardenna pacifica,NA,NA,1,NA,"Gau (outside reef moving s)- May 24, 2017, 9:27 AM",2017-05-24,09:27:00,obsr131100,2017-05-24 09:27:00,2017,5,24,9,27
179.217254,-18.200397,Wedge-tailed Shearwater,Ardenna pacifica,NA,NA,1,NA,"-18.2004x179.2173 - May 21, 2017, 6:10 AM",2017-05-21,06:10:00,obsr131100,2017-05-21 06:10:00,2017,5,21,6,10
179.078732,-18.483212,Wedge-tailed Shearwater,Ardenna pacifica,NA,NA,1,NA,"-18.4832x179.0787 - May 20, 2017, 12:20 PM",2017-05-20,12:20:00,obsr131100,2017-05-20 12:20:00,2017,5,20,12,20
179.201858,-18.108872,Wedge-tailed Shearwater,Ardenna pacifica,NA,NA,1,NA,"Chum spot #1 off reef - May 25, 2017, 3:39 PM",2017-05-25,15:39:00,obsr131100,2017-05-25 15:39:00,2017,5,25,15,39
179.024795,-18.561444,Wedge-tailed Shearwater,Ardenna pacifica,NA,NA,1,NA,"Run from 25 mi to Gau reef - May 25, 2017, 10:19 AM",2017-05-25,10:19:00,obsr131100,2017-05-25 10:19:00,2017,5,25,10,19
179.062299,-18.577438,Wedge-tailed Shearwater,Ardenna pacifica,NA,NA,1,NA,"Chum Spot #2 (25mi) - May 20, 2017, 7:27 AM",2017-05-20,07:27:00,obsr131100,2017-05-20 07:27:00,2017,5,20,7,27
179.010405,-17.990968,Wedge-tailed Shearwater,Ardenna pacifica,NA,NA,7,NA,"South Pacific Ocean - -17.9910x179.0104 - Jun 3, 2017, 2:29 PM",2017-05-19,08:07:00,obsr131100,2017-05-19 08:07:00,2017,5,19,8,7
179.062299,-18.577438,White-faced Storm-Petrel,Pelagodroma marina,NA,NA,1,NA,"Chum Spot #2 (25mi) - May 20, 2017, 7:27 AM",2017-05-20,07:27:00,obsr131100,2017-05-20 07:27:00,2017,5,20,7,27
179.048429,-18.543681,White-faced Storm-Petrel,Pelagodroma marina,NA,NA,1,NA,"Chum spot #3 (25 miles)- May 25, 2017, 6:18 AM",2017-05-25,06:18:00,obsr131100,2017-05-25 06:18:00,2017,5,25,6,18
179.062299,-18.577438,White-tailed Tropicbird,Phaethon lepturus,NA,NA,2,NA,"Chum Spot #2 (25mi) - May 20, 2017, 7:27 AM",2017-05-20,07:27:00,obsr131100,2017-05-20 07:27:00,2017,5,20,7,27
179.024795,-18.561444,White-tailed Tropicbird,Phaethon lepturus,NA,NA,1,NA,"Run from 25 mi to Gau reef - May 25, 2017, 10:19 AM",2017-05-25,10:19:00,obsr131100,2017-05-25 10:19:00,2017,5,25,10,19
179.078732,-18.483212,White-tailed Tropicbird,Phaethon lepturus,NA,NA,1,NA,"-18.4832x179.0787 - May 20, 2017, 12:20 PM",2017-05-20,12:20:00,obsr131100,2017-05-20 12:20:00,2017,5,20,12,20
179.174132,-18.014017,White-tailed Tropicbird,Phaethon lepturus,NA,NA,1,NA,"Gau (outside reef moving s)- May 24, 2017, 9:27 AM",2017-05-24,09:27:00,obsr131100,2017-05-24 09:27:00,2017,5,24,9,27
179.217254,-18.200397,White-tailed Tropicbird,Phaethon lepturus,NA,NA,3,NA,"-18.2004x179.2173 - May 21, 2017, 6:10 AM",2017-05-21,06:10:00,obsr131100,2017-05-21 06:10:00,2017,5,21,6,10
179.062299,-18.577438,Wilson's Storm-Petrel,Oceanites oceanicus,NA,NA,1,NA,"Chum Spot #2 (25mi) - May 20, 2017, 7:27 AM",2017-05-20,07:27:00,obsr131100,2017-05-20 07:27:00,2017,5,20,7,27
179.174132,-18.014017,Wilson's Storm-Petrel,Oceanites oceanicus,NA,NA,1,NA,"Gau (outside reef moving s)- May 24, 2017, 9:27 AM",2017-05-24,09:27:00,obsr131100,2017-05-24 09:27:00,2017,5,24,9,27
179.057166,-18.55304,Wilson's Storm-Petrel,Oceanites oceanicus,NA,NA,1,NA,"-18.5530x179.0572 - May 24, 2017, 4:22 PM",2017-05-24,16:22:00,obsr131100,2017-05-24 16:22:00,2017,5,24,16,22
179.024795,-18.561444,Wilson's Storm-Petrel,Oceanites oceanicus,NA,NA,3,NA,"Run from 25 mi to Gau reef - May 25, 2017, 10:19 AM",2017-05-25,10:19:00,obsr131100,2017-05-25 10:19:00,2017,5,25,10,19
179.217254,-18.200397,Wilson's Storm-Petrel,Oceanites oceanicus,NA,NA,3,NA,"-18.2004x179.2173 - May 21, 2017, 6:10 AM",2017-05-21,06:10:00,obsr131100,2017-05-21 06:10:00,2017,5,21,6,10
178.4406066,-18.1619228,Brown Booby,Sula leucogaster,NA,NA,1,NA,Suva Pt.--East of Fringing Reef,2017-06-18,08:57:00,obsr230624,2017-06-18 08:57:00,2017,6,18,8,57
178.4406066,-18.1619228,Great Crested Tern,Thalasseus bergii,NA,NA,10,NA,Suva Pt.--East of Fringing Reef,2017-06-18,08:57:00,obsr230624,2017-06-18 08:57:00,2017,6,18,8,57
178.4406066,-18.1619228,Black-naped Tern,Sterna sumatrana,NA,NA,2,NA,Suva Pt.--East of Fringing Reef,2017-07-21,13:02:00,obsr230624,2017-07-21 13:02:00,2017,7,21,13,2
178.4406066,-18.1619228,Brown Booby,Sula leucogaster,NA,NA,1,NA,Suva Pt.--East of Fringing Reef,2017-07-01,08:42:00,obsr230624,2017-07-01 08:42:00,2017,7,1,8,42
178.4406066,-18.1619228,Great Crested Tern,Thalasseus bergii,NA,NA,34,NA,Suva Pt.--East of Fringing Reef,2017-07-01,08:42:00,obsr230624,2017-07-01 08:42:00,2017,7,1,8,42
178.4406066,-18.1619228,Great Crested Tern,Thalasseus bergii,NA,NA,21,NA,Suva Pt.--East of Fringing Reef,2017-07-21,13:02:00,obsr230624,2017-07-21 13:02:00,2017,7,21,13,2
179.264,-17.942,Great Crested Tern,Thalasseus bergii,NA,NA,4,NA,Qarani,2017-07-28,06:20:00,obsr230624,2017-07-28 06:20:00,2017,7,28,6,20
179.264,-17.942,Lesser Frigatebird,Fregata ariel,NA,NA,1,NA,Qarani,2017-07-28,06:20:00,obsr230624,2017-07-28 06:20:00,2017,7,28,6,20
179.264,-17.942,Red-footed Booby,Sula sula,NA,NA,2,NA,Qarani,2017-07-28,06:20:00,obsr230624,2017-07-28 06:20:00,2017,7,28,6,20
178.4406066,-18.1619228,Brown Booby,Sula leucogaster,NA,NA,2,NA,Suva Pt.--East of Fringing Reef,2017-08-19,12:44:00,obsr230624,2017-08-19 12:44:00,2017,8,19,12,44
178.4406066,-18.1619228,Brown Booby,Sula leucogaster,NA,NA,1,NA,Suva Pt.--East of Fringing Reef,2017-08-27,06:45:00,obsr230624,2017-08-27 06:45:00,2017,8,27,6,45
178.2606947,-18.142248,Brown Noddy,Anous stolidus,NA,NA,1,H,"Queens Road, Nabukavesi, FJ (-18.142, 178.261)",2017-08-04,17:07:00,obsr949475,2017-08-04 17:07:00,2017,8,4,17,7
178.4406066,-18.1619228,Great Crested Tern,Thalasseus bergii,NA,NA,14,NA,Suva Pt.--East of Fringing Reef,2017-08-05,13:19:00,obsr230624,2017-08-05 13:19:00,2017,8,5,13,19
178.1788889,-18.1039167,Great Crested Tern,Thalasseus bergii,NA,NA,2,NA,Namosi Road--River,2017-08-15,15:51:00,obsr2945924,2017-08-15 15:51:00,2017,8,15,15,51
178.4406066,-18.1619228,Great Crested Tern,Thalasseus bergii,NA,NA,18,NA,Suva Pt.--East of Fringing Reef,2017-08-27,06:45:00,obsr230624,2017-08-27 06:45:00,2017,8,27,6,45
178.4406066,-18.1619228,Great Crested Tern,Thalasseus bergii,NA,NA,29,NA,Suva Pt.--East of Fringing Reef,2017-08-19,12:44:00,obsr230624,2017-08-19 12:44:00,2017,8,19,12,44
178.4406066,-18.1619228,Lesser Frigatebird,Fregata ariel,NA,NA,1,NA,Suva Pt.--East of Fringing Reef,2017-08-05,13:19:00,obsr230624,2017-08-05 13:19:00,2017,8,5,13,19
178.1788889,-18.1039167,Lesser Frigatebird,Fregata ariel,NA,NA,3,NA,Namosi Road--River,2017-08-15,15:51:00,obsr2945924,2017-08-15 15:51:00,2017,8,15,15,51
178.8932991,-17.4659527,Great Crested Tern,Thalasseus bergii,NA,NA,1,NA,Namena to Viti Levu,2017-08-07,09:00:00,obsr37531,2017-08-07 09:00:00,2017,8,7,9,0
178.8932991,-17.4659527,Red-footed Booby,Sula sula,NA,NA,8,NA,Namena to Viti Levu,2017-08-07,09:00:00,obsr37531,2017-08-07 09:00:00,2017,8,7,9,0
179.1000652,-17.110113,Brown Booby,Sula leucogaster,NA,NA,25,NA,Namena Island,2017-08-05,17:00:00,obsr37531,2017-08-05 17:00:00,2017,8,5,17,0
179.1000652,-17.110113,Great Crested Tern,Thalasseus bergii,NA,NA,2,NA,Namena Island,2017-08-05,17:00:00,obsr37531,2017-08-05 17:00:00,2017,8,5,17,0
179.1000652,-17.110113,Lesser Frigatebird,Fregata ariel,NA,NA,20,NA,Namena Island,2017-08-05,17:00:00,obsr37531,2017-08-05 17:00:00,2017,8,5,17,0
179.1000652,-17.110113,Red-footed Booby,Sula sula,NA,NA,300,NY,Namena Island,2017-08-05,17:00:00,obsr37531,2017-08-05 17:00:00,2017,8,5,17,0
179.1000652,-17.110113,White-tailed Tropicbird,Phaethon lepturus,NA,NA,8,NA,Namena Island,2017-08-05,17:00:00,obsr37531,2017-08-05 17:00:00,2017,8,5,17,0
178.4406066,-18.1619228,Great Crested Tern,Thalasseus bergii,NA,NA,29,NA,Suva Pt.--East of Fringing Reef,2017-09-20,15:02:00,obsr230624,2017-09-20 15:02:00,2017,9,20,15,2
178.4406066,-18.1619228,Great Crested Tern,Thalasseus bergii,NA,NA,8,NA,Suva Pt.--East of Fringing Reef,2017-09-08,15:58:00,obsr230624,2017-09-08 15:58:00,2017,9,8,15,58
178.4406066,-18.1619228,Great Crested Tern,Thalasseus bergii,NA,NA,13,NA,Suva Pt.--East of Fringing Reef,2017-09-07,15:39:00,obsr230624,2017-09-07 15:39:00,2017,9,7,15,39
178.4406066,-18.1619228,Great Crested Tern,Thalasseus bergii,NA,NA,21,NA,Suva Pt.--East of Fringing Reef,2017-09-26,06:57:00,obsr230624,2017-09-26 06:57:00,2017,9,26,6,57
178.4486103,-18.1526009,Great Crested Tern,Thalasseus bergii,NA,NA,15,NA,Suva Pt.--University,2017-09-26,08:02:00,obsr230624,2017-09-26 08:02:00,2017,9,26,8,2
178.4406066,-18.1619228,Great Crested Tern,Thalasseus bergii,NA,NA,11,NA,Suva Pt.--East of Fringing Reef,2017-09-02,12:15:00,obsr230624,2017-09-02 12:15:00,2017,9,2,12,15
178.4406066,-18.1619228,Lesser Frigatebird,Fregata ariel,NA,NA,1,NA,Suva Pt.--East of Fringing Reef,2017-09-08,15:58:00,obsr230624,2017-09-08 15:58:00,2017,9,8,15,58
178.4406066,-18.1619228,Lesser Frigatebird,Fregata ariel,NA,NA,1,NA,Suva Pt.--East of Fringing Reef,2017-09-07,15:39:00,obsr230624,2017-09-07 15:39:00,2017,9,7,15,39
178.4406066,-18.1619228,Lesser Frigatebird,Fregata ariel,NA,NA,1,NA,Suva Pt.--East of Fringing Reef,2017-09-02,12:15:00,obsr230624,2017-09-02 12:15:00,2017,9,2,12,15
178.4684372,-17.3195042,Black Noddy,Anous minutus,NA,NA,3,NA,Vatu-i-Ra,2017-09-21,11:00:00,obsr696024,2017-09-21 11:00:00,2017,9,21,11,0
178.4684372,-17.3195042,Black-naped Tern,Sterna sumatrana,NA,NA,3,NA,Vatu-i-Ra,2017-09-21,11:00:00,obsr696024,2017-09-21 11:00:00,2017,9,21,11,0
178.4684372,-17.3195042,Brown Booby,Sula leucogaster,NA,NA,2,NA,Vatu-i-Ra,2017-09-21,11:00:00,obsr696024,2017-09-21 11:00:00,2017,9,21,11,0
178.1750822,-17.3127441,Great Crested Tern,Thalasseus bergii,NA,NA,2,NA,Volivoli Resort,2017-09-20,15:10:00,obsr696024,2017-09-20 15:10:00,2017,9,20,15,10
178.1750822,-17.3127441,Great Crested Tern,Thalasseus bergii,NA,NA,1,NA,Volivoli Resort,2017-09-28,08:10:00,obsr696024,2017-09-28 08:10:00,2017,9,28,8,10
178.1750822,-17.3127441,Lesser Frigatebird,Fregata ariel,NA,NA,1,NA,Volivoli Resort,2017-09-28,08:10:00,obsr696024,2017-09-28 08:10:00,2017,9,28,8,10
178.1750822,-17.3127441,Lesser Frigatebird,Fregata ariel,NA,NA,1,NA,Volivoli Resort,2017-09-20,15:10:00,obsr696024,2017-09-20 15:10:00,2017,9,20,15,10
178.4684372,-17.3195042,Red-footed Booby,Sula sula,NA,NA,1,NA,Vatu-i-Ra,2017-09-21,11:00:00,obsr696024,2017-09-21 11:00:00,2017,9,21,11,0
178.454833,-18.1494507,Black-naped Tern,Sterna sumatrana,NA,NA,1,NA,Suva Point,2017-10-01,06:00:00,obsr186107,2017-10-01 06:00:00,2017,10,1,6,0
178.4406066,-18.1619228,Great Crested Tern,Thalasseus bergii,NA,NA,12,NA,Suva Pt.--East of Fringing Reef,2017-10-10,06:03:00,obsr230624,2017-10-10 06:03:00,2017,10,10,6,3
178.4486103,-18.1526009,Great Crested Tern,Thalasseus bergii,NA,NA,23,NA,Suva Pt.--University,2017-10-24,06:52:00,obsr230624,2017-10-24 06:52:00,2017,10,24,6,52
178.7218952,-17.8087594,Great Crested Tern,Thalasseus bergii,NA,NA,8,NA,Leleuvia,2017-10-22,05:30:00,obsr186107,2017-10-22 05:30:00,2017,10,22,5,30
178.4486103,-18.1526009,Great Crested Tern,Thalasseus bergii,NA,NA,19,NA,Suva Pt.--University,2017-10-25,07:15:00,obsr230624,2017-10-25 07:15:00,2017,10,25,7,15
178.4250909,-18.1314607,Great Crested Tern,Thalasseus bergii,NA,NA,2,NA,"(-18.131, 178.425)",2017-10-14,17:15:00,obsr17450,2017-10-14 17:15:00,2017,10,14,17,15
178.4406066,-18.1619228,Great Crested Tern,Thalasseus bergii,NA,NA,14,NA,Suva Pt.--East of Fringing Reef,2017-10-14,10:19:00,obsr230624,2017-10-14 10:19:00,2017,10,14,10,19
178.4039034,-18.129844,Great Crested Tern,Thalasseus bergii,NA,NA,1,NA,"Suva Harbour , FJ (-18.13, 178.404)",2017-10-14,06:27:00,obsr17450,2017-10-14 06:27:00,2017,10,14,6,27
178.4486103,-18.1526009,Great Crested Tern,Thalasseus bergii,NA,NA,10,NA,Suva Pt.--University,2017-10-14,11:05:00,obsr230624,2017-10-14 11:05:00,2017,10,14,11,5
178.4406066,-18.1619228,Great Crested Tern,Thalasseus bergii,NA,NA,15,NA,Suva Pt.--East of Fringing Reef,2017-10-09,17:11:00,obsr230624,2017-10-09 17:11:00,2017,10,9,17,11
178.454833,-18.1494507,Lesser Frigatebird,Fregata ariel,NA,NA,1,NA,Suva Point,2017-10-01,06:00:00,obsr186107,2017-10-01 06:00:00,2017,10,1,6,0
178.7218952,-17.8087594,Lesser Frigatebird,Fregata ariel,NA,NA,1,NA,Leleuvia,2017-10-22,05:30:00,obsr186107,2017-10-22 05:30:00,2017,10,22,5,30
178.423668,-18.133472,Red-footed Booby,Sula sula,NA,NA,2,NA,"Viti Levu (-18.1335,178.4237)",2017-10-14,07:46:00,obsr56570,2017-10-14 07:46:00,2017,10,14,7,46
178.4250909,-18.1314607,Red-footed Booby,Sula sula,NA,NA,5,NA,"(-18.131, 178.425)",2017-10-14,17:15:00,obsr17450,2017-10-14 17:15:00,2017,10,14,17,15
178.6518574,-17.8233046,Red-footed Booby,Sula sula,NA,NA,1,NA,Passage to Leleuvia,2017-10-23,15:30:00,obsr186107,2017-10-23 15:30:00,2017,10,23,15,30
178.4406066,-18.1619228,Great Crested Tern,Thalasseus bergii,NA,NA,11,NA,Suva Pt.--East of Fringing Reef,2017-11-18,15:30:00,obsr230624,2017-11-18 15:30:00,2017,11,18,15,30
178.4406066,-18.1619228,Great Crested Tern,Thalasseus bergii,NA,NA,18,NA,Suva Pt.--East of Fringing Reef,2017-11-19,15:41:00,obsr230624,2017-11-19 15:41:00,2017,11,19,15,41
178.4406066,-18.1619228,Lesser Frigatebird,Fregata ariel,NA,NA,3,NA,Suva Pt.--East of Fringing Reef,2017-11-19,15:41:00,obsr230624,2017-11-19 15:41:00,2017,11,19,15,41
178.4406066,-18.1619228,Black-naped Tern,Sterna sumatrana,NA,NA,2,NA,Suva Pt.--East of Fringing Reef,2017-12-27,10:24:00,obsr230624,2017-12-27 10:24:00,2017,12,27,10,24
178.4406066,-18.1619228,Black-naped Tern,Sterna sumatrana,NA,NA,5,NA,Suva Pt.--East of Fringing Reef,2017-12-23,07:10:00,obsr230624,2017-12-23 07:10:00,2017,12,23,7,10
178.4406066,-18.1619228,Black-naped Tern,Sterna sumatrana,NA,NA,2,NA,Suva Pt.--East of Fringing Reef,2017-12-29,12:18:00,obsr230624,2017-12-29 12:18:00,2017,12,29,12,18
178.4406066,-18.1619228,Black-naped Tern,Sterna sumatrana,NA,NA,2,NA,Suva Pt.--East of Fringing Reef,2017-12-26,09:31:00,obsr230624,2017-12-26 09:31:00,2017,12,26,9,31
178.4406066,-18.1619228,Brown Noddy,Anous stolidus,NA,NA,70,NA,Suva Pt.--East of Fringing Reef,2017-12-26,09:31:00,obsr230624,2017-12-26 09:31:00,2017,12,26,9,31
178.4406066,-18.1619228,Great Crested Tern,Thalasseus bergii,NA,NA,18,NA,Suva Pt.--East of Fringing Reef,2017-12-09,08:37:00,obsr230624,2017-12-09 08:37:00,2017,12,9,8,37
178.4406066,-18.1619228,Great Crested Tern,Thalasseus bergii,NA,NA,28,NA,Suva Pt.--East of Fringing Reef,2017-12-26,09:31:00,obsr230624,2017-12-26 09:31:00,2017,12,26,9,31
178.4486103,-18.1526009,Great Crested Tern,Thalasseus bergii,NA,NA,5,NA,Suva Pt.--University,2017-12-29,12:52:00,obsr230624,2017-12-29 12:52:00,2017,12,29,12,52
178.4406066,-18.1619228,Great Crested Tern,Thalasseus bergii,NA,NA,20,NA,Suva Pt.--East of Fringing Reef,2017-12-27,10:24:00,obsr230624,2017-12-27 10:24:00,2017,12,27,10,24
178.4244577,-18.1490894,Great Crested Tern,Thalasseus bergii,NA,NA,2,NA,"Suva, Central Division, FJ (-18.149, 178.424) Thurston Gardens and Grand Pacific Hotel",2017-12-10,08:00:00,obsr229139,2017-12-10 08:00:00,2017,12,10,8,0
178.4406066,-18.1619228,Great Crested Tern,Thalasseus bergii,NA,NA,21,NA,Suva Pt.--East of Fringing Reef,2017-12-23,07:10:00,obsr230624,2017-12-23 07:10:00,2017,12,23,7,10
178.4406066,-18.1619228,Great Crested Tern,Thalasseus bergii,NA,NA,28,NA,Suva Pt.--East of Fringing Reef,2017-12-29,12:18:00,obsr230624,2017-12-29 12:18:00,2017,12,29,12,18
178.4406066,-18.1619228,Lesser Frigatebird,Fregata ariel,NA,NA,1,NA,Suva Pt.--East of Fringing Reef,2017-12-26,09:31:00,obsr230624,2017-12-26 09:31:00,2017,12,26,9,31
178.4406066,-18.1619228,Lesser Frigatebird,Fregata ariel,NA,NA,2,NA,Suva Pt.--East of Fringing Reef,2017-12-29,12:18:00,obsr230624,2017-12-29 12:18:00,2017,12,29,12,18
178.4406066,-18.1619228,Lesser Frigatebird,Fregata ariel,NA,NA,1,NA,Suva Pt.--East of Fringing Reef,2017-12-27,10:24:00,obsr230624,2017-12-27 10:24:00,2017,12,27,10,24
178.4174883,-18.1311582,Red-footed Booby,Sula sula,NA,NA,1,NA,"Harbor near Suva, Vita Levu, Fiji",2017-12-06,18:00:00,obsr273433,2017-12-06 18:00:00,2017,12,6,18,0
179.3654966,-17.2779154,Lesser Frigatebird,Fregata ariel,NA,NA,1,NA,"Nabasovi, Fiji",2017-12-14,08:00:00,obsr229139,2017-12-14 08:00:00,2017,12,14,8,0
178.4406066,-18.1619228,Black-naped Tern,Sterna sumatrana,NA,NA,2,NA,Suva Pt.--East of Fringing Reef,2018-01-06,07:25:00,obsr230624,2018-01-06 07:25:00,2018,1,6,7,25
178.4406066,-18.1619228,Great Crested Tern,Thalasseus bergii,NA,NA,20,NA,Suva Pt.--East of Fringing Reef,2018-01-28,10:40:00,obsr230624,2018-01-28 10:40:00,2018,1,28,10,40
178.4406066,-18.1619228,Great Crested Tern,Thalasseus bergii,NA,NA,12,NA,Suva Pt.--East of Fringing Reef,2018-01-27,10:40:00,obsr230624,2018-01-27 10:40:00,2018,1,27,10,40
178.4406066,-18.1619228,Great Crested Tern,Thalasseus bergii,NA,NA,13,NA,Suva Pt.--East of Fringing Reef,2018-01-06,07:25:00,obsr230624,2018-01-06 07:25:00,2018,1,6,7,25
178.4406066,-18.1619228,Great Crested Tern,Thalasseus bergii,NA,NA,15,NA,Suva Pt.--East of Fringing Reef,2018-02-25,10:08:00,obsr230624,2018-02-25 10:08:00,2018,2,25,10,8
178.4406066,-18.1619228,Lesser Frigatebird,Fregata ariel,NA,NA,1,NA,Suva Pt.--East of Fringing Reef,2018-02-05,06:38:00,obsr230624,2018-02-05 06:38:00,2018,2,5,6,38
178.4353065,-18.1638557,Great Crested Tern,Thalasseus bergii,NA,NA,3,NA,Suva Pt.,2018-03-25,12:42:00,obsr275935,2018-03-25 12:42:00,2018,3,25,12,42
178.5203004,-18.7624694,Brown Booby,Sula leucogaster,NA,NA,1,NA,Dravuni Island,2018-03-23,09:00:00,obsr461976,2018-03-23 09:00:00,2018,3,23,9,0
178.5068893,-18.7591686,Brown Booby,Sula leucogaster,NA,NA,1,NA,Noordam Cruise,2018-03-23,06:30:00,obsr461976,2018-03-23 06:30:00,2018,3,23,6,30
178.5203004,-18.7624694,Great Crested Tern,Thalasseus bergii,NA,NA,4,NA,Dravuni Island,2018-03-23,09:00:00,obsr461976,2018-03-23 09:00:00,2018,3,23,9,0
178.5068893,-18.7591686,Lesser Frigatebird,Fregata ariel,NA,NA,7,NA,Noordam Cruise,2018-03-23,06:30:00,obsr461976,2018-03-23 06:30:00,2018,3,23,6,30
178.5203004,-18.7624694,Lesser Frigatebird,Fregata ariel,NA,NA,2,NA,Dravuni Island,2018-03-23,09:00:00,obsr461976,2018-03-23 09:00:00,2018,3,23,9,0
178.4346199,-18.7943554,Red-footed Booby,Sula sula,NA,NA,3,NA,Noordam Cruise,2018-03-23,17:30:00,obsr461976,2018-03-23 17:30:00,2018,3,23,17,30
178.5203004,-18.7624694,Red-footed Booby,Sula sula,NA,NA,23,NA,Dravuni Island,2018-03-23,09:00:00,obsr461976,2018-03-23 09:00:00,2018,3,23,9,0
178.4346199,-18.7943554,Tahiti Petrel,Pseudobulweria rostrata,NA,NA,1,NA,Noordam Cruise,2018-03-23,17:30:00,obsr461976,2018-03-23 17:30:00,2018,3,23,17,30
178.5068893,-18.7591686,Wedge-tailed Shearwater,Ardenna pacifica,NA,NA,1,NA,Noordam Cruise,2018-03-23,06:30:00,obsr461976,2018-03-23 06:30:00,2018,3,23,6,30
178.4406066,-18.1619228,Black-naped Tern,Sterna sumatrana,NA,NA,1,NA,Suva Pt.--East of Fringing Reef,2018-04-17,15:47:00,obsr230624,2018-04-17 15:47:00,2018,4,17,15,47
178.4406066,-18.1619228,Brown Booby,Sula leucogaster,NA,NA,1,NA,Suva Pt.--East of Fringing Reef,2018-04-22,07:41:00,obsr230624,2018-04-22 07:41:00,2018,4,22,7,41
178.4406066,-18.1619228,Great Crested Tern,Thalasseus bergii,NA,NA,23,NA,Suva Pt.--East of Fringing Reef,2018-04-17,15:47:00,obsr230624,2018-04-17 15:47:00,2018,4,17,15,47
178.4406066,-18.1619228,Great Crested Tern,Thalasseus bergii,NA,NA,29,NA,Suva Pt.--East of Fringing Reef,2018-04-22,07:41:00,obsr230624,2018-04-22 07:41:00,2018,4,22,7,41
178.4406066,-18.1619228,Lesser Frigatebird,Fregata ariel,NA,NA,1,NA,Suva Pt.--East of Fringing Reef,2018-04-17,15:47:00,obsr230624,2018-04-17 15:47:00,2018,4,17,15,47
178.4406066,-18.1619228,Red-footed Booby,Sula sula,NA,NA,6,NA,Suva Pt.--East of Fringing Reef,2018-04-17,15:47:00,obsr230624,2018-04-17 15:47:00,2018,4,17,15,47
178.834826,-18.307318,Black-winged Petrel,Pterodroma nigripennis,NA,NA,1,NA,SW of Gau 2,2018-05-25,07:17:00,obsr37531,2018-05-25 07:17:00,2018,5,25,7,17
178.834826,-18.307318,Black Noddy,Anous minutus,NA,NA,30,NA,SW of Gau 2,2018-05-25,07:17:00,obsr37531,2018-05-25 07:17:00,2018,5,25,7,17
178.498999,-18.308269,Black Noddy,Anous minutus,NA,NA,10,NA,Passing Suva,2018-05-25,09:13:00,obsr37531,2018-05-25 09:13:00,2018,5,25,9,13
178.720238,-18.307777,Black Noddy,Anous minutus,NA,NA,10,NA,"(-18.3078,178.7202)",2018-05-25,07:55:00,obsr965720,2018-05-25 07:55:00,2018,5,25,7,55
178.928775,-18.306843,Black Noddy,Anous minutus,NA,NA,100,NA,SW of Gau 1,2018-05-25,06:46:00,obsr37531,2018-05-25 06:46:00,2018,5,25,6,46
178.4406066,-18.1619228,Black-naped Tern,Sterna sumatrana,NA,NA,6,NA,Suva Pt.--East of Fringing Reef,2018-05-14,17:30:00,obsr1092545,2018-05-14 17:30:00,2018,5,14,17,30
178.498999,-18.308269,Brown Booby,Sula leucogaster,NA,NA,4,NA,Passing Suva,2018-05-25,09:13:00,obsr37531,2018-05-25 09:13:00,2018,5,25,9,13
178.498999,-18.308269,Brown Noddy,Anous stolidus,NA,NA,5,NA,Passing Suva,2018-05-25,09:13:00,obsr37531,2018-05-25 09:13:00,2018,5,25,9,13
178.928775,-18.306843,Brown Noddy,Anous stolidus,NA,NA,200,NA,SW of Gau 1,2018-05-25,06:46:00,obsr37531,2018-05-25 06:46:00,2018,5,25,6,46
178.834826,-18.307318,Brown Noddy,Anous stolidus,NA,NA,50,NA,SW of Gau 2,2018-05-25,07:17:00,obsr37531,2018-05-25 07:17:00,2018,5,25,7,17
178.720238,-18.307777,Brown Noddy,Anous stolidus,NA,NA,40,NA,"(-18.3078,178.7202)",2018-05-25,07:55:00,obsr965720,2018-05-25 07:55:00,2018,5,25,7,55
178.720238,-18.307777,Buller's Shearwater,Ardenna bulleri,NA,NA,1,NA,"(-18.3078,178.7202)",2018-05-25,07:55:00,obsr965720,2018-05-25 07:55:00,2018,5,25,7,55
178.834826,-18.307318,Buller's Shearwater,Ardenna bulleri,NA,NA,1,NA,SW of Gau 2,2018-05-25,07:17:00,obsr37531,2018-05-25 07:17:00,2018,5,25,7,17
178.928775,-18.306843,Flesh-footed Shearwater,Ardenna carneipes,NA,NA,1,NA,SW of Gau 1,2018-05-25,06:46:00,obsr37531,2018-05-25 06:46:00,2018,5,25,6,46
178.498999,-18.308269,Flesh-footed Shearwater,Ardenna carneipes,NA,NA,1,NA,Passing Suva,2018-05-25,09:13:00,obsr37531,2018-05-25 09:13:00,2018,5,25,9,13
178.4406066,-18.1619228,Great Crested Tern,Thalasseus bergii,NA,NA,6,NA,Suva Pt.--East of Fringing Reef,2018-05-13,18:07:00,obsr1092545,2018-05-13 18:07:00,2018,5,13,18,7
178.4406066,-18.1619228,Great Crested Tern,Thalasseus bergii,NA,NA,9,NA,Suva Pt.--East of Fringing Reef,2018-05-18,17:30:00,obsr1092545,2018-05-18 17:30:00,2018,5,18,17,30
178.4406066,-18.1619228,Great Crested Tern,Thalasseus bergii,NA,NA,16,NA,Suva Pt.--East of Fringing Reef,2018-05-17,17:29:00,obsr1092545,2018-05-17 17:29:00,2018,5,17,17,29
178.4406066,-18.1619228,Great Crested Tern,Thalasseus bergii,NA,NA,28,NA,Suva Pt.--East of Fringing Reef,2018-05-16,17:30:00,obsr1092545,2018-05-16 17:30:00,2018,5,16,17,30
178.4406066,-18.1619228,Great Crested Tern,Thalasseus bergii,NA,NA,22,NA,Suva Pt.--East of Fringing Reef,2018-05-21,07:17:00,obsr230624,2018-05-21 07:17:00,2018,5,21,7,17
178.4406066,-18.1619228,Great Crested Tern,Thalasseus bergii,NA,NA,1,NA,Suva Pt.--East of Fringing Reef,2018-05-15,17:30:00,obsr1092545,2018-05-15 17:30:00,2018,5,15,17,30
178.4406066,-18.1619228,Great Crested Tern,Thalasseus bergii,NA,NA,4,NA,Suva Pt.--East of Fringing Reef,2018-05-12,18:03:00,obsr1092545,2018-05-12 18:03:00,2018,5,12,18,3
178.4406066,-18.1619228,Great Crested Tern,Thalasseus bergii,NA,NA,10,NA,Suva Pt.--East of Fringing Reef,2018-05-06,18:22:00,obsr1092545,2018-05-06 18:22:00,2018,5,6,18,22
178.4406066,-18.1619228,Great Crested Tern,Thalasseus bergii,NA,NA,25,NA,Suva Pt.--East of Fringing Reef,2018-05-31,16:30:00,obsr230624,2018-05-31 16:30:00,2018,5,31,16,30
178.4247907,-18.137468,Lesser Frigatebird,Fregata ariel,NA,NA,1,NA,"Scott Street, Suva - City Center, Central Division, FJ (-18.137, 178.425)",2018-05-19,09:24:00,obsr1092545,2018-05-19 09:24:00,2018,5,19,9,24
178.4406066,-18.1619228,Lesser Frigatebird,Fregata ariel,NA,NA,1,NA,Suva Pt.--East of Fringing Reef,2018-05-13,18:07:00,obsr1092545,2018-05-13 18:07:00,2018,5,13,18,7
178.4406066,-18.1619228,Lesser Frigatebird,Fregata ariel,NA,NA,1,NA,Suva Pt.--East of Fringing Reef,2018-05-31,16:30:00,obsr230624,2018-05-31 16:30:00,2018,5,31,16,30
178.720238,-18.307777,Lesser Frigatebird,Fregata ariel,NA,NA,1,NA,"(-18.3078,178.7202)",2018-05-25,07:55:00,obsr965720,2018-05-25 07:55:00,2018,5,25,7,55
178.720238,-18.307777,Mottled Petrel,Pterodroma inexpectata,NA,NA,1,NA,"(-18.3078,178.7202)",2018-05-25,07:55:00,obsr965720,2018-05-25 07:55:00,2018,5,25,7,55
178.834826,-18.307318,Mottled Petrel,Pterodroma inexpectata,NA,NA,1,NA,SW of Gau 2,2018-05-25,07:17:00,obsr37531,2018-05-25 07:17:00,2018,5,25,7,17
178.834826,-18.307318,Red-footed Booby,Sula sula,NA,NA,4,NA,SW of Gau 2,2018-05-25,07:17:00,obsr37531,2018-05-25 07:17:00,2018,5,25,7,17
178.928775,-18.306843,Red-footed Booby,Sula sula,NA,NA,4,NA,SW of Gau 1,2018-05-25,06:46:00,obsr37531,2018-05-25 06:46:00,2018,5,25,6,46
178.498999,-18.308269,Red-footed Booby,Sula sula,NA,NA,3,NA,Passing Suva,2018-05-25,09:13:00,obsr37531,2018-05-25 09:13:00,2018,5,25,9,13
178.928775,-18.306843,Short-tailed Shearwater,Ardenna tenuirostris,NA,NA,1,NA,SW of Gau 1,2018-05-25,06:46:00,obsr37531,2018-05-25 06:46:00,2018,5,25,6,46
178.928775,-18.306843,Sooty Shearwater,Ardenna grisea,NA,NA,1,NA,SW of Gau 1,2018-05-25,06:46:00,obsr37531,2018-05-25 06:46:00,2018,5,25,6,46
178.720238,-18.307777,Sooty Shearwater,Ardenna grisea,NA,NA,1,NA,"(-18.3078,178.7202)",2018-05-25,07:55:00,obsr965720,2018-05-25 07:55:00,2018,5,25,7,55
178.834826,-18.307318,Sooty Shearwater,Ardenna grisea,NA,NA,1,NA,SW of Gau 2,2018-05-25,07:17:00,obsr37531,2018-05-25 07:17:00,2018,5,25,7,17
178.498999,-18.308269,Sooty Shearwater,Ardenna grisea,NA,NA,1,NA,Passing Suva,2018-05-25,09:13:00,obsr37531,2018-05-25 09:13:00,2018,5,25,9,13
178.834826,-18.307318,Sooty Tern,Onychoprion fuscatus,NA,NA,1,NA,SW of Gau 2,2018-05-25,07:17:00,obsr37531,2018-05-25 07:17:00,2018,5,25,7,17
178.928775,-18.306843,White-tailed Tropicbird,Phaethon lepturus,NA,NA,1,NA,SW of Gau 1,2018-05-25,06:46:00,obsr37531,2018-05-25 06:46:00,2018,5,25,6,46
178.5203004,-18.7624694,Great Frigatebird,Fregata minor,NA,NA,2,NA,Dravuni Island,2018-05-27,14:28:00,obsr37531,2018-05-27 14:28:00,2018,5,27,14,28
178.7220454,-17.8080852,Brown Noddy,Anous stolidus,NA,NA,8,NA,Leleuvia,2018-06-04,09:05:00,obsr741272,2018-06-04 09:05:00,2018,6,4,9,5
178.7220454,-17.8080852,Great Crested Tern,Thalasseus bergii,NA,NA,3,NA,Leleuvia,2018-06-04,09:05:00,obsr741272,2018-06-04 09:05:00,2018,6,4,9,5
178.4406066,-18.1619228,Great Crested Tern,Thalasseus bergii,NA,NA,22,NA,Suva Pt.--East of Fringing Reef,2018-06-09,10:46:00,obsr230624,2018-06-09 10:46:00,2018,6,9,10,46
178.4462744,-18.1297102,Great Frigatebird,Fregata minor,NA,NA,1,NA,"Suva, Viti Levu (General)",2018-06-22,15:49:00,obsr563882,2018-06-22 15:49:00,2018,6,22,15,49
178.7220454,-17.8080852,Lesser Frigatebird,Fregata ariel,NA,NA,1,NA,Leleuvia,2018-06-04,09:05:00,obsr741272,2018-06-04 09:05:00,2018,6,4,9,5
178.4462744,-18.1297102,Lesser Frigatebird,Fregata ariel,NA,NA,1,NA,"Suva, Viti Levu (General)",2018-06-22,15:49:00,obsr563882,2018-06-22 15:49:00,2018,6,22,15,49
178.60123,-17.57396,Black Noddy,Anous minutus,NA,NA,1,NA,ZZNamFerryJuly18004,2018-07-14,08:00:00,obsr230624,2018-07-14 08:00:00,2018,7,14,8,0
178.59923,-17.54008,Black Noddy,Anous minutus,NA,NA,60,NA,ZZNamFerryJuly18005,2018-07-14,08:10:00,obsr230624,2018-07-14 08:10:00,2018,7,14,8,10
178.60315,-17.64017,Black Noddy,Anous minutus,NA,NA,1,NA,ZZNamFerryJuly18002,2018-07-14,07:40:00,obsr230624,2018-07-14 07:40:00,2018,7,14,7,40
178.60133,-17.60614,Black Noddy,Anous minutus,NA,NA,24,NA,ZZNamFerryJuly18003,2018-07-14,07:50:00,obsr230624,2018-07-14 07:50:00,2018,7,14,7,50
178.116,-18.3756,Brown Booby,Sula leucogaster,NA,NA,2,NA,Beqa Lagoon Resort,2018-07-07,07:30:00,obsr1404430,2018-07-07 07:30:00,2018,7,7,7,30
178.4245777,-18.1590806,Brown Booby,Sula leucogaster,NA,NA,1,NA,Suva Pt.--Fringing Reef to Bowls Club,2018-07-14,14:36:00,obsr543722,2018-07-14 14:36:00,2018,7,14,14,36
178.4406066,-18.1619228,Brown Booby,Sula leucogaster,NA,NA,2,NA,Suva Pt.--East of Fringing Reef,2018-07-05,07:29:00,obsr230624,2018-07-05 07:29:00,2018,7,5,7,29
178.4462744,-18.1297102,Brown Booby,Sula leucogaster,NA,NA,1,NA,"Suva, Viti Levu (General)",2018-07-17,17:15:00,obsr543722,2018-07-17 17:15:00,2018,7,17,17,15
178.4406066,-18.1619228,Brown Booby,Sula leucogaster,NA,NA,1,NA,Suva Pt.--East of Fringing Reef,2018-07-12,14:15:00,obsr230624,2018-07-12 14:15:00,2018,7,12,14,15
178.116,-18.3756,Brown Booby,Sula leucogaster,NA,NA,2,NA,Beqa Lagoon Resort,2018-07-06,08:00:00,obsr1404430,2018-07-06 08:00:00,2018,7,6,8,0
178.4406066,-18.1619228,Great Crested Tern,Thalasseus bergii,NA,NA,6,NA,Suva Pt.--East of Fringing Reef,2018-07-05,07:29:00,obsr230624,2018-07-05 07:29:00,2018,7,5,7,29
178.116,-18.3756,Great Crested Tern,Thalasseus bergii,NA,NA,12,NA,Beqa Lagoon Resort,2018-07-06,08:00:00,obsr1404430,2018-07-06 08:00:00,2018,7,6,8,0
178.116,-18.3756,Great Crested Tern,Thalasseus bergii,NA,NA,16,NA,Beqa Lagoon Resort,2018-07-07,07:30:00,obsr1404430,2018-07-07 07:30:00,2018,7,7,7,30
178.4245777,-18.1590806,Great Crested Tern,Thalasseus bergii,NA,NA,3,NA,Suva Pt.--Fringing Reef to Bowls Club,2018-07-14,14:36:00,obsr543722,2018-07-14 14:36:00,2018,7,14,14,36
178.4174538,-18.13117,Great Crested Tern,Thalasseus bergii,NA,NA,2,NA,Suva Harbor,2018-07-14,14:16:00,obsr543722,2018-07-14 14:16:00,2018,7,14,14,16
178.4406066,-18.1619228,Great Crested Tern,Thalasseus bergii,NA,NA,26,NA,Suva Pt.--East of Fringing Reef,2018-07-12,14:15:00,obsr230624,2018-07-12 14:15:00,2018,7,12,14,15
178.59239,-17.67194,Great Crested Tern,Thalasseus bergii,NA,NA,5,NA,ZZNamFerryJuly18001,2018-07-14,07:30:00,obsr230624,2018-07-14 07:30:00,2018,7,14,7,30
178.4374544,-18.1637552,Great Crested Tern,Thalasseus bergii,NA,NA,2,NA,"Suva, Fiji",2018-07-24,13:00:00,obsr984050,2018-07-24 13:00:00,2018,7,24,13,0
178.4462744,-18.1297102,Great Crested Tern,Thalasseus bergii,NA,NA,5,NA,"Suva, Viti Levu (General)",2018-07-17,17:15:00,obsr543722,2018-07-17 17:15:00,2018,7,17,17,15
178.4406066,-18.1619228,Great Crested Tern,Thalasseus bergii,NA,NA,7,NA,Suva Pt.--East of Fringing Reef,2018-07-21,09:47:00,obsr230624,2018-07-21 09:47:00,2018,7,21,9,47
178.4353065,-18.1638557,Lesser Frigatebird,Fregata ariel,NA,NA,2,NA,Suva Pt.,2018-07-10,NA,obsr1065938,2018-07-10 NA,2018,7,10,NA,NA
178.428172,-18.134285,Lesser Frigatebird,Fregata ariel,NA,NA,1,NA,"Robertson Road, Suva FJ-Fiji (-18.1343,178.4282)",2018-07-19,15:45:00,obsr543722,2018-07-19 15:45:00,2018,7,19,15,45
178.4245777,-18.1590806,Lesser Frigatebird,Fregata ariel,NA,NA,1,NA,Suva Pt.--Fringing Reef to Bowls Club,2018-07-14,14:36:00,obsr543722,2018-07-14 14:36:00,2018,7,14,14,36
178.116,-18.3756,Lesser Frigatebird,Fregata ariel,NA,NA,1,NA,Beqa Lagoon Resort,2018-07-06,08:00:00,obsr1404430,2018-07-06 08:00:00,2018,7,6,8,0
178.116,-18.3756,Lesser Frigatebird,Fregata ariel,NA,NA,1,NA,Beqa Lagoon Resort,2018-07-07,07:30:00,obsr1404430,2018-07-07 07:30:00,2018,7,7,7,30
178.60133,-17.60614,Lesser Frigatebird,Fregata ariel,NA,NA,3,NA,ZZNamFerryJuly18003,2018-07-14,07:50:00,obsr230624,2018-07-14 07:50:00,2018,7,14,7,50
178.59923,-17.54008,Lesser Frigatebird,Fregata ariel,NA,NA,6,NA,ZZNamFerryJuly18005,2018-07-14,08:10:00,obsr230624,2018-07-14 08:10:00,2018,7,14,8,10
178.59923,-17.54008,Red-footed Booby,Sula sula,NA,NA,6,NA,ZZNamFerryJuly18005,2018-07-14,08:10:00,obsr230624,2018-07-14 08:10:00,2018,7,14,8,10
178.58789,-17.5081,Red-footed Booby,Sula sula,NA,NA,1,NA,ZZNamFerryJuly18006,2018-07-14,08:20:00,obsr230624,2018-07-14 08:20:00,2018,7,14,8,20
178.64093,-17.14591,Black Noddy,Anous minutus,NA,NA,15,NA,ZZNamFerryJuly18017,2018-07-14,10:10:00,obsr230624,2018-07-14 10:10:00,2018,7,14,10,10
178.62765,-17.17713,Black Noddy,Anous minutus,NA,NA,1,NA,ZZNamFerryJuly18016,2018-07-14,10:00:00,obsr230624,2018-07-14 10:00:00,2018,7,14,10,0
178.66262,-17.0808,Black Noddy,Anous minutus,NA,NA,85,NA,ZZNamFerryJuly18019,2018-07-14,10:30:00,obsr230624,2018-07-14 10:30:00,2018,7,14,10,30
178.67961,-17.01524,Black Noddy,Anous minutus,NA,NA,260,NA,ZZNamFerryJuly18021,2018-07-14,10:50:00,obsr230624,2018-07-14 10:50:00,2018,7,14,10,50
178.67961,-17.01524,Black-naped Tern,Sterna sumatrana,NA,NA,8,NA,ZZNamFerryJuly18021,2018-07-14,10:50:00,obsr230624,2018-07-14 10:50:00,2018,7,14,10,50
178.64093,-17.14591,Red-footed Booby,Sula sula,NA,NA,1,NA,ZZNamFerryJuly18017,2018-07-14,10:10:00,obsr230624,2018-07-14 10:10:00,2018,7,14,10,10
178.6162,-17.20943,Black Noddy,Anous minutus,NA,NA,19,NA,ZZNamFerryJuly18015,2018-07-14,09:50:00,obsr230624,2018-07-14 09:50:00,2018,7,14,9,50
178.6042,-17.24171,Black Noddy,Anous minutus,NA,NA,20,NA,ZZNamFerryJuly18014,2018-07-14,09:40:00,obsr230624,2018-07-14 09:40:00,2018,7,14,9,40
178.59053,-17.27288,Brown Booby,Sula leucogaster,NA,NA,1,NA,ZZNamFerryJuly18013,2018-07-14,09:30:00,obsr230624,2018-07-14 09:30:00,2018,7,14,9,30
178.58223,-17.30357,Great Crested Tern,Thalasseus bergii,NA,NA,1,NA,ZZNamFerryJuly18012,2018-07-14,09:20:00,obsr230624,2018-07-14 09:20:00,2018,7,14,9,20
178.5823,-17.33793,Red-footed Booby,Sula sula,NA,NA,1,NA,ZZNamFerryJuly18011,2018-07-14,09:10:00,obsr230624,2018-07-14 09:10:00,2018,7,14,9,10
178.6162,-17.20943,Red-footed Booby,Sula sula,NA,NA,1,NA,ZZNamFerryJuly18015,2018-07-14,09:50:00,obsr230624,2018-07-14 09:50:00,2018,7,14,9,50
178.4406066,-18.1619228,Brown Booby,Sula leucogaster,NA,NA,2,NA,Suva Pt.--East of Fringing Reef,2018-08-18,08:24:00,obsr230624,2018-08-18 08:24:00,2018,8,18,8,24
178.4406066,-18.1619228,Brown Booby,Sula leucogaster,NA,NA,2,NA,Suva Pt.--East of Fringing Reef,2018-08-26,14:55:00,obsr230624,2018-08-26 14:55:00,2018,8,26,14,55
178.4406066,-18.1619228,Great Crested Tern,Thalasseus bergii,NA,NA,20,NA,Suva Pt.--East of Fringing Reef,2018-08-26,14:55:00,obsr230624,2018-08-26 14:55:00,2018,8,26,14,55
178.4406066,-18.1619228,Great Crested Tern,Thalasseus bergii,NA,NA,26,NA,Suva Pt.--East of Fringing Reef,2018-08-18,08:24:00,obsr230624,2018-08-18 08:24:00,2018,8,18,8,24
178.4174538,-18.13117,Lesser Frigatebird,Fregata ariel,NA,NA,1,NA,Suva Harbor,2018-08-31,14:00:00,obsr731552,2018-08-31 14:00:00,2018,8,31,14,0
178.2400868,-18.9666664,Great Crested Tern,Thalasseus bergii,NA,NA,20,NA,Kadavu Island - Papageno Resort,2018-08-27,NA,obsr1225746,2018-08-27 NA,2018,8,27,NA,NA
178.2400868,-18.9666664,Lesser Frigatebird,Fregata ariel,NA,NA,9,NA,Kadavu Island - Papageno Resort,2018-08-27,NA,obsr1225746,2018-08-27 NA,2018,8,27,NA,NA
178.4684372,-17.3195042,Brown Booby,Sula leucogaster,NA,NA,3,NY,Vatu-i-Ra,2018-08-10,11:00:00,obsr1206657,2018-08-10 11:00:00,2018,8,10,11,0
178.4684372,-17.3195042,White-tailed Tropicbird,Phaethon lepturus,NA,NA,1,NA,Vatu-i-Ra,2018-08-10,11:00:00,obsr1206657,2018-08-10 11:00:00,2018,8,10,11,0
178.4406066,-18.1619228,Black-naped Tern,Sterna sumatrana,NA,NA,1,NA,Suva Pt.--East of Fringing Reef,2018-09-15,07:04:00,obsr230624,2018-09-15 07:04:00,2018,9,15,7,4
178.4227418,-18.1471952,Great Crested Tern,Thalasseus bergii,NA,NA,2,NA,"Grand Pacific Hotel, Suva",2018-09-30,06:55:00,obsr340621,2018-09-30 06:55:00,2018,9,30,6,55
178.4406066,-18.1619228,Great Crested Tern,Thalasseus bergii,NA,NA,25,NA,Suva Pt.--East of Fringing Reef,2018-09-09,14:35:00,obsr230624,2018-09-09 14:35:00,2018,9,9,14,35
178.4406066,-18.1619228,Great Crested Tern,Thalasseus bergii,NA,NA,8,NA,Suva Pt.--East of Fringing Reef,2018-09-01,06:30:00,obsr230624,2018-09-01 06:30:00,2018,9,1,6,30
178.4406066,-18.1619228,Great Crested Tern,Thalasseus bergii,NA,NA,34,NA,Suva Pt.--East of Fringing Reef,2018-09-15,07:04:00,obsr230624,2018-09-15 07:04:00,2018,9,15,7,4
178.4406066,-18.1619228,Lesser Frigatebird,Fregata ariel,NA,NA,1,NA,Suva Pt.--East of Fringing Reef,2018-09-15,07:04:00,obsr230624,2018-09-15 07:04:00,2018,9,15,7,4
178.4406066,-18.1619228,Lesser Frigatebird,Fregata ariel,NA,NA,1,NA,Suva Pt.--East of Fringing Reef,2018-09-09,14:35:00,obsr535437,2018-09-09 14:35:00,2018,9,9,14,35
178.509777,-18.871225,Black-naped Tern,Sterna sumatrana,NA,NA,8,NA,Kadavu Island—Ono Island Manta Ray snorkeling spot,2018-09-03,09:00:00,obsr731552,2018-09-03 09:00:00,2018,9,3,9,0
178.509777,-18.871225,Brown Booby,Sula leucogaster,NA,NA,13,NA,Kadavu Island—Ono Island Manta Ray snorkeling spot,2018-09-03,09:00:00,obsr731552,2018-09-03 09:00:00,2018,9,3,9,0
178.509777,-18.871225,Lesser Frigatebird,Fregata ariel,NA,NA,6,NA,Kadavu Island—Ono Island Manta Ray snorkeling spot,2018-09-03,09:00:00,obsr731552,2018-09-03 09:00:00,2018,9,3,9,0
178.4174538,-18.13117,Black-naped Tern,Sterna sumatrana,NA,NA,1,NA,Suva Harbor,2018-10-20,08:00:00,obsr608314,2018-10-20 08:00:00,2018,10,20,8,0
178.4406066,-18.1619228,Black-naped Tern,Sterna sumatrana,NA,NA,4,NA,Suva Pt.--East of Fringing Reef,2018-10-01,07:13:00,obsr230624,2018-10-01 07:13:00,2018,10,1,7,13
178.4462744,-18.1297102,Great Crested Tern,Thalasseus bergii,NA,NA,5,NA,"Suva, Viti Levu (General)",2018-10-19,16:57:00,obsr414731,2018-10-19 16:57:00,2018,10,19,16,57
178.4406066,-18.1619228,Great Crested Tern,Thalasseus bergii,NA,NA,22,NA,Suva Pt.--East of Fringing Reef,2018-10-06,12:26:00,obsr230624,2018-10-06 12:26:00,2018,10,6,12,26
178.4406066,-18.1619228,Great Crested Tern,Thalasseus bergii,NA,NA,14,NA,Suva Pt.--East of Fringing Reef,2018-10-01,07:13:00,obsr230624,2018-10-01 07:13:00,2018,10,1,7,13
178.4174538,-18.13117,Great Crested Tern,Thalasseus bergii,NA,NA,12,NA,Suva Harbor,2018-10-20,17:00:00,obsr608314,2018-10-20 17:00:00,2018,10,20,17,0
178.4406066,-18.1619228,Great Crested Tern,Thalasseus bergii,NA,NA,20,NA,Suva Pt.--East of Fringing Reef,2018-10-20,12:02:00,obsr230624,2018-10-20 12:02:00,2018,10,20,12,2
178.103458,-18.3807047,Great Crested Tern,Thalasseus bergii,NA,NA,6,NA,Bega Lagoon Resort,2018-10-12,15:30:00,obsr465625,2018-10-12 15:30:00,2018,10,12,15,30
178.4256935,-18.1496036,Great Crested Tern,Thalasseus bergii,NA,NA,3,NA,Fiji museum grounds,2018-10-17,09:00:00,obsr442205,2018-10-17 09:00:00,2018,10,17,9,0
178.4406066,-18.1619228,Great Crested Tern,Thalasseus bergii,NA,NA,17,NA,Suva Pt.--East of Fringing Reef,2018-10-27,16:23:00,obsr230624,2018-10-27 16:23:00,2018,10,27,16,23
178.4174538,-18.13117,Great Frigatebird,Fregata minor,NA,NA,1,NA,Suva Harbor,2018-10-20,08:00:00,obsr608314,2018-10-20 08:00:00,2018,10,20,8,0
178.4406066,-18.1619228,Lesser Frigatebird,Fregata ariel,NA,NA,1,NA,Suva Pt.--East of Fringing Reef,2018-10-06,12:26:00,obsr230624,2018-10-06 12:26:00,2018,10,6,12,26
178.4174538,-18.13117,Lesser Frigatebird,Fregata ariel,NA,NA,3,NA,Suva Harbor,2018-10-20,17:00:00,obsr608314,2018-10-20 17:00:00,2018,10,20,17,0
178.4406066,-18.1619228,Lesser Frigatebird,Fregata ariel,NA,NA,3,NA,Suva Pt.--East of Fringing Reef,2018-10-20,12:02:00,obsr230624,2018-10-20 12:02:00,2018,10,20,12,2
178.4406066,-18.1619228,Lesser Frigatebird,Fregata ariel,NA,NA,1,NA,Suva Pt.--East of Fringing Reef,2018-10-01,07:13:00,obsr230624,2018-10-01 07:13:00,2018,10,1,7,13
179.1001988,-17.1095132,Red-footed Booby,Sula sula,NA,NA,12,NA,Fiji - Namena Island,2018-10-09,11:00:00,obsr839431,2018-10-09 11:00:00,2018,10,9,11,0
179.1001988,-17.1095132,White-tailed Tropicbird,Phaethon lepturus,NA,NA,6,NA,Fiji - Namena Island,2018-10-09,11:00:00,obsr839431,2018-10-09 11:00:00,2018,10,9,11,0
178.102671,-18.3848261,Great Crested Tern,Thalasseus bergii,NA,NA,3,NA,Beqa Lagoon Resort,2018-11-07,08:00:00,obsr1019653,2018-11-07 08:00:00,2018,11,7,8,0
178.4406066,-18.1619228,Great Crested Tern,Thalasseus bergii,NA,NA,18,NA,Suva Pt.--East of Fringing Reef,2018-11-19,12:39:00,obsr230624,2018-11-19 12:39:00,2018,11,19,12,39
178.4406066,-18.1619228,Great Crested Tern,Thalasseus bergii,NA,NA,31,NA,Suva Pt.--East of Fringing Reef,2018-11-25,16:49:00,obsr230624,2018-11-25 16:49:00,2018,11,25,16,49
178.4406066,-18.1619228,Great Crested Tern,Thalasseus bergii,NA,NA,17,NA,Suva Pt.--East of Fringing Reef,2018-11-07,15:16:00,obsr230624,2018-11-07 15:16:00,2018,11,7,15,16
178.4406066,-18.1619228,Great Crested Tern,Thalasseus bergii,NA,NA,25,NA,Suva Pt.--East of Fringing Reef,2018-11-17,11:21:00,obsr230624,2018-11-17 11:21:00,2018,11,17,11,21
178.4406066,-18.1619228,Great Crested Tern,Thalasseus bergii,NA,NA,45,NA,Suva Pt.--East of Fringing Reef,2018-11-03,11:02:00,obsr230624,2018-11-03 11:02:00,2018,11,3,11,2
178.4406066,-18.1619228,Lesser Frigatebird,Fregata ariel,NA,NA,1,NA,Suva Pt.--East of Fringing Reef,2018-11-03,11:02:00,obsr230624,2018-11-03 11:02:00,2018,11,3,11,2
178.4406066,-18.1619228,Lesser Frigatebird,Fregata ariel,NA,NA,1,NA,Suva Pt.--East of Fringing Reef,2018-11-19,12:39:00,obsr230624,2018-11-19 12:39:00,2018,11,19,12,39
178.4406066,-18.1619228,Lesser Frigatebird,Fregata ariel,NA,NA,1,NA,Suva Pt.--East of Fringing Reef,2018-11-07,15:16:00,obsr230624,2018-11-07 15:16:00,2018,11,7,15,16
178.76148800000001,-18.171099,Red-footed Booby,Sula sula,NA,NA,2,NA,"South Pacific Ocean (-18.1711,178.7615)",2018-11-24,07:47:00,obsr31427,2018-11-24 07:47:00,2018,11,24,7,47
178.60299,-17.61717,Black Noddy,Anous minutus,NA,NA,2,NA,Dec18Natovi02,2018-12-30,08:00:00,obsr230624,2018-12-30 08:00:00,2018,12,30,8,0
178.59078,-17.51468,Black Noddy,Anous minutus,NA,NA,10,NA,Dec18Natovi05,2018-12-30,08:30:00,obsr230624,2018-12-30 08:30:00,2018,12,30,8,30
178.58217,-17.4812,Black Noddy,Anous minutus,NA,NA,2,NA,Dec18Natovi06,2018-12-30,08:40:00,obsr230624,2018-12-30 08:40:00,2018,12,30,8,40
178.60289,-17.58155,Black Noddy,Anous minutus,NA,NA,19,NA,Dec18Natovi03,2018-12-30,08:10:00,obsr230624,2018-12-30 08:10:00,2018,12,30,8,10
178.4406066,-18.1619228,Black-naped Tern,Sterna sumatrana,NA,NA,1,NA,Suva Pt.--East of Fringing Reef,2018-12-29,09:21:00,obsr230624,2018-12-29 09:21:00,2018,12,29,9,21
178.4406066,-18.1619228,Black-naped Tern,Sterna sumatrana,NA,NA,1,NA,Suva Pt.--East of Fringing Reef,2018-12-16,10:33:00,obsr230624,2018-12-16 10:33:00,2018,12,16,10,33
178.60289,-17.58155,Bridled Tern,Onychoprion anaethetus,NA,NA,1,NA,Dec18Natovi03,2018-12-30,08:10:00,obsr230624,2018-12-30 08:10:00,2018,12,30,8,10
178.4406066,-18.1619228,Great Crested Tern,Thalasseus bergii,NA,NA,24,NA,Suva Pt.--East of Fringing Reef,2018-12-29,09:21:00,obsr230624,2018-12-29 09:21:00,2018,12,29,9,21
178.4486103,-18.1526009,Great Crested Tern,Thalasseus bergii,NA,NA,6,NA,Suva Pt.--University,2018-12-29,10:10:00,obsr230624,2018-12-29 10:10:00,2018,12,29,10,10
178.4406066,-18.1619228,Great Crested Tern,Thalasseus bergii,NA,NA,19,NA,Suva Pt.--East of Fringing Reef,2018-12-01,10:42:00,obsr230624,2018-12-01 10:42:00,2018,12,1,10,42
178.4406066,-18.1619228,Great Crested Tern,Thalasseus bergii,NA,NA,13,NA,Suva Pt.--East of Fringing Reef,2018-12-16,10:33:00,obsr230624,2018-12-16 10:33:00,2018,12,16,10,33
178.60046,-17.65283,Great Crested Tern,Thalasseus bergii,NA,NA,1,NA,Dec18Natovi01,2018-12-30,07:50:00,obsr230624,2018-12-30 07:50:00,2018,12,30,7,50
178.4486103,-18.1526009,Lesser Frigatebird,Fregata ariel,NA,NA,1,NA,Suva Pt.--University,2018-12-29,10:10:00,obsr230624,2018-12-29 10:10:00,2018,12,29,10,10
178.59078,-17.51468,Lesser Frigatebird,Fregata ariel,NA,NA,6,NA,Dec18Natovi05,2018-12-30,08:30:00,obsr230624,2018-12-30 08:30:00,2018,12,30,8,30
178.4406066,-18.1619228,Lesser Frigatebird,Fregata ariel,NA,NA,1,NA,Suva Pt.--East of Fringing Reef,2018-12-29,09:21:00,obsr230624,2018-12-29 09:21:00,2018,12,29,9,21
178.60046,-17.65283,Red-footed Booby,Sula sula,NA,NA,1,NA,Dec18Natovi01,2018-12-30,07:50:00,obsr230624,2018-12-30 07:50:00,2018,12,30,7,50
178.60289,-17.58155,Red-footed Booby,Sula sula,NA,NA,1,NA,Dec18Natovi03,2018-12-30,08:10:00,obsr230624,2018-12-30 08:10:00,2018,12,30,8,10
178.58217,-17.4812,Wedge-tailed Shearwater,Ardenna pacifica,NA,NA,1,NA,Dec18Natovi06,2018-12-30,08:40:00,obsr230624,2018-12-30 08:40:00,2018,12,30,8,40
178.63837,-17.15207,Black Noddy,Anous minutus,NA,NA,2,NA,Dec18Natovi16,2018-12-30,10:20:00,obsr230624,2018-12-30 10:20:00,2018,12,30,10,20
178.66054,-17.08843,Black Noddy,Anous minutus,NA,NA,7,NA,Dec18Natovi18,2018-12-30,10:40:00,obsr230624,2018-12-30 10:40:00,2018,12,30,10,40
178.65173,-17.12135,Black Noddy,Anous minutus,NA,NA,9,NA,Dec18Natovi17,2018-12-30,10:30:00,obsr230624,2018-12-30 10:30:00,2018,12,30,10,30
178.62589,-17.18399,Black Noddy,Anous minutus,NA,NA,78,NA,Dec18Natovi15,2018-12-30,10:10:00,obsr230624,2018-12-30 10:10:00,2018,12,30,10,10
178.66949,-17.05493,Bridled Tern,Onychoprion anaethetus,NA,NA,7,NA,Dec18Natovi19,2018-12-30,10:50:00,obsr230624,2018-12-30 10:50:00,2018,12,30,10,50
178.58256,-17.31009,Black Noddy,Anous minutus,NA,NA,8,NA,Dec18Natovi11,2018-12-30,09:30:00,obsr230624,2018-12-30 09:30:00,2018,12,30,9,30
178.58209,-17.41312,Black Noddy,Anous minutus,NA,NA,2,NA,Dec18Natovi08,2018-12-30,09:00:00,obsr230624,2018-12-30 09:00:00,2018,12,30,9,0
178.58246,-17.34468,Black Noddy,Anous minutus,NA,NA,2,NA,Dec18Natovi10,2018-12-30,09:20:00,obsr230624,2018-12-30 09:20:00,2018,12,30,9,20
178.58836,-17.27821,Black Noddy,Anous minutus,NA,NA,13,NA,Dec18Natovi12,2018-12-30,09:40:00,obsr230624,2018-12-30 09:40:00,2018,12,30,9,40
178.61578,-17.21579,Black Noddy,Anous minutus,NA,NA,13,NA,Dec18Natovi14,2018-12-30,10:00:00,obsr230624,2018-12-30 10:00:00,2018,12,30,10,0
178.60218,-17.24676,Black Noddy,Anous minutus,NA,NA,43,NA,Dec18Natovi13,2018-12-30,09:50:00,obsr230624,2018-12-30 09:50:00,2018,12,30,9,50
178.61578,-17.21579,Bridled Tern,Onychoprion anaethetus,NA,NA,1,NA,Dec18Natovi14,2018-12-30,10:00:00,obsr230624,2018-12-30 10:00:00,2018,12,30,10,0
178.58209,-17.41312,Great Crested Tern,Thalasseus bergii,NA,NA,1,NA,Dec18Natovi08,2018-12-30,09:00:00,obsr230624,2018-12-30 09:00:00,2018,12,30,9,0
178.58836,-17.27821,Great Crested Tern,Thalasseus bergii,NA,NA,1,NA,Dec18Natovi12,2018-12-30,09:40:00,obsr230624,2018-12-30 09:40:00,2018,12,30,9,40
178.58222,-17.44597,Black Noddy,Anous minutus,NA,NA,6,NA,Jan19Natovi17,2019-01-08,19:00:00,obsr230624,2019-01-08 19:00:00,2019,1,8,19,0
178.58293,-17.47545,Black Noddy,Anous minutus,NA,NA,1,NA,Jan19Natovi18,2019-01-08,19:10:00,obsr230624,2019-01-08 19:10:00,2019,1,8,19,10
178.4406066,-18.1619228,Black-naped Tern,Sterna sumatrana,NA,NA,2,NA,Suva Pt.--East of Fringing Reef,2019-01-12,08:05:00,obsr230624,2019-01-12 08:05:00,2019,1,12,8,5
178.58222,-17.44597,Bridled Tern,Onychoprion anaethetus,NA,NA,1,NA,Jan19Natovi17,2019-01-08,19:00:00,obsr230624,2019-01-08 19:00:00,2019,1,8,19,0
178.4406066,-18.1619228,Great Crested Tern,Thalasseus bergii,NA,NA,10,NA,Suva Pt.--East of Fringing Reef,2019-01-19,12:54:00,obsr230624,2019-01-19 12:54:00,2019,1,19,12,54
178.4406066,-18.1619228,Great Crested Tern,Thalasseus bergii,NA,NA,16,NA,Suva Pt.--East of Fringing Reef,2019-01-12,08:05:00,obsr230624,2019-01-12 08:05:00,2019,1,12,8,5
178.4406066,-18.1619228,Lesser Frigatebird,Fregata ariel,NA,NA,1,NA,Suva Pt.--East of Fringing Reef,2019-01-19,12:54:00,obsr230624,2019-01-19 12:54:00,2019,1,19,12,54
178.407359,-18.9964094,Black-naped Tern,Sterna sumatrana,NA,NA,4,NA,Kavala Waterfall Loop,2019-01-22,11:00:00,obsr352942,2019-01-22 11:00:00,2019,1,22,11,0
178.5015056,-18.8460458,Bridled Tern,Onychoprion anaethetus,NA,NA,6,NA,Bird Island,2019-01-20,17:30:00,obsr286767,2019-01-20 17:30:00,2019,1,20,17,30
178.5015056,-18.8460458,Brown Booby,Sula leucogaster,NA,NA,50,NA,Bird Island,2019-01-20,17:30:00,obsr286767,2019-01-20 17:30:00,2019,1,20,17,30
178.4520183,-18.9673313,Great Frigatebird,Fregata minor,NA,NA,1,NA,"Tiliva, Kadavu",2019-01-19,07:00:00,obsr352942,2019-01-19 07:00:00,2019,1,19,7,0
178.5015056,-18.8460458,Great Frigatebird,Fregata minor,NA,NA,200,NA,Bird Island,2019-01-20,17:30:00,obsr352942,2019-01-20 17:30:00,2019,1,20,17,30
178.4520183,-18.9673313,Lesser Frigatebird,Fregata ariel,NA,NA,1,NA,"Tiliva, Kadavu",2019-01-19,07:00:00,obsr352942,2019-01-19 07:00:00,2019,1,19,7,0
178.5015056,-18.8460458,Lesser Frigatebird,Fregata ariel,NA,NA,50,NA,Bird Island,2019-01-20,17:30:00,obsr286767,2019-01-20 17:30:00,2019,1,20,17,30
178.5015056,-18.8460458,Red-footed Booby,Sula sula,NA,NA,600,NA,Bird Island,2019-01-20,17:30:00,obsr286767,2019-01-20 17:30:00,2019,1,20,17,30
178.64572,-17.13519,Black Noddy,Anous minutus,NA,NA,1,NA,Jan19Natovi06,2019-01-08,17:10:00,obsr230624,2019-01-08 17:10:00,2019,1,8,17,10
178.64572,-17.13519,Bridled Tern,Onychoprion anaethetus,NA,NA,1,NA,Jan19Natovi06,2019-01-08,17:10:00,obsr230624,2019-01-08 17:10:00,2019,1,8,17,10
178.58258,-17.41711,Black Noddy,Anous minutus,NA,NA,20,NA,Jan19Natovi16,2019-01-08,18:50:00,obsr230624,2019-01-08 18:50:00,2019,1,8,18,50
178.58238,-17.30044,Black Noddy,Anous minutus,NA,NA,5,NA,Jan19Natovi12,2019-01-08,18:10:00,obsr230624,2019-01-08 18:10:00,2019,1,8,18,10
178.62119,-17.18986,Black Noddy,Anous minutus,NA,NA,34,NA,Jan19Natovi08,2019-01-08,17:30:00,obsr230624,2019-01-08 17:30:00,2019,1,8,17,30
178.59048,-17.27354,Black Noddy,Anous minutus,NA,NA,64,NA,Jan19Natovi11,2019-01-08,18:00:00,obsr230624,2019-01-08 18:00:00,2019,1,8,18,0
178.58245,-17.32956,Black Noddy,Anous minutus,NA,NA,3,NA,Jan19Natovi13,2019-01-08,18:20:00,obsr230624,2019-01-08 18:20:00,2019,1,8,18,20
178.60091,-17.24734,Black Noddy,Anous minutus,NA,NA,20,NA,Jan19Natovi10,2019-01-08,17:50:00,obsr230624,2019-01-08 17:50:00,2019,1,8,17,50
178.61061,-17.21781,Black Noddy,Anous minutus,NA,NA,5,NA,Jan19Natovi09,2019-01-08,17:40:00,obsr230624,2019-01-08 17:40:00,2019,1,8,17,40
178.58227,-17.38748,Black Noddy,Anous minutus,NA,NA,2,NA,Jan19Natovi15,2019-01-08,18:40:00,obsr230624,2019-01-08 18:40:00,2019,1,8,18,40
178.62119,-17.18986,Bridled Tern,Onychoprion anaethetus,NA,NA,3,NA,Jan19Natovi08,2019-01-08,17:30:00,obsr230624,2019-01-08 17:30:00,2019,1,8,17,30
178.61061,-17.21781,Bridled Tern,Onychoprion anaethetus,NA,NA,3,NA,Jan19Natovi09,2019-01-08,17:40:00,obsr230624,2019-01-08 17:40:00,2019,1,8,17,40
178.58258,-17.41711,Bridled Tern,Onychoprion anaethetus,NA,NA,8,NA,Jan19Natovi16,2019-01-08,18:50:00,obsr230624,2019-01-08 18:50:00,2019,1,8,18,50
178.58258,-17.41711,Brown Noddy,Anous stolidus,NA,NA,3,NA,Jan19Natovi16,2019-01-08,18:50:00,obsr230624,2019-01-08 18:50:00,2019,1,8,18,50
178.59048,-17.27354,Great Crested Tern,Thalasseus bergii,NA,NA,1,NA,Jan19Natovi11,2019-01-08,18:00:00,obsr230624,2019-01-08 18:00:00,2019,1,8,18,0
178.58258,-17.41711,Lesser Frigatebird,Fregata ariel,NA,NA,1,NA,Jan19Natovi16,2019-01-08,18:50:00,obsr230624,2019-01-08 18:50:00,2019,1,8,18,50
178.58245,-17.32956,Red-footed Booby,Sula sula,NA,NA,1,NA,Jan19Natovi13,2019-01-08,18:20:00,obsr230624,2019-01-08 18:20:00,2019,1,8,18,20
178.58227,-17.38748,Red-footed Booby,Sula sula,NA,NA,1,NA,Jan19Natovi15,2019-01-08,18:40:00,obsr230624,2019-01-08 18:40:00,2019,1,8,18,40
178.58238,-17.30044,Red-footed Booby,Sula sula,NA,NA,1,NA,Jan19Natovi12,2019-01-08,18:10:00,obsr230624,2019-01-08 18:10:00,2019,1,8,18,10
178.61061,-17.21781,Red-footed Booby,Sula sula,NA,NA,1,NA,Jan19Natovi09,2019-01-08,17:40:00,obsr230624,2019-01-08 17:40:00,2019,1,8,17,40
178.58258,-17.41711,Red-footed Booby,Sula sula,NA,NA,4,NA,Jan19Natovi16,2019-01-08,18:50:00,obsr230624,2019-01-08 18:50:00,2019,1,8,18,50
178.58215,-17.35898,Red-footed Booby,Sula sula,NA,NA,6,NA,Jan19Natovi14,2019-01-08,18:30:00,obsr230624,2019-01-08 18:30:00,2019,1,8,18,30
178.4406066,-18.1619228,Black-naped Tern,Sterna sumatrana,NA,NA,1,NA,Suva Pt.--East of Fringing Reef,2019-02-15,10:29:00,obsr230624,2019-02-15 10:29:00,2019,2,15,10,29
178.4406066,-18.1619228,Great Crested Tern,Thalasseus bergii,NA,NA,6,NA,Suva Pt.--East of Fringing Reef,2019-02-02,13:16:00,obsr230624,2019-02-02 13:16:00,2019,2,2,13,16
178.4406066,-18.1619228,Great Crested Tern,Thalasseus bergii,NA,NA,12,NA,Suva Pt.--East of Fringing Reef,2019-02-15,10:29:00,obsr230624,2019-02-15 10:29:00,2019,2,15,10,29
178.65764,-18.30419,Black Noddy,Anous minutus,NA,NA,1,NA,PelagicMarch19033,2019-03-09,16:30:00,obsr230624,2019-03-09 16:30:00,2019,3,9,16,30
178.58922,-18.22137,Black Noddy,Anous minutus,NA,NA,5,NA,PelagicMarch19036,2019-03-09,17:20:00,obsr230624,2019-03-09 17:20:00,2019,3,9,17,20
178.44906,-18.3783,Black Noddy,Anous minutus,NA,NA,1,NA,PelagicMarch19007,2019-03-09,10:10:00,obsr230624,2019-03-09 10:10:00,2019,3,9,10,10
178.56934,-18.205,Black Noddy,Anous minutus,NA,NA,3,NA,PelagicMarch19037,2019-03-09,17:30:00,obsr230624,2019-03-09 17:30:00,2019,3,9,17,30
178.44467,-18.35371,Black Noddy,Anous minutus,NA,NA,3,NA,PelagicMarch19006,2019-03-09,10:00:00,obsr230624,2019-03-09 10:00:00,2019,3,9,10,0
178.44083,-18.32902,Black Noddy,Anous minutus,NA,NA,3,NA,PelagicMarch19005,2019-03-09,09:50:00,obsr230624,2019-03-09 09:50:00,2019,3,9,9,50
178.45641,-18.40226,Black Noddy,Anous minutus,NA,NA,2,NA,PelagicMarch19008,2019-03-09,10:20:00,obsr230624,2019-03-09 10:20:00,2019,3,9,10,20
178.074338,-18.338109,Black Noddy,Anous minutus,NA,NA,90,NA,"(-18.3381,178.0743)",2019-03-30,09:18:00,obsr238384,2019-03-30 09:18:00,2019,3,30,9,18
178.3943,-18.16231,Black Noddy,Anous minutus,NA,NA,40,NA,PelagicMarch19003,2019-03-09,08:40:00,obsr230624,2019-03-09 08:40:00,2019,3,9,8,40
178.61287,-18.23444,Black Noddy,Anous minutus,NA,NA,85,NA,PelagicMarch19035,2019-03-09,17:10:00,obsr230624,2019-03-09 17:10:00,2019,3,9,17,10
178.39708,-18.18675,Black Noddy,Anous minutus,NA,NA,10,NA,PelagicMarch19004,2019-03-09,08:50:00,obsr230624,2019-03-09 08:50:00,2019,3,9,8,50
178.63625,-18.2469,Black Noddy,Anous minutus,NA,NA,3,NA,PelagicMarch19034,2019-03-09,17:00:00,obsr230624,2019-03-09 17:00:00,2019,3,9,17,0
178.39987,-18.13803,Black Noddy,Anous minutus,NA,NA,8,NA,PelagicMarch19002,2019-03-09,08:30:00,obsr230624,2019-03-09 08:30:00,2019,3,9,8,30
178.42101,-18.12458,Black-naped Tern,Sterna sumatrana,NA,NA,2,NA,PelagicMarch19001,2019-03-09,08:20:00,obsr230624,2019-03-09 08:20:00,2019,3,9,8,20
178.39987,-18.13803,Black-naped Tern,Sterna sumatrana,NA,NA,1,NA,PelagicMarch19002,2019-03-09,08:30:00,obsr230624,2019-03-09 08:30:00,2019,3,9,8,30
178.4406066,-18.1619228,Black-naped Tern,Sterna sumatrana,NA,NA,1,NA,Suva Pt.--East of Fringing Reef,2019-03-02,11:58:00,obsr230624,2019-03-02 11:58:00,2019,3,2,11,58
178.39987,-18.13803,Bridled Tern,Onychoprion anaethetus,NA,NA,3,NA,PelagicMarch19002,2019-03-09,08:30:00,obsr230624,2019-03-09 08:30:00,2019,3,9,8,30
178.074338,-18.338109,Brown Booby,Sula leucogaster,NA,NA,1,NA,"(-18.3381,178.0743)",2019-03-30,09:18:00,obsr238384,2019-03-30 09:18:00,2019,3,30,9,18
178.074338,-18.338109,Brown Noddy,Anous stolidus,NA,NA,1,NA,"(-18.3381,178.0743)",2019-03-30,09:18:00,obsr238384,2019-03-30 09:18:00,2019,3,30,9,18
178.39987,-18.13803,Brown Noddy,Anous stolidus,NA,NA,2,NA,PelagicMarch19002,2019-03-09,08:30:00,obsr230624,2019-03-09 08:30:00,2019,3,9,8,30
178.39987,-18.13803,Great Crested Tern,Thalasseus bergii,NA,NA,7,NA,PelagicMarch19002,2019-03-09,08:30:00,obsr230624,2019-03-09 08:30:00,2019,3,9,8,30
178.074338,-18.338109,Great Crested Tern,Thalasseus bergii,NA,NA,1,NA,"(-18.3381,178.0743)",2019-03-30,09:18:00,obsr238384,2019-03-30 09:18:00,2019,3,30,9,18
178.103692,-18.408232,Great Crested Tern,Thalasseus bergii,NA,NA,1,NA,Beqa Village,2019-03-26,14:00:00,obsr238384,2019-03-26 14:00:00,2019,3,26,14,0
178.4406066,-18.1619228,Great Crested Tern,Thalasseus bergii,NA,NA,16,NA,Suva Pt.--East of Fringing Reef,2019-03-31,11:20:00,obsr230624,2019-03-31 11:20:00,2019,3,31,11,20
178.4406066,-18.1619228,Great Crested Tern,Thalasseus bergii,NA,NA,38,NA,Suva Pt.--East of Fringing Reef,2019-03-15,09:06:00,obsr230624,2019-03-15 09:06:00,2019,3,15,9,6
178.4486103,-18.1526009,Great Crested Tern,Thalasseus bergii,NA,NA,10,NA,Suva Pt.--University,2019-03-15,09:49:00,obsr230624,2019-03-15 09:49:00,2019,3,15,9,49
178.4406066,-18.1619228,Great Crested Tern,Thalasseus bergii,NA,NA,13,NA,Suva Pt.--East of Fringing Reef,2019-03-02,11:58:00,obsr230624,2019-03-02 11:58:00,2019,3,2,11,58
178.42101,-18.12458,Great Crested Tern,Thalasseus bergii,NA,NA,6,NA,PelagicMarch19001,2019-03-09,08:20:00,obsr230624,2019-03-09 08:20:00,2019,3,9,8,20
178.091106,-18.408641,Lesser Frigatebird,Fregata ariel,NA,NA,1,NA,Lawaki Beach House,2019-03-29,11:00:00,obsr238384,2019-03-29 11:00:00,2019,3,29,11,0
178.6423,-18.36988,Red-footed Booby,Sula sula,NA,NA,1,NA,PelagicMarch19031,2019-03-09,16:00:00,obsr230624,2019-03-09 16:00:00,2019,3,9,16,0
178.61287,-18.23444,Red-footed Booby,Sula sula,NA,NA,7,NA,PelagicMarch19035,2019-03-09,17:10:00,obsr230624,2019-03-09 17:10:00,2019,3,9,17,10
178.65609,-18.3276,Red-footed Booby,Sula sula,NA,NA,2,NA,PelagicMarch19032,2019-03-09,16:20:00,obsr230624,2019-03-09 16:20:00,2019,3,9,16,20
178.44906,-18.3783,Red-footed Booby,Sula sula,NA,NA,1,NA,PelagicMarch19007,2019-03-09,10:10:00,obsr230624,2019-03-09 10:10:00,2019,3,9,10,10
178.5537,-18.18607,Red-footed Booby,Sula sula,NA,NA,10,NA,PelagicMarch19038,2019-03-09,17:40:00,obsr230624,2019-03-09 17:40:00,2019,3,9,17,40
178.52841,-18.18246,Red-footed Booby,Sula sula,NA,NA,2,NA,PelagicMarch19039,2019-03-09,17:50:00,obsr230624,2019-03-09 17:50:00,2019,3,9,17,50
178.4677,-18.45105,Red-footed Booby,Sula sula,NA,NA,2,NA,PelagicMarch19009,2019-03-09,10:40:00,obsr230624,2019-03-09 10:40:00,2019,3,9,10,40
178.56934,-18.205,Red-footed Booby,Sula sula,NA,NA,4,NA,PelagicMarch19037,2019-03-09,17:30:00,obsr230624,2019-03-09 17:30:00,2019,3,9,17,30
178.60311,-18.45125,Red-footed Booby,Sula sula,NA,NA,1,NA,PelagicMarch19029,2019-03-09,15:20:00,obsr230624,2019-03-09 15:20:00,2019,3,9,15,20
178.63228,-18.39096,Red-footed Booby,Sula sula,NA,NA,2,NA,PelagicMarch19030,2019-03-09,15:50:00,obsr230624,2019-03-09 15:50:00,2019,3,9,15,50
178.44083,-18.32902,Red-footed Booby,Sula sula,NA,NA,3,NA,PelagicMarch19005,2019-03-09,09:50:00,obsr230624,2019-03-09 09:50:00,2019,3,9,9,50
178.51606,-18.6699,Black Noddy,Anous minutus,NA,NA,19,NA,PelagicMarch19020,2019-03-09,12:40:00,obsr230624,2019-03-09 12:40:00,2019,3,9,12,40
178.51125,-18.56518,Black Noddy,Anous minutus,NA,NA,2,NA,PelagicMarch19013,2019-03-09,11:30:00,obsr230624,2019-03-09 11:30:00,2019,3,9,11,30
178.52232,-18.58663,Black Noddy,Anous minutus,NA,NA,26,NA,PelagicMarch19014,2019-03-09,11:40:00,obsr230624,2019-03-09 11:40:00,2019,3,9,11,40
178.50223,-18.54229,Black Noddy,Anous minutus,NA,NA,1,NA,PelagicMarch19012,2019-03-09,11:20:00,obsr230624,2019-03-09 11:20:00,2019,3,9,11,20
178.55821,-18.64356,Black Noddy,Anous minutus,NA,NA,2,NA,PelagicMarch19017,2019-03-09,12:10:00,obsr230624,2019-03-09 12:10:00,2019,3,9,12,10
178.55772,-18.62098,Black Noddy,Anous minutus,NA,NA,3,NA,PelagicMarch19016,2019-03-09,12:00:00,obsr230624,2019-03-09 12:00:00,2019,3,9,12,0
178.51603,-18.60402,Black Noddy,Anous minutus,NA,NA,12,NA,PelagicMarch19023,2019-03-09,14:00:00,obsr230624,2019-03-09 14:00:00,2019,3,9,14,0
178.49125,-18.52037,Black Noddy,Anous minutus,NA,NA,2,NA,PelagicMarch19011,2019-03-09,11:10:00,obsr230624,2019-03-09 11:10:00,2019,3,9,11,10
178.49789,-18.62719,Black Noddy,Anous minutus,NA,NA,8,NA,PelagicMarch19021,2019-03-09,13:00:00,obsr230624,2019-03-09 13:00:00,2019,3,9,13,0
178.53631,-18.6794,Black Noddy,Anous minutus,NA,NA,27,NA,PelagicMarch19019,2019-03-09,12:30:00,obsr230624,2019-03-09 12:30:00,2019,3,9,12,30
178.51384,-18.61092,Black Noddy,Anous minutus,NA,NA,100,NA,PelagicMarch19022,2019-03-09,13:10:00,obsr230624,2019-03-09 13:10:00,2019,3,9,13,10
178.59515,-18.47167,Black Noddy,Anous minutus,NA,NA,20,NA,PelagicMarch19028,2019-03-09,15:10:00,obsr230624,2019-03-09 15:10:00,2019,3,9,15,10
178.54674,-18.66521,Black Noddy,Anous minutus,NA,NA,47,NA,PelagicMarch19018,2019-03-09,12:20:00,obsr230624,2019-03-09 12:20:00,2019,3,9,12,20
178.51384,-18.61092,Bridled Tern,Onychoprion anaethetus,NA,NA,1,NA,PelagicMarch19022,2019-03-09,13:10:00,obsr230624,2019-03-09 13:10:00,2019,3,9,13,10
178.55101,-18.54169,Bridled Tern,Onychoprion anaethetus,NA,NA,1,NA,PelagicMarch19025,2019-03-09,14:30:00,obsr230624,2019-03-09 14:30:00,2019,3,9,14,30
178.55821,-18.64356,Brown Booby,Sula leucogaster,NA,NA,1,NA,PelagicMarch19017,2019-03-09,12:10:00,obsr230624,2019-03-09 12:10:00,2019,3,9,12,10
178.59515,-18.47167,Brown Noddy,Anous stolidus,NA,NA,10,NA,PelagicMarch19028,2019-03-09,15:10:00,obsr230624,2019-03-09 15:10:00,2019,3,9,15,10
178.55821,-18.64356,Brown Noddy,Anous stolidus,NA,NA,2,NA,PelagicMarch19017,2019-03-09,12:10:00,obsr230624,2019-03-09 12:10:00,2019,3,9,12,10
178.57465,-18.50107,Collared Petrel,Pterodroma brevipes,NA,NA,1,NA,PelagicMarch19026,2019-03-09,14:20:00,obsr230624,2019-03-09 14:20:00,2019,3,9,14,20
178.55821,-18.64356,Red-footed Booby,Sula sula,NA,NA,2,NA,PelagicMarch19017,2019-03-09,12:10:00,obsr230624,2019-03-09 12:10:00,2019,3,9,12,10
178.54674,-18.66521,Red-footed Booby,Sula sula,NA,NA,1,NA,PelagicMarch19018,2019-03-09,12:20:00,obsr230624,2019-03-09 12:20:00,2019,3,9,12,20
178.53631,-18.6794,Red-footed Booby,Sula sula,NA,NA,1,NA,PelagicMarch19019,2019-03-09,12:30:00,obsr230624,2019-03-09 12:30:00,2019,3,9,12,30
178.58581,-18.48196,Red-footed Booby,Sula sula,NA,NA,1,NA,PelagicMarch19027,2019-03-09,15:00:00,obsr230624,2019-03-09 15:00:00,2019,3,9,15,0
178.51125,-18.56518,Red-footed Booby,Sula sula,NA,NA,1,NA,PelagicMarch19013,2019-03-09,11:30:00,obsr230624,2019-03-09 11:30:00,2019,3,9,11,30
178.49125,-18.52037,Red-footed Booby,Sula sula,NA,NA,1,NA,PelagicMarch19011,2019-03-09,11:10:00,obsr230624,2019-03-09 11:10:00,2019,3,9,11,10
178.53729,-18.60617,Red-footed Booby,Sula sula,NA,NA,5,NA,PelagicMarch19015,2019-03-09,11:50:00,obsr230624,2019-03-09 11:50:00,2019,3,9,11,50
178.47254,-18.47527,Red-footed Booby,Sula sula,NA,NA,3,NA,PelagicMarch19010,2019-03-09,10:50:00,obsr230624,2019-03-09 10:50:00,2019,3,9,10,50
178.55101,-18.54169,Red-footed Booby,Sula sula,NA,NA,1,NA,PelagicMarch19025,2019-03-09,14:30:00,obsr230624,2019-03-09 14:30:00,2019,3,9,14,30
178.59515,-18.47167,Red-footed Booby,Sula sula,NA,NA,30,NA,PelagicMarch19028,2019-03-09,15:10:00,obsr230624,2019-03-09 15:10:00,2019,3,9,15,10
178.54164,-18.56253,Sooty Tern,Onychoprion fuscatus,NA,NA,2,NA,PelagicMarch19024,2019-03-09,14:20:00,obsr230624,2019-03-09 14:20:00,2019,3,9,14,20
178.59515,-18.47167,Sooty Tern,Onychoprion fuscatus,NA,NA,2,NA,PelagicMarch19028,2019-03-09,15:10:00,obsr230624,2019-03-09 15:10:00,2019,3,9,15,10
178.59515,-18.47167,Wedge-tailed Shearwater,Ardenna pacifica,NA,NA,5,NA,PelagicMarch19028,2019-03-09,15:10:00,obsr230624,2019-03-09 15:10:00,2019,3,9,15,10
178.49125,-18.52037,Wedge-tailed Shearwater,Ardenna pacifica,NA,NA,1,NA,PelagicMarch19011,2019-03-09,11:10:00,obsr230624,2019-03-09 11:10:00,2019,3,9,11,10
178.52232,-18.58663,Wedge-tailed Shearwater,Ardenna pacifica,NA,NA,1,NA,PelagicMarch19014,2019-03-09,11:40:00,obsr230624,2019-03-09 11:40:00,2019,3,9,11,40
178.47254,-18.47527,Wedge-tailed Shearwater,Ardenna pacifica,NA,NA,1,NA,PelagicMarch19010,2019-03-09,10:50:00,obsr230624,2019-03-09 10:50:00,2019,3,9,10,50
178.0684662,-18.2559258,Great Crested Tern,Thalasseus bergii,NA,NA,2,NA,"Pearl Resort, Pacific Harbour, Viti Levu",2019-04-01,13:00:00,obsr238384,2019-04-01 13:00:00,2019,4,1,13,0
178.4225186,-18.1469686,Great Crested Tern,Thalasseus bergii,NA,NA,1,NA,Grand Pacific Hotel,2019-04-03,06:30:00,obsr928110,2019-04-03 06:30:00,2019,4,3,6,30
178.4406066,-18.1619228,Great Crested Tern,Thalasseus bergii,NA,NA,25,NA,Suva Pt.--East of Fringing Reef,2019-04-19,14:43:00,obsr230624,2019-04-19 14:43:00,2019,4,19,14,43
178.4406066,-18.1619228,Great Crested Tern,Thalasseus bergii,NA,NA,20,NA,Suva Pt.--East of Fringing Reef,2019-04-06,15:26:00,obsr230624,2019-04-06 15:26:00,2019,4,6,15,26
178.5069107,-18.7365127,Great Frigatebird,Fregata minor,NA,NA,2,NA,No Matta,2019-04-09,NA,obsr299960,2019-04-09 NA,2019,4,9,NA,NA
178.4406066,-18.1619228,Black-naped Tern,Sterna sumatrana,NA,NA,2,NA,Suva Pt.--East of Fringing Reef,2019-05-05,14:59:00,obsr230624,2019-05-05 14:59:00,2019,5,5,14,59
178.4406066,-18.1619228,Black-naped Tern,Sterna sumatrana,NA,NA,2,NA,Suva Pt.--East of Fringing Reef,2019-05-12,08:34:00,obsr230624,2019-05-12 08:34:00,2019,5,12,8,34
178.4406066,-18.1619228,Brown Booby,Sula leucogaster,NA,NA,1,NA,Suva Pt.--East of Fringing Reef,2019-05-05,14:59:00,obsr230624,2019-05-05 14:59:00,2019,5,5,14,59
178.7220454,-17.8080852,Brown Noddy,Anous stolidus,NA,NA,20,NA,Leleuvia,2019-05-12,11:00:00,obsr741272,2019-05-12 11:00:00,2019,5,12,11,0
178.4406066,-18.1619228,Great Crested Tern,Thalasseus bergii,NA,NA,18,NA,Suva Pt.--East of Fringing Reef,2019-05-05,14:59:00,obsr230624,2019-05-05 14:59:00,2019,5,5,14,59
178.4406066,-18.1619228,Great Crested Tern,Thalasseus bergii,NA,NA,15,NA,Suva Pt.--East of Fringing Reef,2019-05-12,08:34:00,obsr230624,2019-05-12 08:34:00,2019,5,12,8,34
178.4486103,-18.1526009,Great Crested Tern,Thalasseus bergii,NA,NA,22,NA,Suva Pt.--University,2019-05-12,09:38:00,obsr230624,2019-05-12 09:38:00,2019,5,12,9,38
178.4406066,-18.1619228,Great Crested Tern,Thalasseus bergii,NA,NA,20,NA,Suva Pt.--East of Fringing Reef,2019-05-18,13:30:00,obsr230624,2019-05-18 13:30:00,2019,5,18,13,30
178.4406066,-18.1619228,Lesser Frigatebird,Fregata ariel,NA,NA,1,NA,Suva Pt.--East of Fringing Reef,2019-05-05,14:59:00,obsr230624,2019-05-05 14:59:00,2019,5,5,14,59
178.4406066,-18.1619228,Lesser Frigatebird,Fregata ariel,NA,NA,1,NA,Suva Pt.--East of Fringing Reef,2019-05-12,08:34:00,obsr230624,2019-05-12 08:34:00,2019,5,12,8,34
178.7220454,-17.8080852,Wedge-tailed Shearwater,Ardenna pacifica,NA,NA,10,NA,Leleuvia,2019-05-12,11:00:00,obsr741272,2019-05-12 11:00:00,2019,5,12,11,0
178.4406066,-18.1619228,Great Crested Tern,Thalasseus bergii,NA,NA,35,NA,Suva Pt.--East of Fringing Reef,2019-06-16,14:28:00,obsr230624,2019-06-16 14:28:00,2019,6,16,14,28
178.4406066,-18.1619228,Lesser Frigatebird,Fregata ariel,NA,NA,1,NA,Suva Pt.--East of Fringing Reef,2019-06-16,14:28:00,obsr230624,2019-06-16 14:28:00,2019,6,16,14,28
178.7050202,-17.9747867,Black Noddy,Anous minutus,NA,NA,32,NA,Fiji - Toberua Island Resort,2019-07-10,16:48:00,obsr839431,2019-07-10 16:48:00,2019,7,10,16,48
178.7050202,-17.9747867,Black Noddy,Anous minutus,NA,NA,7,NA,Fiji - Toberua Island Resort,2019-07-08,14:38:00,obsr839431,2019-07-08 14:38:00,2019,7,8,14,38
178.7050202,-17.9747867,Black Noddy,Anous minutus,NA,NA,75,NA,Fiji - Toberua Island Resort,2019-07-15,08:30:00,obsr839431,2019-07-15 08:30:00,2019,7,15,8,30
178.7050202,-17.9747867,Black Noddy,Anous minutus,NA,NA,6,NA,Fiji - Toberua Island Resort,2019-07-09,10:15:00,obsr839431,2019-07-09 10:15:00,2019,7,9,10,15
178.7050202,-17.9747867,Black Noddy,Anous minutus,NA,NA,24,NA,Fiji - Toberua Island Resort,2019-07-16,09:45:00,obsr839431,2019-07-16 09:45:00,2019,7,16,9,45
178.7050202,-17.9747867,Black Noddy,Anous minutus,NA,NA,145,NA,Fiji - Toberua Island Resort,2019-07-13,15:20:00,obsr839431,2019-07-13 15:20:00,2019,7,13,15,20
178.75627,-17.8274899,Black-naped Tern,Sterna sumatrana,NA,NA,5,NA,Fiji - Nasautabu (Picnic Island),2019-07-14,12:05:00,obsr839431,2019-07-14 12:05:00,2019,7,14,12,5
178.7050202,-17.9747867,Brown Booby,Sula leucogaster,NA,NA,1,NA,Fiji - Toberua Island Resort,2019-07-10,09:25:00,obsr839431,2019-07-10 09:25:00,2019,7,10,9,25
178.75627,-17.8274899,Brown Booby,Sula leucogaster,NA,NA,1,NA,Fiji - Nasautabu (Picnic Island),2019-07-14,12:05:00,obsr839431,2019-07-14 12:05:00,2019,7,14,12,5
178.7050202,-17.9747867,Brown Booby,Sula leucogaster,NA,NA,1,NA,Fiji - Toberua Island Resort,2019-07-14,08:20:00,obsr839431,2019-07-14 08:20:00,2019,7,14,8,20
178.7050202,-17.9747867,Great Crested Tern,Thalasseus bergii,NA,NA,4,NA,Fiji - Toberua Island Resort,2019-07-13,16:37:00,obsr839431,2019-07-13 16:37:00,2019,7,13,16,37
178.7050202,-17.9747867,Great Crested Tern,Thalasseus bergii,NA,NA,5,NA,Fiji - Toberua Island Resort,2019-07-15,08:30:00,obsr839431,2019-07-15 08:30:00,2019,7,15,8,30
178.7050202,-17.9747867,Great Crested Tern,Thalasseus bergii,NA,NA,42,NA,Fiji - Toberua Island Resort,2019-07-09,10:15:00,obsr839431,2019-07-09 10:15:00,2019,7,9,10,15
178.7050202,-17.9747867,Great Crested Tern,Thalasseus bergii,NA,NA,5,NA,Fiji - Toberua Island Resort,2019-07-14,08:20:00,obsr839431,2019-07-14 08:20:00,2019,7,14,8,20
178.7050202,-17.9747867,Great Crested Tern,Thalasseus bergii,NA,NA,15,NA,Fiji - Toberua Island Resort,2019-07-10,08:28:00,obsr839431,2019-07-10 08:28:00,2019,7,10,8,28
178.7050202,-17.9747867,Great Crested Tern,Thalasseus bergii,NA,NA,4,NA,Fiji - Toberua Island Resort,2019-07-11,09:07:00,obsr839431,2019-07-11 09:07:00,2019,7,11,9,7
178.7050202,-17.9747867,Great Crested Tern,Thalasseus bergii,NA,NA,1,NA,Fiji - Toberua Island Resort,2019-07-16,09:45:00,obsr839431,2019-07-16 09:45:00,2019,7,16,9,45
178.7050202,-17.9747867,Great Crested Tern,Thalasseus bergii,NA,NA,12,NA,Fiji - Toberua Island Resort,2019-07-08,14:38:00,obsr839431,2019-07-08 14:38:00,2019,7,8,14,38
178.7563252,-17.9730465,Lesser Frigatebird,Fregata ariel,NA,NA,2,NA,Fiji- Mabualau (Bird Island),2019-07-11,14:10:00,obsr839431,2019-07-11 14:10:00,2019,7,11,14,10
178.7050202,-17.9747867,Lesser Frigatebird,Fregata ariel,NA,NA,1,NA,Fiji - Toberua Island Resort,2019-07-13,16:37:00,obsr839431,2019-07-13 16:37:00,2019,7,13,16,37
178.7563252,-17.9730465,Red-footed Booby,Sula sula,NA,NA,500,NA,Fiji- Mabualau (Bird Island),2019-07-11,14:10:00,obsr839431,2019-07-11 14:10:00,2019,7,11,14,10
178.7220454,-17.8080852,Black Noddy,Anous minutus,NA,NA,1,NA,Leleuvia,2019-08-05,NA,obsr857590,2019-08-05 NA,2019,8,5,NA,NA
178.5178566,-17.5255305,Black Noddy,Anous minutus,NA,NA,6,NA,Moon Reef,2019-08-15,10:40:00,obsr251662,2019-08-15 10:40:00,2019,8,15,10,40
178.7220454,-17.8080852,Black-naped Tern,Sterna sumatrana,NA,NA,1,NA,Leleuvia,2019-08-05,NA,obsr857590,2019-08-05 NA,2019,8,5,NA,NA
178.4245777,-18.1590806,Brown Booby,Sula leucogaster,NA,NA,2,NA,Suva Pt.--Fringing Reef to Bowls Club,2019-08-27,07:00:00,obsr804087,2019-08-27 07:00:00,2019,8,27,7,0
178.4406066,-18.1619228,Great Crested Tern,Thalasseus bergii,NA,NA,8,NA,Suva Pt.--East of Fringing Reef,2019-08-28,06:20:00,obsr804087,2019-08-28 06:20:00,2019,8,28,6,20
178.4226787,-18.1398365,Great Crested Tern,Thalasseus bergii,NA,NA,2,NA,Ratu Sakuna Park,2019-08-26,15:30:00,obsr109672,2019-08-26 15:30:00,2019,8,26,15,30
178.4245777,-18.1590806,Great Crested Tern,Thalasseus bergii,NA,NA,10,NA,Suva Pt.--Fringing Reef to Bowls Club,2019-08-27,07:00:00,obsr804087,2019-08-27 07:00:00,2019,8,27,7,0
178.4406066,-18.1619228,Great Crested Tern,Thalasseus bergii,NA,NA,3,NA,Suva Pt.--East of Fringing Reef,2019-08-30,06:55:00,obsr804087,2019-08-30 06:55:00,2019,8,30,6,55
178.4462744,-18.1297102,Great Crested Tern,Thalasseus bergii,NA,NA,3,NA,"Suva, Viti Levu (General)",2019-08-24,16:32:00,obsr935185,2019-08-24 16:32:00,2019,8,24,16,32
178.4406066,-18.1619228,Great Crested Tern,Thalasseus bergii,NA,NA,18,NA,Suva Pt.--East of Fringing Reef,2019-08-03,16:31:00,obsr230624,2019-08-03 16:31:00,2019,8,3,16,31
178.4226787,-18.1398365,Great Crested Tern,Thalasseus bergii,NA,NA,1,NA,Ratu Sakuna Park,2019-08-29,06:30:00,obsr804087,2019-08-29 06:30:00,2019,8,29,6,30
178.5178566,-17.5255305,Great Crested Tern,Thalasseus bergii,NA,NA,2,NA,Moon Reef,2019-08-15,10:40:00,obsr251662,2019-08-15 10:40:00,2019,8,15,10,40
178.4226787,-18.1398365,Lesser Frigatebird,Fregata ariel,NA,NA,1,NA,Ratu Sakuna Park,2019-08-26,15:30:00,obsr224612,2019-08-26 15:30:00,2019,8,26,15,30
178.4462744,-18.1297102,Lesser Frigatebird,Fregata ariel,NA,NA,1,NA,"Suva, Viti Levu (General)",2019-08-24,16:32:00,obsr935185,2019-08-24 16:32:00,2019,8,24,16,32
178.4406066,-18.1619228,Lesser Frigatebird,Fregata ariel,NA,NA,1,NA,Suva Pt.--East of Fringing Reef,2019-08-30,06:55:00,obsr804087,2019-08-30 06:55:00,2019,8,30,6,55
178.1750822,-17.3127441,Great Crested Tern,Thalasseus bergii,NA,NA,1,NA,Volivoli Resort,2019-08-18,09:00:00,obsr1061929,2019-08-18 09:00:00,2019,8,18,9,0
178.1750822,-17.3127441,Lesser Frigatebird,Fregata ariel,NA,NA,2,NA,Volivoli Resort,2019-08-18,09:00:00,obsr1061929,2019-08-18 09:00:00,2019,8,18,9,0
178.1750822,-17.3127441,Lesser Frigatebird,Fregata ariel,NA,NA,1,NA,Volivoli Resort,2019-08-14,10:00:00,obsr1061929,2019-08-14 10:00:00,2019,8,14,10,0
178.4406066,-18.1619228,Brown Booby,Sula leucogaster,NA,NA,1,NA,Suva Pt.--East of Fringing Reef,2019-09-14,15:02:00,obsr230624,2019-09-14 15:02:00,2019,9,14,15,2
178.0943871,-18.2498939,Great Crested Tern,Thalasseus bergii,NA,NA,1,NA,Uprising Resort,2019-09-19,08:00:00,obsr760241,2019-09-19 08:00:00,2019,9,19,8,0
178.0943871,-18.2498939,Great Crested Tern,Thalasseus bergii,NA,NA,4,NA,Uprising Resort,2019-09-18,08:00:00,obsr760241,2019-09-18 08:00:00,2019,9,18,8,0
178.4406066,-18.1619228,Great Crested Tern,Thalasseus bergii,NA,NA,14,NA,Suva Pt.--East of Fringing Reef,2019-09-14,15:02:00,obsr230624,2019-09-14 15:02:00,2019,9,14,15,2
178.4406066,-18.1619228,Great Crested Tern,Thalasseus bergii,NA,NA,27,NA,Suva Pt.--East of Fringing Reef,2019-09-24,10:26:00,obsr230624,2019-09-24 10:26:00,2019,9,24,10,26
178.4245252,-18.1488986,Great Crested Tern,Thalasseus bergii,NA,NA,1,NA,Thurston Gardens,2019-09-13,11:30:00,obsr760241,2019-09-13 11:30:00,2019,9,13,11,30
178.4406066,-18.1619228,Lesser Frigatebird,Fregata ariel,NA,NA,1,NA,Suva Pt.--East of Fringing Reef,2019-09-24,10:26:00,obsr230624,2019-09-24 10:26:00,2019,9,24,10,26
178.2400868,-18.9666664,Black-naped Tern,Sterna sumatrana,NA,NA,1,NA,Kadavu Island - Papageno Resort,2019-09-03,10:10:00,obsr529304,2019-09-03 10:10:00,2019,9,3,10,10
178.2400868,-18.9666664,Great Crested Tern,Thalasseus bergii,NA,NA,16,NA,Kadavu Island - Papageno Resort,2019-09-03,10:10:00,obsr529304,2019-09-03 10:10:00,2019,9,3,10,10
178.2400868,-18.9666664,Great Crested Tern,Thalasseus bergii,NA,NA,2,NA,Kadavu Island - Papageno Resort,2019-09-06,08:00:00,obsr267689,2019-09-06 08:00:00,2019,9,6,8,0
178.2400868,-18.9666664,Great Crested Tern,Thalasseus bergii,NA,NA,1,NA,Kadavu Island - Papageno Resort,2019-09-02,14:20:00,obsr529304,2019-09-02 14:20:00,2019,9,2,14,20
178.2400868,-18.9666664,Lesser Frigatebird,Fregata ariel,NA,NA,1,NA,Kadavu Island - Papageno Resort,2019-09-03,10:10:00,obsr529304,2019-09-03 10:10:00,2019,9,3,10,10
178.4406066,-18.1619228,Great Crested Tern,Thalasseus bergii,NA,NA,11,NA,Suva Pt.--East of Fringing Reef,2019-10-06,09:16:00,obsr230624,2019-10-06 09:16:00,2019,10,6,9,16
178.4462744,-18.1297102,Great Crested Tern,Thalasseus bergii,NA,NA,10,NA,"Suva, Viti Levu (General)",2019-10-31,12:00:00,obsr121255,2019-10-31 12:00:00,2019,10,31,12,0
178.4462744,-18.1297102,Sooty Shearwater,Ardenna grisea,NA,NA,1,NA,"Suva, Viti Levu (General)",2019-10-31,12:00:00,obsr121255,2019-10-31 12:00:00,2019,10,31,12,0
178.4406066,-18.1619228,Black-naped Tern,Sterna sumatrana,NA,NA,1,NA,Suva Pt.--East of Fringing Reef,2019-11-03,07:28:00,obsr230624,2019-11-03 07:28:00,2019,11,3,7,28
178.4353065,-18.1638557,Brown Noddy,Anous stolidus,NA,NA,2,NA,Suva Pt.,2019-11-20,10:15:00,obsr412451,2019-11-20 10:15:00,2019,11,20,10,15
178.4406066,-18.1619228,Great Crested Tern,Thalasseus bergii,NA,NA,17,NA,Suva Pt.--East of Fringing Reef,2019-11-24,13:37:00,obsr230624,2019-11-24 13:37:00,2019,11,24,13,37
178.4406066,-18.1619228,Great Crested Tern,Thalasseus bergii,NA,NA,35,NA,Suva Pt.--East of Fringing Reef,2019-11-03,07:28:00,obsr230624,2019-11-03 07:28:00,2019,11,3,7,28
178.4245777,-18.1590806,Great Crested Tern,Thalasseus bergii,NA,NA,3,NA,Suva Pt.--Fringing Reef to Bowls Club,2019-11-15,15:00:00,obsr626098,2019-11-15 15:00:00,2019,11,15,15,0
178.4245252,-18.1488986,Great Crested Tern,Thalasseus bergii,NA,NA,2,NA,Thurston Gardens,2019-11-22,10:57:00,obsr1020468,2019-11-22 10:57:00,2019,11,22,10,57
178.4353065,-18.1638557,Great Crested Tern,Thalasseus bergii,NA,NA,1,NA,Suva Pt.,2019-11-15,13:00:00,obsr626098,2019-11-15 13:00:00,2019,11,15,13,0
178.4353065,-18.1638557,Great Crested Tern,Thalasseus bergii,NA,NA,1,NA,Suva Pt.,2019-11-20,10:15:00,obsr412451,2019-11-20 10:15:00,2019,11,20,10,15
178.4353065,-18.1638557,Great Frigatebird,Fregata minor,NA,NA,1,NA,Suva Pt.,2019-11-20,10:15:00,obsr412451,2019-11-20 10:15:00,2019,11,20,10,15
178.5203004,-18.7624694,Brown Noddy,Anous stolidus,NA,NA,3,NA,Dravuni Island,2019-11-21,09:45:00,obsr412451,2019-11-21 09:45:00,2019,11,21,9,45
178.5203004,-18.7624694,Brown Noddy,Anous stolidus,NA,NA,2,NA,Dravuni Island,2019-11-22,10:30:00,obsr412451,2019-11-22 10:30:00,2019,11,22,10,30
178.5203004,-18.7624694,Great Crested Tern,Thalasseus bergii,NA,NA,2,NA,Dravuni Island,2019-11-22,10:30:00,obsr412451,2019-11-22 10:30:00,2019,11,22,10,30
178.5203004,-18.7624694,Great Frigatebird,Fregata minor,NA,NA,2,NA,Dravuni Island,2019-11-21,09:45:00,obsr412451,2019-11-21 09:45:00,2019,11,21,9,45
178.5203004,-18.7624694,Great Frigatebird,Fregata minor,NA,NA,2,NA,Dravuni Island,2019-11-22,10:30:00,obsr412451,2019-11-22 10:30:00,2019,11,22,10,30
179.239902,-17.190144,Red-footed Booby,Sula sula,NA,NA,25,NA,"Océan Pacifique sud (-17,1901,179,2399)",2019-11-16,19:10:00,obsr626098,2019-11-16 19:10:00,2019,11,16,19,10
178.4684372,-17.3195042,Black Noddy,Anous minutus,NA,NA,6000,NA,Vatu-i-Ra,2019-11-11,13:00:00,obsr230624,2019-11-11 13:00:00,2019,11,11,13,0
178.4684372,-17.3195042,Black-naped Tern,Sterna sumatrana,NA,NA,10,NA,Vatu-i-Ra,2019-11-11,13:00:00,obsr230624,2019-11-11 13:00:00,2019,11,11,13,0
178.4684372,-17.3195042,Bridled Tern,Onychoprion anaethetus,NA,NA,20,NY,Vatu-i-Ra,2019-11-11,13:00:00,obsr230624,2019-11-11 13:00:00,2019,11,11,13,0
178.4684372,-17.3195042,Brown Booby,Sula leucogaster,NA,NA,10,NA,Vatu-i-Ra,2019-11-11,13:00:00,obsr230624,2019-11-11 13:00:00,2019,11,11,13,0
178.4684372,-17.3195042,Brown Noddy,Anous stolidus,NA,NA,150,NY,Vatu-i-Ra,2019-11-11,13:00:00,obsr230624,2019-11-11 13:00:00,2019,11,11,13,0
178.258151,-17.387253,Great Crested Tern,Thalasseus bergii,NA,NA,1,NA,"Viti Levu (-17.3873,178.2582)",2019-11-22,11:52:00,obsr670171,2019-11-22 11:52:00,2019,11,22,11,52
178.4684372,-17.3195042,Great Frigatebird,Fregata minor,NA,NA,1,NA,Vatu-i-Ra,2019-11-11,13:00:00,obsr230624,2019-11-11 13:00:00,2019,11,11,13,0
178.4684372,-17.3195042,Lesser Frigatebird,Fregata ariel,NA,NA,120,NA,Vatu-i-Ra,2019-11-11,13:00:00,obsr230624,2019-11-11 13:00:00,2019,11,11,13,0
178.4684372,-17.3195042,Red-footed Booby,Sula sula,NA,NA,600,NY,Vatu-i-Ra,2019-11-11,13:00:00,obsr230624,2019-11-11 13:00:00,2019,11,11,13,0
178.4406066,-18.1619228,Black-naped Tern,Sterna sumatrana,NA,NA,2,NA,Suva Pt.--East of Fringing Reef,2019-12-21,11:15:00,obsr230624,2019-12-21 11:15:00,2019,12,21,11,15
178.4406066,-18.1619228,Black-naped Tern,Sterna sumatrana,NA,NA,2,NA,Suva Pt.--East of Fringing Reef,2019-12-25,15:00:00,obsr230624,2019-12-25 15:00:00,2019,12,25,15,0
178.4406066,-18.1619228,Brown Noddy,Anous stolidus,NA,NA,2,NA,Suva Pt.--East of Fringing Reef,2019-12-25,15:00:00,obsr230624,2019-12-25 15:00:00,2019,12,25,15,0
178.4406066,-18.1619228,Great Crested Tern,Thalasseus bergii,NA,NA,32,NA,Suva Pt.--East of Fringing Reef,2019-12-25,15:00:00,obsr230624,2019-12-25 15:00:00,2019,12,25,15,0
178.4406066,-18.1619228,Great Crested Tern,Thalasseus bergii,NA,NA,31,NA,Suva Pt.--East of Fringing Reef,2019-12-07,12:13:00,obsr230624,2019-12-07 12:13:00,2019,12,7,12,13
178.4406066,-18.1619228,Great Crested Tern,Thalasseus bergii,NA,NA,20,NA,Suva Pt.--East of Fringing Reef,2019-12-21,11:15:00,obsr230624,2019-12-21 11:15:00,2019,12,21,11,15
178.4406066,-18.1619228,Black-naped Tern,Sterna sumatrana,NA,NA,3,NA,Suva Pt.--East of Fringing Reef,2020-01-10,14:57:00,obsr230624,2020-01-10 14:57:00,2020,1,10,14,57
178.7305916,-17.7878818,Black-naped Tern,Sterna sumatrana,NA,NA,3,NA,Caqalai island,2020-01-21,07:17:00,obsr1126950,2020-01-21 07:17:00,2020,1,21,7,17
178.7306634,-17.7873557,Black-naped Tern,Sterna sumatrana,NA,NA,9,NA,Caqalai Island,2020-01-14,07:25:00,obsr1126950,2020-01-14 07:25:00,2020,1,14,7,25
178.7306634,-17.7873557,Black-naped Tern,Sterna sumatrana,NA,NA,6,NA,Caqalai Island,2020-01-21,07:10:00,obsr1126950,2020-01-21 07:10:00,2020,1,21,7,10
178.7306634,-17.7873557,Black-naped Tern,Sterna sumatrana,NA,NA,8,NA,Caqalai Island,2020-01-11,07:00:00,obsr1126950,2020-01-11 07:00:00,2020,1,11,7,0
178.7305916,-17.7878818,Black-naped Tern,Sterna sumatrana,NA,NA,4,NA,Caqalai island,2020-01-14,07:04:00,obsr1126950,2020-01-14 07:04:00,2020,1,14,7,4
178.7305916,-17.7878818,Brown Noddy,Anous stolidus,NA,NA,2,NA,Caqalai island,2020-01-11,07:00:00,obsr1126950,2020-01-11 07:00:00,2020,1,11,7,0
178.7306634,-17.7873557,Brown Noddy,Anous stolidus,NA,NA,2,NA,Caqalai Island,2020-01-14,07:25:00,obsr1126950,2020-01-14 07:25:00,2020,1,14,7,25
178.7306634,-17.7873557,Brown Noddy,Anous stolidus,NA,NA,2,NA,Caqalai Island,2020-01-11,07:00:00,obsr1126950,2020-01-11 07:00:00,2020,1,11,7,0
178.4406066,-18.1619228,Great Crested Tern,Thalasseus bergii,NA,NA,15,NA,Suva Pt.--East of Fringing Reef,2020-01-19,10:00:00,obsr230624,2020-01-19 10:00:00,2020,1,19,10,0
178.7220454,-17.8080852,Great Crested Tern,Thalasseus bergii,NA,NA,1,NA,Leleuvia,2020-01-24,14:25:00,obsr1126950,2020-01-24 14:25:00,2020,1,24,14,25
178.7305916,-17.7878818,Great Crested Tern,Thalasseus bergii,NA,NA,7,NA,Caqalai island,2020-01-21,07:17:00,obsr1126950,2020-01-21 07:17:00,2020,1,21,7,17
178.7306634,-17.7873557,Great Crested Tern,Thalasseus bergii,NA,NA,4,NA,Caqalai Island,2020-01-11,07:00:00,obsr1126950,2020-01-11 07:00:00,2020,1,11,7,0
178.7306634,-17.7873557,Great Crested Tern,Thalasseus bergii,NA,NA,5,NA,Caqalai Island,2020-01-14,07:25:00,obsr1126950,2020-01-14 07:25:00,2020,1,14,7,25
178.7306634,-17.7873557,Great Crested Tern,Thalasseus bergii,NA,NA,4,NA,Caqalai Island,2020-01-21,07:10:00,obsr1126950,2020-01-21 07:10:00,2020,1,21,7,10
178.422507,-18.1471772,Great Crested Tern,Thalasseus bergii,NA,NA,1,NA,Grand Pacific Hotel,2020-01-28,16:00:00,obsr630157,2020-01-28 16:00:00,2020,1,28,16,0
178.7220454,-17.8080852,Great Crested Tern,Thalasseus bergii,NA,NA,1,NA,Leleuvia,2020-01-15,14:12:00,obsr1126950,2020-01-15 14:12:00,2020,1,15,14,12
178.7305916,-17.7878818,Great Crested Tern,Thalasseus bergii,NA,NA,4,NA,Caqalai island,2020-01-06,17:20:00,obsr1126950,2020-01-06 17:20:00,2020,1,6,17,20
178.7305916,-17.7878818,Great Crested Tern,Thalasseus bergii,NA,NA,2,NA,Caqalai island,2020-01-11,07:00:00,obsr1126950,2020-01-11 07:00:00,2020,1,11,7,0
178.4406066,-18.1619228,Great Crested Tern,Thalasseus bergii,NA,NA,17,NA,Suva Pt.--East of Fringing Reef,2020-01-10,14:57:00,obsr230624,2020-01-10 14:57:00,2020,1,10,14,57
178.7305916,-17.7878818,Great Crested Tern,Thalasseus bergii,NA,NA,3,NA,Caqalai island,2020-01-14,07:04:00,obsr1126950,2020-01-14 07:04:00,2020,1,14,7,4
178.7305916,-17.7878818,Great Frigatebird,Fregata minor,NA,NA,1,NA,Caqalai island,2020-01-21,07:17:00,obsr1126950,2020-01-21 07:17:00,2020,1,21,7,17
178.7306634,-17.7873557,Great Frigatebird,Fregata minor,NA,NA,1,NA,Caqalai Island,2020-01-21,07:10:00,obsr1126950,2020-01-21 07:10:00,2020,1,21,7,10
178.7306634,-17.7873557,Lesser Frigatebird,Fregata ariel,NA,NA,7,NA,Caqalai Island,2020-01-14,07:25:00,obsr1126950,2020-01-14 07:25:00,2020,1,14,7,25
178.7305916,-17.7878818,Lesser Frigatebird,Fregata ariel,NA,NA,7,NA,Caqalai island,2020-01-14,07:04:00,obsr1126950,2020-01-14 07:04:00,2020,1,14,7,4
178.7305916,-17.7878818,Lesser Frigatebird,Fregata ariel,NA,NA,6,NA,Caqalai island,2020-01-12,08:25:00,obsr1126950,2020-01-12 08:25:00,2020,1,12,8,25
178.4174538,-18.13117,Lesser Frigatebird,Fregata ariel,NA,NA,1,NA,Suva Harbor,2020-01-09,17:18:00,obsr659634,2020-01-09 17:18:00,2020,1,9,17,18
178.4406066,-18.1619228,Lesser Frigatebird,Fregata ariel,NA,NA,1,NA,Suva Pt.--East of Fringing Reef,2020-01-19,10:00:00,obsr230624,2020-01-19 10:00:00,2020,1,19,10,0
178.7306634,-17.7873557,Lesser Frigatebird,Fregata ariel,NA,NA,6,NA,Caqalai Island,2020-01-11,07:00:00,obsr1126950,2020-01-11 07:00:00,2020,1,11,7,0
178.4406066,-18.1619228,Black Noddy,Anous minutus,NA,NA,1,NA,Suva Pt.--East of Fringing Reef,2020-02-08,14:05:00,obsr230624,2020-02-08 14:05:00,2020,2,8,14,5
178.4406066,-18.1619228,Black Noddy,Anous minutus,NA,NA,1,NA,Suva Pt.--East of Fringing Reef,2020-02-02,08:55:00,obsr230624,2020-02-02 08:55:00,2020,2,2,8,55
178.7306634,-17.7873557,Black Noddy,Anous minutus,NA,NA,4,NA,Caqalai Island,2020-02-29,11:40:00,obsr1126950,2020-02-29 11:40:00,2020,2,29,11,40
178.4462744,-18.1297102,Black-naped Tern,Sterna sumatrana,NA,NA,1,NA,"Suva, Viti Levu (General)",2020-02-13,07:05:00,obsr485951,2020-02-13 07:05:00,2020,2,13,7,5
178.4406066,-18.1619228,Black-naped Tern,Sterna sumatrana,NA,NA,2,NA,Suva Pt.--East of Fringing Reef,2020-02-01,15:00:00,obsr230624,2020-02-01 15:00:00,2020,2,1,15,0
178.4406066,-18.1619228,Brown Noddy,Anous stolidus,NA,NA,1,NA,Suva Pt.--East of Fringing Reef,2020-02-16,08:30:00,obsr230624,2020-02-16 08:30:00,2020,2,16,8,30
178.7306634,-17.7873557,Brown Noddy,Anous stolidus,NA,NA,5,NA,Caqalai Island,2020-02-29,11:40:00,obsr1126950,2020-02-29 11:40:00,2020,2,29,11,40
178.4462744,-18.1297102,Brown Noddy,Anous stolidus,NA,NA,2,NA,"Suva, Viti Levu (General)",2020-02-13,07:05:00,obsr485951,2020-02-13 07:05:00,2020,2,13,7,5
178.7220454,-17.8080852,Great Crested Tern,Thalasseus bergii,NA,NA,2,NA,Leleuvia,2020-02-08,08:30:00,obsr1126950,2020-02-08 08:30:00,2020,2,8,8,30
178.4462744,-18.1297102,Great Crested Tern,Thalasseus bergii,NA,NA,3,NA,"Suva, Viti Levu (General)",2020-02-13,07:05:00,obsr485951,2020-02-13 07:05:00,2020,2,13,7,5
178.4486103,-18.1526009,Great Crested Tern,Thalasseus bergii,NA,NA,4,NA,Suva Pt.--University,2020-02-02,09:50:00,obsr230624,2020-02-02 09:50:00,2020,2,2,9,50
178.4406066,-18.1619228,Great Crested Tern,Thalasseus bergii,NA,NA,15,NA,Suva Pt.--East of Fringing Reef,2020-02-01,15:00:00,obsr230624,2020-02-01 15:00:00,2020,2,1,15,0
178.7306634,-17.7873557,Great Crested Tern,Thalasseus bergii,NA,NA,12,NA,Caqalai Island,2020-02-29,11:40:00,obsr1126950,2020-02-29 11:40:00,2020,2,29,11,40
178.4406066,-18.1619228,Great Crested Tern,Thalasseus bergii,NA,NA,13,NA,Suva Pt.--East of Fringing Reef,2020-02-16,08:30:00,obsr230624,2020-02-16 08:30:00,2020,2,16,8,30
178.4406066,-18.1619228,Great Crested Tern,Thalasseus bergii,NA,NA,8,NA,Suva Pt.--East of Fringing Reef,2020-02-02,08:55:00,obsr230624,2020-02-02 08:55:00,2020,2,2,8,55
178.4406066,-18.1619228,Great Crested Tern,Thalasseus bergii,NA,NA,5,NA,Suva Pt.--East of Fringing Reef,2020-02-08,14:05:00,obsr230624,2020-02-08 14:05:00,2020,2,8,14,5
178.7220454,-17.8080852,Great Frigatebird,Fregata minor,NA,NA,1,NA,Leleuvia,2020-02-08,08:30:00,obsr1126950,2020-02-08 08:30:00,2020,2,8,8,30
178.4406066,-18.1619228,Lesser Frigatebird,Fregata ariel,NA,NA,1,NA,Suva Pt.--East of Fringing Reef,2020-02-16,08:30:00,obsr230624,2020-02-16 08:30:00,2020,2,16,8,30
178.4406066,-18.1619228,Lesser Frigatebird,Fregata ariel,NA,NA,1,NA,Suva Pt.--East of Fringing Reef,2020-02-01,15:00:00,obsr230624,2020-02-01 15:00:00,2020,2,1,15,0
178.7306634,-17.7873557,Lesser Frigatebird,Fregata ariel,NA,NA,2,NA,Caqalai Island,2020-02-14,09:30:00,obsr1126950,2020-02-14 09:30:00,2020,2,14,9,30
178.7504156,-17.7671197,Lesser Frigatebird,Fregata ariel,NA,NA,1,NA,Moturiki,2020-02-15,08:42:00,obsr1126950,2020-02-15 08:42:00,2020,2,15,8,42
178.7306634,-17.7873557,Black-naped Tern,Sterna sumatrana,NA,NA,4,NA,Caqalai Island,2020-03-09,18:16:00,obsr1126950,2020-03-09 18:16:00,2020,3,9,18,16
178.4406066,-18.1619228,Black-naped Tern,Sterna sumatrana,NA,NA,1,NA,Suva Pt.--East of Fringing Reef,2020-03-21,12:56:00,obsr230624,2020-03-21 12:56:00,2020,3,21,12,56
178.7305916,-17.7878818,Black-naped Tern,Sterna sumatrana,NA,NA,3,NA,Caqalai island,2020-03-06,07:00:00,obsr1126950,2020-03-06 07:00:00,2020,3,6,7,0
178.4406066,-18.1619228,Brown Noddy,Anous stolidus,NA,NA,1,NA,Suva Pt.--East of Fringing Reef,2020-03-21,12:56:00,obsr230624,2020-03-21 12:56:00,2020,3,21,12,56
178.7305916,-17.7878818,Brown Noddy,Anous stolidus,NA,NA,3,NA,Caqalai island,2020-03-06,07:00:00,obsr1126950,2020-03-06 07:00:00,2020,3,6,7,0
178.4406066,-18.1619228,Brown Noddy,Anous stolidus,NA,NA,1,NA,Suva Pt.--East of Fringing Reef,2020-03-15,07:04:00,obsr230624,2020-03-15 07:04:00,2020,3,15,7,4
178.4406066,-18.1619228,Brown Noddy,Anous stolidus,NA,NA,1,NA,Suva Pt.--East of Fringing Reef,2020-03-14,13:30:00,obsr230624,2020-03-14 13:30:00,2020,3,14,13,30
178.4406066,-18.1619228,Great Crested Tern,Thalasseus bergii,NA,NA,5,NA,Suva Pt.--East of Fringing Reef,2020-03-27,16:57:00,obsr230624,2020-03-27 16:57:00,2020,3,27,16,57
178.4406066,-18.1619228,Great Crested Tern,Thalasseus bergii,NA,NA,15,NA,Suva Pt.--East of Fringing Reef,2020-03-15,07:04:00,obsr230624,2020-03-15 07:04:00,2020,3,15,7,4
178.7306634,-17.7873557,Great Crested Tern,Thalasseus bergii,NA,NA,2,NA,Caqalai Island,2020-03-09,18:16:00,obsr1126950,2020-03-09 18:16:00,2020,3,9,18,16
178.4406066,-18.1619228,Great Crested Tern,Thalasseus bergii,NA,NA,7,NA,Suva Pt.--East of Fringing Reef,2020-03-21,12:56:00,obsr230624,2020-03-21 12:56:00,2020,3,21,12,56
178.4886713,-17.583128,Great Crested Tern,Thalasseus bergii,NA,NA,2,NA,Silana,2020-03-30,15:20:00,obsr1126950,2020-03-30 15:20:00,2020,3,30,15,20
178.7305916,-17.7878818,Great Crested Tern,Thalasseus bergii,NA,NA,2,NA,Caqalai island,2020-03-06,07:00:00,obsr1126950,2020-03-06 07:00:00,2020,3,6,7,0
178.4886713,-17.583128,Lesser Frigatebird,Fregata ariel,NA,NA,2,NA,Silana,2020-03-30,15:20:00,obsr1126950,2020-03-30 15:20:00,2020,3,30,15,20
178.4886713,-17.583128,Lesser Frigatebird,Fregata ariel,NA,NA,1,NA,Silana,2020-03-28,16:00:00,obsr1126950,2020-03-28 16:00:00,2020,3,28,16,0
178.7305916,-17.7878818,Lesser Frigatebird,Fregata ariel,NA,NA,3,NA,Caqalai island,2020-03-06,07:00:00,obsr1126950,2020-03-06 07:00:00,2020,3,6,7,0
178.7306634,-17.7873557,Lesser Frigatebird,Fregata ariel,NA,NA,1,NA,Caqalai Island,2020-03-09,18:16:00,obsr1126950,2020-03-09 18:16:00,2020,3,9,18,16
178.2841564,-18.6975309,Black Noddy,Anous minutus,NA,NA,7,NA,"FJ (-18.698, 178.284)",2020-03-14,16:00:00,obsr1126950,2020-03-14 16:00:00,2020,3,14,16,0
178.5104942,-18.8863507,Black-naped Tern,Sterna sumatrana,NA,NA,4,NA,Ono Island--Oneta Resort,2020-03-15,06:30:00,obsr1126950,2020-03-15 06:30:00,2020,3,15,6,30
178.5104942,-18.8863507,Brown Booby,Sula leucogaster,NA,NA,6,NA,Ono Island--Oneta Resort,2020-03-15,17:00:00,obsr1126950,2020-03-15 17:00:00,2020,3,15,17,0
178.5104942,-18.8863507,Brown Booby,Sula leucogaster,NA,NA,6,NA,Ono Island--Oneta Resort,2020-03-16,16:40:00,obsr1126950,2020-03-16 16:40:00,2020,3,16,16,40
178.2841564,-18.6975309,Brown Booby,Sula leucogaster,NA,NA,8,NA,"FJ (-18.698, 178.284)",2020-03-14,16:00:00,obsr1126950,2020-03-14 16:00:00,2020,3,14,16,0
178.2841564,-18.6975309,Brown Noddy,Anous stolidus,NA,NA,2,NA,"FJ (-18.698, 178.284)",2020-03-14,16:00:00,obsr1126950,2020-03-14 16:00:00,2020,3,14,16,0
178.5104942,-18.8863507,Great Crested Tern,Thalasseus bergii,NA,NA,4,NA,Ono Island--Oneta Resort,2020-03-13,17:00:00,obsr1126950,2020-03-13 17:00:00,2020,3,13,17,0
178.5104942,-18.8863507,Great Crested Tern,Thalasseus bergii,NA,NA,4,NA,Ono Island--Oneta Resort,2020-03-15,17:00:00,obsr1126950,2020-03-15 17:00:00,2020,3,15,17,0
178.5104942,-18.8863507,Great Crested Tern,Thalasseus bergii,NA,NA,4,NA,Ono Island--Oneta Resort,2020-03-16,16:40:00,obsr1126950,2020-03-16 16:40:00,2020,3,16,16,40
178.2841564,-18.6975309,Great Frigatebird,Fregata minor,NA,NA,1,NA,"FJ (-18.698, 178.284)",2020-03-14,16:00:00,obsr1126950,2020-03-14 16:00:00,2020,3,14,16,0
178.5104942,-18.8863507,Lesser Frigatebird,Fregata ariel,NA,NA,8,NA,Ono Island--Oneta Resort,2020-03-13,17:00:00,obsr1126950,2020-03-13 17:00:00,2020,3,13,17,0
178.5104942,-18.8863507,Lesser Frigatebird,Fregata ariel,NA,NA,20,NA,Ono Island--Oneta Resort,2020-03-15,17:00:00,obsr1126950,2020-03-15 17:00:00,2020,3,15,17,0
178.2841564,-18.6975309,Lesser Frigatebird,Fregata ariel,NA,NA,6,NA,"FJ (-18.698, 178.284)",2020-03-14,16:00:00,obsr1126950,2020-03-14 16:00:00,2020,3,14,16,0
178.5104942,-18.8863507,Red-footed Booby,Sula sula,NA,NA,40,NA,Ono Island--Oneta Resort,2020-03-15,17:00:00,obsr1126950,2020-03-15 17:00:00,2020,3,15,17,0
178.2841564,-18.6975309,Red-footed Booby,Sula sula,NA,NA,24,NA,"FJ (-18.698, 178.284)",2020-03-14,16:00:00,obsr1126950,2020-03-14 16:00:00,2020,3,14,16,0
178.5104942,-18.8863507,Red-footed Booby,Sula sula,NA,NA,250,NA,Ono Island--Oneta Resort,2020-03-16,16:40:00,obsr1126950,2020-03-16 16:40:00,2020,3,16,16,40
178.2841564,-18.6975309,Wedge-tailed Shearwater,Ardenna pacifica,NA,NA,2,NA,"FJ (-18.698, 178.284)",2020-03-14,16:00:00,obsr1126950,2020-03-14 16:00:00,2020,3,14,16,0
178.2841564,-18.6975309,White-tailed Tropicbird,Phaethon lepturus,NA,NA,1,NA,"FJ (-18.698, 178.284)",2020-03-14,16:00:00,obsr1126950,2020-03-14 16:00:00,2020,3,14,16,0
178.5198668,-17.524825,Black Noddy,Anous minutus,NA,NA,2,NA,Moon Reef,2020-04-27,09:30:00,obsr1126950,2020-04-27 09:30:00,2020,4,27,9,30
178.4406066,-18.1619228,Brown Booby,Sula leucogaster,NA,NA,1,NA,Suva Pt.--East of Fringing Reef,2020-04-09,15:48:00,obsr230624,2020-04-09 15:48:00,2020,4,9,15,48
178.5198668,-17.524825,Brown Noddy,Anous stolidus,NA,NA,18,NA,Moon Reef,2020-04-27,09:30:00,obsr1126950,2020-04-27 09:30:00,2020,4,27,9,30
178.4886713,-17.583128,Great Crested Tern,Thalasseus bergii,NA,NA,3,NA,Silana,2020-04-02,07:00:00,obsr1126950,2020-04-02 07:00:00,2020,4,2,7,0
178.4886713,-17.583128,Great Crested Tern,Thalasseus bergii,NA,NA,1,NA,Silana,2020-04-26,16:00:00,obsr1126950,2020-04-26 16:00:00,2020,4,26,16,0
178.4406066,-18.1619228,Great Crested Tern,Thalasseus bergii,NA,NA,15,NA,Suva Pt.--East of Fringing Reef,2020-04-19,12:30:00,obsr230624,2020-04-19 12:30:00,2020,4,19,12,30
178.4406066,-18.1619228,Great Crested Tern,Thalasseus bergii,NA,NA,12,NA,Suva Pt.--East of Fringing Reef,2020-04-07,13:58:00,obsr230624,2020-04-07 13:58:00,2020,4,7,13,58
178.5198668,-17.524825,Great Crested Tern,Thalasseus bergii,NA,NA,2,NA,Moon Reef,2020-04-27,09:30:00,obsr1126950,2020-04-27 09:30:00,2020,4,27,9,30
178.4886713,-17.583128,Great Crested Tern,Thalasseus bergii,NA,NA,2,NA,Silana,2020-04-21,08:30:00,obsr1126950,2020-04-21 08:30:00,2020,4,21,8,30
178.4406066,-18.1619228,Great Crested Tern,Thalasseus bergii,NA,NA,28,NA,Suva Pt.--East of Fringing Reef,2020-04-09,15:48:00,obsr230624,2020-04-09 15:48:00,2020,4,9,15,48
178.4886713,-17.583128,Lesser Frigatebird,Fregata ariel,NA,NA,3,NA,Silana,2020-04-21,08:30:00,obsr1126950,2020-04-21 08:30:00,2020,4,21,8,30
178.4886713,-17.583128,Lesser Frigatebird,Fregata ariel,NA,NA,1,NA,Silana,2020-04-24,15:30:00,obsr1126950,2020-04-24 15:30:00,2020,4,24,15,30
178.4886713,-17.583128,Lesser Frigatebird,Fregata ariel,NA,NA,3,NA,Silana,2020-04-02,07:00:00,obsr1126950,2020-04-02 07:00:00,2020,4,2,7,0
178.4886713,-17.583128,Lesser Frigatebird,Fregata ariel,NA,NA,10,NA,Silana,2020-04-01,14:30:00,obsr1126950,2020-04-01 14:30:00,2020,4,1,14,30
178.4886713,-17.583128,Lesser Frigatebird,Fregata ariel,NA,NA,1,NA,Silana,2020-04-28,16:00:00,obsr1126950,2020-04-28 16:00:00,2020,4,28,16,0
178.4406066,-18.1619228,Lesser Frigatebird,Fregata ariel,NA,NA,1,NA,Suva Pt.--East of Fringing Reef,2020-04-19,12:30:00,obsr230624,2020-04-19 12:30:00,2020,4,19,12,30
178.4406066,-18.1619228,Lesser Frigatebird,Fregata ariel,NA,NA,2,NA,Suva Pt.--East of Fringing Reef,2020-04-09,15:48:00,obsr230624,2020-04-09 15:48:00,2020,4,9,15,48
178.4886713,-17.583128,Lesser Frigatebird,Fregata ariel,NA,NA,2,NA,Silana,2020-04-29,15:30:00,obsr1126950,2020-04-29 15:30:00,2020,4,29,15,30
178.4886713,-17.583128,Lesser Frigatebird,Fregata ariel,NA,NA,1,NA,Silana,2020-04-23,10:30:00,obsr1126950,2020-04-23 10:30:00,2020,4,23,10,30
178.4886713,-17.583128,Lesser Frigatebird,Fregata ariel,NA,NA,2,NA,Silana,2020-04-30,10:00:00,obsr1126950,2020-04-30 10:00:00,2020,4,30,10,0
178.4791867,-17.5964178,Lesser Frigatebird,Fregata ariel,NA,NA,2,NA,Ciuciu Rati Waterfall,2020-04-19,15:30:00,obsr1126950,2020-04-19 15:30:00,2020,4,19,15,30
178.4886713,-17.583128,Lesser Frigatebird,Fregata ariel,NA,NA,1,NA,Silana,2020-04-26,16:00:00,obsr1126950,2020-04-26 16:00:00,2020,4,26,16,0
178.4886713,-17.583128,Lesser Frigatebird,Fregata ariel,NA,NA,3,NA,Silana,2020-04-20,08:30:00,obsr1126950,2020-04-20 08:30:00,2020,4,20,8,30
178.4886713,-17.583128,Lesser Frigatebird,Fregata ariel,NA,NA,2,NA,Silana,2020-04-17,15:20:00,obsr1126950,2020-04-17 15:20:00,2020,4,17,15,20
178.5198668,-17.524825,Black Noddy,Anous minutus,NA,NA,5,NA,Moon Reef,2020-05-06,10:00:00,obsr1126950,2020-05-06 10:00:00,2020,5,6,10,0
178.5198668,-17.524825,Brown Booby,Sula leucogaster,NA,NA,1,NA,Moon Reef,2020-05-06,10:00:00,obsr1126950,2020-05-06 10:00:00,2020,5,6,10,0
178.5198668,-17.524825,Brown Noddy,Anous stolidus,NA,NA,2,NA,Moon Reef,2020-05-06,10:00:00,obsr1126950,2020-05-06 10:00:00,2020,5,6,10,0
178.4406066,-18.1619228,Great Crested Tern,Thalasseus bergii,NA,NA,10,NA,Suva Pt.--East of Fringing Reef,2020-05-09,16:20:00,obsr230624,2020-05-09 16:20:00,2020,5,9,16,20
178.4406066,-18.1619228,Great Crested Tern,Thalasseus bergii,NA,NA,17,NA,Suva Pt.--East of Fringing Reef,2020-05-18,12:05:00,obsr230624,2020-05-18 12:05:00,2020,5,18,12,5
178.7222307,-17.808201,Great Crested Tern,Thalasseus bergii,NA,NA,6,NA,Leleuvia,2020-05-16,07:30:00,obsr230624,2020-05-16 07:30:00,2020,5,16,7,30
178.5198668,-17.524825,Great Crested Tern,Thalasseus bergii,NA,NA,2,NA,Moon Reef,2020-05-06,10:00:00,obsr1126950,2020-05-06 10:00:00,2020,5,6,10,0
178.4886713,-17.583128,Great Crested Tern,Thalasseus bergii,NA,NA,2,NA,Silana,2020-05-03,16:00:00,obsr1126950,2020-05-03 16:00:00,2020,5,3,16,0
178.4406066,-18.1619228,Great Crested Tern,Thalasseus bergii,NA,NA,42,NA,Suva Pt.--East of Fringing Reef,2020-05-03,11:05:00,obsr230624,2020-05-03 11:05:00,2020,5,3,11,5
178.4406066,-18.1619228,Great Crested Tern,Thalasseus bergii,NA,NA,35,NA,Suva Pt.--East of Fringing Reef,2020-05-30,08:35:00,obsr230624,2020-05-30 08:35:00,2020,5,30,8,35
178.4886713,-17.583128,Lesser Frigatebird,Fregata ariel,NA,NA,1,NA,Silana,2020-05-04,16:30:00,obsr1126950,2020-05-04 16:30:00,2020,5,4,16,30
178.5198668,-17.524825,Lesser Frigatebird,Fregata ariel,NA,NA,4,NA,Moon Reef,2020-05-06,10:00:00,obsr1126950,2020-05-06 10:00:00,2020,5,6,10,0
178.4886713,-17.583128,Lesser Frigatebird,Fregata ariel,NA,NA,4,NA,Silana,2020-05-17,08:30:00,obsr1126950,2020-05-17 08:30:00,2020,5,17,8,30
178.4406066,-18.1619228,Lesser Frigatebird,Fregata ariel,NA,NA,3,NA,Suva Pt.--East of Fringing Reef,2020-05-09,16:20:00,obsr230624,2020-05-09 16:20:00,2020,5,9,16,20
178.4886713,-17.583128,Lesser Frigatebird,Fregata ariel,NA,NA,1,NA,Silana,2020-05-02,09:50:00,obsr1126950,2020-05-02 09:50:00,2020,5,2,9,50
178.4886713,-17.583128,Lesser Frigatebird,Fregata ariel,NA,NA,1,NA,Silana,2020-05-07,15:45:00,obsr1126950,2020-05-07 15:45:00,2020,5,7,15,45
178.4406066,-18.1619228,Brown Booby,Sula leucogaster,NA,NA,1,NA,Suva Pt.--East of Fringing Reef,2020-06-20,14:20:00,obsr230624,2020-06-20 14:20:00,2020,6,20,14,20
178.4886713,-17.583128,Great Crested Tern,Thalasseus bergii,NA,NA,3,NA,Silana,2020-06-17,08:40:00,obsr1126950,2020-06-17 08:40:00,2020,6,17,8,40
178.4406066,-18.1619228,Great Crested Tern,Thalasseus bergii,NA,NA,26,NA,Suva Pt.--East of Fringing Reef,2020-06-20,14:20:00,obsr230624,2020-06-20 14:20:00,2020,6,20,14,20
178.4406066,-18.1619228,Great Crested Tern,Thalasseus bergii,NA,NA,22,NA,Suva Pt.--East of Fringing Reef,2020-06-05,14:35:00,obsr230624,2020-06-05 14:35:00,2020,6,5,14,35
178.4226787,-18.1398365,Great Crested Tern,Thalasseus bergii,NA,NA,2,NA,Ratu Sakuna Park,2020-06-02,09:00:00,obsr1126950,2020-06-02 09:00:00,2020,6,2,9,0
178.5866341,-17.6745717,Great Crested Tern,Thalasseus bergii,NA,NA,1,NA,Natovi Jetty,2020-06-15,06:30:00,obsr1126950,2020-06-15 06:30:00,2020,6,15,6,30
178.4406066,-18.1619228,Great Crested Tern,Thalasseus bergii,NA,NA,28,NA,Suva Pt.--East of Fringing Reef,2020-06-30,10:35:00,obsr230624,2020-06-30 10:35:00,2020,6,30,10,35
178.5866341,-17.6745717,Lesser Frigatebird,Fregata ariel,NA,NA,4,NA,Natovi Jetty,2020-06-15,06:30:00,obsr1126950,2020-06-15 06:30:00,2020,6,15,6,30
178.4226787,-18.1398365,Lesser Frigatebird,Fregata ariel,NA,NA,1,NA,Ratu Sakuna Park,2020-06-02,09:00:00,obsr1126950,2020-06-02 09:00:00,2020,6,2,9,0
178.4886713,-17.583128,Lesser Frigatebird,Fregata ariel,NA,NA,2,NA,Silana,2020-06-18,15:30:00,obsr1126950,2020-06-18 15:30:00,2020,6,18,15,30
178.4886713,-17.583128,Lesser Frigatebird,Fregata ariel,NA,NA,5,NA,Silana,2020-06-03,15:30:00,obsr1126950,2020-06-03 15:30:00,2020,6,3,15,30
178.4886713,-17.583128,Lesser Frigatebird,Fregata ariel,NA,NA,7,NA,Silana,2020-06-17,08:40:00,obsr1126950,2020-06-17 08:40:00,2020,6,17,8,40
178.4886713,-17.583128,Lesser Frigatebird,Fregata ariel,NA,NA,7,NA,Silana,2020-06-04,15:00:00,obsr1126950,2020-06-04 15:00:00,2020,6,4,15,0
178.4886713,-17.583128,Lesser Frigatebird,Fregata ariel,NA,NA,3,NA,Silana,2020-06-06,15:30:00,obsr1126950,2020-06-06 15:30:00,2020,6,6,15,30
178.4791867,-17.5964178,Lesser Frigatebird,Fregata ariel,NA,NA,2,NA,Ciuciu Rati Waterfall,2020-06-16,15:40:00,obsr1126950,2020-06-16 15:40:00,2020,6,16,15,40
178.5104942,-18.8863507,Great Crested Tern,Thalasseus bergii,NA,NA,1,NA,Ono Island--Oneta Resort,2020-06-23,06:30:00,obsr1126950,2020-06-23 06:30:00,2020,6,23,6,30
178.5104942,-18.8863507,Lesser Frigatebird,Fregata ariel,NA,NA,2,NA,Ono Island--Oneta Resort,2020-06-23,06:30:00,obsr1126950,2020-06-23 06:30:00,2020,6,23,6,30
178.5104942,-18.8863507,Red-footed Booby,Sula sula,NA,NA,4,NA,Ono Island--Oneta Resort,2020-06-23,06:30:00,obsr1126950,2020-06-23 06:30:00,2020,6,23,6,30
178.5104942,-18.8863507,Red-footed Booby,Sula sula,NA,NA,2,NA,Ono Island--Oneta Resort,2020-06-24,07:30:00,obsr1126950,2020-06-24 07:30:00,2020,6,24,7,30
178.4406066,-18.1619228,Great Crested Tern,Thalasseus bergii,NA,NA,25,NA,Suva Pt.--East of Fringing Reef,2020-07-05,15:30:00,obsr230624,2020-07-05 15:30:00,2020,7,5,15,30
178.4406066,-18.1619228,Brown Booby,Sula leucogaster,NA,NA,2,NA,Suva Pt.--East of Fringing Reef,2020-08-10,07:35:00,obsr230624,2020-08-10 07:35:00,2020,8,10,7,35
178.4406066,-18.1619228,Great Crested Tern,Thalasseus bergii,NA,NA,29,NA,Suva Pt.--East of Fringing Reef,2020-08-02,14:25:00,obsr230624,2020-08-02 14:25:00,2020,8,2,14,25
178.4406066,-18.1619228,Great Crested Tern,Thalasseus bergii,NA,NA,45,NA,Suva Pt.--East of Fringing Reef,2020-08-29,12:05:00,obsr230624,2020-08-29 12:05:00,2020,8,29,12,5
178.4406066,-18.1619228,Great Crested Tern,Thalasseus bergii,NA,NA,12,NA,Suva Pt.--East of Fringing Reef,2020-08-10,07:35:00,obsr230624,2020-08-10 07:35:00,2020,8,10,7,35
178.4406066,-18.1619228,Great Crested Tern,Thalasseus bergii,NA,NA,25,NA,Suva Pt.--East of Fringing Reef,2020-08-16,13:05:00,obsr230624,2020-08-16 13:05:00,2020,8,16,13,5
178.4406066,-18.1619228,Lesser Frigatebird,Fregata ariel,NA,NA,1,NA,Suva Pt.--East of Fringing Reef,2020-08-16,13:05:00,obsr230624,2020-08-16 13:05:00,2020,8,16,13,5
178.4406066,-18.1619228,Lesser Frigatebird,Fregata ariel,NA,NA,1,NA,Suva Pt.--East of Fringing Reef,2020-08-29,12:05:00,obsr230624,2020-08-29 12:05:00,2020,8,29,12,5
178.4406066,-18.1619228,Brown Booby,Sula leucogaster,NA,NA,3,NA,Suva Pt.--East of Fringing Reef,2020-09-23,07:25:00,obsr230624,2020-09-23 07:25:00,2020,9,23,7,25
178.4406066,-18.1619228,Great Crested Tern,Thalasseus bergii,NA,NA,38,NA,Suva Pt.--East of Fringing Reef,2020-09-05,17:10:00,obsr535437,2020-09-05 17:10:00,2020,9,5,17,10
178.4406066,-18.1619228,Great Crested Tern,Thalasseus bergii,NA,NA,30,NA,Suva Pt.--East of Fringing Reef,2020-09-23,07:25:00,obsr230624,2020-09-23 07:25:00,2020,9,23,7,25
178.4406066,-18.1619228,Great Crested Tern,Thalasseus bergii,NA,NA,16,NA,Suva Pt.--East of Fringing Reef,2020-09-08,06:55:00,obsr535437,2020-09-08 06:55:00,2020,9,8,6,55
178.4406066,-18.1619228,Great Crested Tern,Thalasseus bergii,NA,NA,18,NA,Suva Pt.--East of Fringing Reef,2020-09-12,10:30:00,obsr230624,2020-09-12 10:30:00,2020,9,12,10,30
178.4406066,-18.1619228,Great Crested Tern,Thalasseus bergii,NA,NA,55,NA,Suva Pt.--East of Fringing Reef,2020-09-26,11:05:00,obsr230624,2020-09-26 11:05:00,2020,9,26,11,5
178.4406066,-18.1619228,Great Crested Tern,Thalasseus bergii,NA,NA,6,NA,Suva Pt.--East of Fringing Reef,2020-10-18,15:40:00,obsr230624,2020-10-18 15:40:00,2020,10,18,15,40
178.4406066,-18.1619228,Great Crested Tern,Thalasseus bergii,NA,NA,4,NA,Suva Pt.--East of Fringing Reef,2020-10-10,09:00:00,obsr230624,2020-10-10 09:00:00,2020,10,10,9,0
178.4406066,-18.1619228,Great Crested Tern,Thalasseus bergii,NA,NA,24,NA,Suva Pt.--East of Fringing Reef,2020-10-17,14:50:00,obsr1925029,2020-10-17 14:50:00,2020,10,17,14,50
178.4486103,-18.1526009,Great Crested Tern,Thalasseus bergii,NA,NA,15,NA,Suva Pt.--University,2020-10-10,10:00:00,obsr230624,2020-10-10 10:00:00,2020,10,10,10,0
178.4486103,-18.1526009,Great Crested Tern,Thalasseus bergii,NA,NA,35,NA,Suva Pt.--University,2020-10-27,12:40:00,obsr230624,2020-10-27 12:40:00,2020,10,27,12,40
178.4406066,-18.1619228,Great Crested Tern,Thalasseus bergii,NA,NA,9,NA,Suva Pt.--East of Fringing Reef,2020-10-27,12:10:00,obsr230624,2020-10-27 12:10:00,2020,10,27,12,10
178.4568796,-18.1431245,Great Crested Tern,Thalasseus bergii,NA,NA,1,NA,Nacara Street,2020-10-17,16:40:00,obsr1925029,2020-10-17 16:40:00,2020,10,17,16,40
178.4555897,-18.1503955,Great Crested Tern,Thalasseus bergii,NA,NA,1,NA,Suva NSC Breakwater,2020-10-11,10:30:00,obsr230624,2020-10-11 10:30:00,2020,10,11,10,30
178.4406066,-18.1619228,Great Crested Tern,Thalasseus bergii,NA,NA,35,NA,Suva Pt.--East of Fringing Reef,2020-10-04,16:14:00,obsr230624,2020-10-04 16:14:00,2020,10,4,16,14
178.4406066,-18.1619228,Lesser Frigatebird,Fregata ariel,NA,NA,3,NA,Suva Pt.--East of Fringing Reef,2020-10-18,15:40:00,obsr1925029,2020-10-18 15:40:00,2020,10,18,15,40
178.4406066,-18.1619228,Lesser Frigatebird,Fregata ariel,NA,NA,1,NA,Suva Pt.--East of Fringing Reef,2020-10-17,14:50:00,obsr230624,2020-10-17 14:50:00,2020,10,17,14,50
178.4406066,-18.1619228,Lesser Frigatebird,Fregata ariel,NA,NA,2,NA,Suva Pt.--East of Fringing Reef,2020-10-04,16:14:00,obsr230624,2020-10-04 16:14:00,2020,10,4,16,14
178.4486103,-18.1526009,Lesser Frigatebird,Fregata ariel,NA,NA,2,NA,Suva Pt.--University,2020-10-10,10:00:00,obsr230624,2020-10-10 10:00:00,2020,10,10,10,0
178.4555897,-18.1503955,Lesser Frigatebird,Fregata ariel,NA,NA,2,NA,Suva NSC Breakwater,2020-10-11,10:30:00,obsr230624,2020-10-11 10:30:00,2020,10,11,10,30
178.4406066,-18.1619228,Black-naped Tern,Sterna sumatrana,NA,NA,1,NA,Suva Pt.--East of Fringing Reef,2020-11-28,13:25:00,obsr230624,2020-11-28 13:25:00,2020,11,28,13,25
178.4406066,-18.1619228,Black-naped Tern,Sterna sumatrana,NA,NA,2,NA,Suva Pt.--East of Fringing Reef,2020-11-22,09:10:00,obsr230624,2020-11-22 09:10:00,2020,11,22,9,10
178.4406066,-18.1619228,Black-naped Tern,Sterna sumatrana,NA,NA,2,NA,Suva Pt.--East of Fringing Reef,2020-11-08,08:25:00,obsr230624,2020-11-08 08:25:00,2020,11,8,8,25
178.4406066,-18.1619228,Great Crested Tern,Thalasseus bergii,NA,NA,10,NA,Suva Pt.--East of Fringing Reef,2020-11-28,13:25:00,obsr230624,2020-11-28 13:25:00,2020,11,28,13,25
178.4406066,-18.1619228,Great Crested Tern,Thalasseus bergii,NA,NA,16,NA,Suva Pt.--East of Fringing Reef,2020-11-22,09:10:00,obsr230624,2020-11-22 09:10:00,2020,11,22,9,10
178.4406066,-18.1619228,Great Crested Tern,Thalasseus bergii,NA,NA,16,NA,Suva Pt.--East of Fringing Reef,2020-11-08,08:25:00,obsr230624,2020-11-08 08:25:00,2020,11,8,8,25
178.4406066,-18.1619228,Lesser Frigatebird,Fregata ariel,NA,NA,1,NA,Suva Pt.--East of Fringing Reef,2020-11-28,13:25:00,obsr230624,2020-11-28 13:25:00,2020,11,28,13,25
178.4406066,-18.1619228,Lesser Frigatebird,Fregata ariel,NA,NA,1,NA,Suva Pt.--East of Fringing Reef,2020-11-08,08:25:00,obsr230624,2020-11-08 08:25:00,2020,11,8,8,25
178.4406066,-18.1619228,Black-naped Tern,Sterna sumatrana,NA,NA,1,NA,Suva Pt.--East of Fringing Reef,2020-12-07,08:00:00,obsr230624,2020-12-07 08:00:00,2020,12,7,8,0
178.4406066,-18.1619228,Black-naped Tern,Sterna sumatrana,NA,NA,3,NA,Suva Pt.--East of Fringing Reef,2020-12-05,06:00:00,obsr230624,2020-12-05 06:00:00,2020,12,5,6,0
178.4406066,-18.1619228,Great Crested Tern,Thalasseus bergii,NA,NA,33,NA,Suva Pt.--East of Fringing Reef,2020-12-12,12:20:00,obsr230624,2020-12-12 12:20:00,2020,12,12,12,20
178.4406066,-18.1619228,Great Crested Tern,Thalasseus bergii,NA,NA,32,NA,Suva Pt.--East of Fringing Reef,2020-12-18,17:15:00,obsr230624,2020-12-18 17:15:00,2020,12,18,17,15
178.4406066,-18.1619228,Great Crested Tern,Thalasseus bergii,NA,NA,28,NA,Suva Pt.--East of Fringing Reef,2020-12-07,08:00:00,obsr230624,2020-12-07 08:00:00,2020,12,7,8,0
178.4406066,-18.1619228,Great Crested Tern,Thalasseus bergii,NA,NA,13,NA,Suva Pt.--East of Fringing Reef,2020-12-05,06:00:00,obsr230624,2020-12-05 06:00:00,2020,12,5,6,0
178.4406066,-18.1619228,Lesser Frigatebird,Fregata ariel,NA,NA,1,NA,Suva Pt.--East of Fringing Reef,2020-12-12,12:20:00,obsr230624,2020-12-12 12:20:00,2020,12,12,12,20
178.4406066,-18.1619228,Lesser Frigatebird,Fregata ariel,NA,NA,1,NA,Suva Pt.--East of Fringing Reef,2020-12-18,17:15:00,obsr230624,2020-12-18 17:15:00,2020,12,18,17,15
178.4406066,-18.1619228,Lesser Frigatebird,Fregata ariel,NA,NA,1,NA,Suva Pt.--East of Fringing Reef,2020-12-07,08:00:00,obsr230624,2020-12-07 08:00:00,2020,12,7,8,0
178.4406066,-18.1619228,Black Noddy,Anous minutus,NA,NA,12,NA,Suva Pt.--East of Fringing Reef,2021-01-31,16:45:00,obsr230624,2021-01-31 16:45:00,2021,1,31,16,45
178.4406066,-18.1619228,Bridled Tern,Onychoprion anaethetus,NA,NA,5,NA,Suva Pt.--East of Fringing Reef,2021-01-31,16:45:00,obsr230624,2021-01-31 16:45:00,2021,1,31,16,45
178.4406066,-18.1619228,Great Crested Tern,Thalasseus bergii,NA,NA,9,NA,Suva Pt.--East of Fringing Reef,2021-01-17,18:00:00,obsr230624,2021-01-17 18:00:00,2021,1,17,18,0
178.4406066,-18.1619228,Great Crested Tern,Thalasseus bergii,NA,NA,18,NA,Suva Pt.--East of Fringing Reef,2021-01-07,10:15:00,obsr230624,2021-01-07 10:15:00,2021,1,7,10,15
178.4406066,-18.1619228,Great Crested Tern,Thalasseus bergii,NA,NA,25,NA,Suva Pt.--East of Fringing Reef,2021-01-31,16:45:00,obsr230624,2021-01-31 16:45:00,2021,1,31,16,45
178.4406066,-18.1619228,Great Frigatebird,Fregata minor,NA,NA,2,NA,Suva Pt.--East of Fringing Reef,2021-01-21,08:20:00,obsr230624,2021-01-21 08:20:00,2021,1,21,8,20
178.4406066,-18.1619228,Lesser Frigatebird,Fregata ariel,NA,NA,1,NA,Suva Pt.--East of Fringing Reef,2021-01-31,16:45:00,obsr230624,2021-01-31 16:45:00,2021,1,31,16,45
178.4486103,-18.1526009,Great Crested Tern,Thalasseus bergii,NA,NA,24,NA,Suva Pt.--University,2021-02-05,09:45:00,obsr230624,2021-02-05 09:45:00,2021,2,5,9,45
178.4406066,-18.1619228,Great Crested Tern,Thalasseus bergii,NA,NA,12,NA,Suva Pt.--East of Fringing Reef,2021-02-26,14:00:00,obsr230624,2021-02-26 14:00:00,2021,2,26,14,0
178.4406066,-18.1619228,Great Crested Tern,Thalasseus bergii,NA,NA,33,NA,Suva Pt.--East of Fringing Reef,2021-02-05,09:00:00,obsr230624,2021-02-05 09:00:00,2021,2,5,9,0
178.4406066,-18.1619228,Great Crested Tern,Thalasseus bergii,NA,NA,16,NA,Suva Pt.--East of Fringing Reef,2021-02-14,16:50:00,obsr230624,2021-02-14 16:50:00,2021,2,14,16,50
178.4406066,-18.1619228,Lesser Frigatebird,Fregata ariel,NA,NA,1,NA,Suva Pt.--East of Fringing Reef,2021-02-14,16:50:00,obsr230624,2021-02-14 16:50:00,2021,2,14,16,50
178.4406066,-18.1619228,Black-naped Tern,Sterna sumatrana,NA,NA,4,NA,Suva Pt.--East of Fringing Reef,2021-03-06,08:25:00,obsr230624,2021-03-06 08:25:00,2021,3,6,8,25
178.4406066,-18.1619228,Black-naped Tern,Sterna sumatrana,NA,NA,1,NA,Suva Pt.--East of Fringing Reef,2021-03-07,09:15:00,obsr230624,2021-03-07 09:15:00,2021,3,7,9,15
178.4486103,-18.1526009,Great Crested Tern,Thalasseus bergii,NA,NA,5,NA,Suva Pt.--University,2021-03-07,10:00:00,obsr230624,2021-03-07 10:00:00,2021,3,7,10,0
178.4406066,-18.1619228,Great Crested Tern,Thalasseus bergii,NA,NA,10,NA,Suva Pt.--East of Fringing Reef,2021-03-15,15:20:00,obsr230624,2021-03-15 15:20:00,2021,3,15,15,20
178.4486103,-18.1526009,Great Crested Tern,Thalasseus bergii,NA,NA,10,NA,Suva Pt.--University,2021-03-22,10:20:00,obsr230624,2021-03-22 10:20:00,2021,3,22,10,20
178.4406066,-18.1619228,Great Crested Tern,Thalasseus bergii,NA,NA,10,NA,Suva Pt.--East of Fringing Reef,2021-03-22,09:00:00,obsr230624,2021-03-22 09:00:00,2021,3,22,9,0
178.4486103,-18.1526009,Great Crested Tern,Thalasseus bergii,NA,NA,5,NA,Suva Pt.--University,2021-03-27,13:50:00,obsr230624,2021-03-27 13:50:00,2021,3,27,13,50
178.4555897,-18.1503955,Great Crested Tern,Thalasseus bergii,NA,NA,7,NA,Suva NSC Breakwater,2021-03-28,15:00:00,obsr230624,2021-03-28 15:00:00,2021,3,28,15,0
178.4406066,-18.1619228,Great Crested Tern,Thalasseus bergii,NA,NA,10,NA,Suva Pt.--East of Fringing Reef,2021-03-27,13:30:00,obsr230624,2021-03-27 13:30:00,2021,3,27,13,30
178.4406066,-18.1619228,Great Crested Tern,Thalasseus bergii,NA,NA,11,NA,Suva Pt.--East of Fringing Reef,2021-03-07,09:15:00,obsr230624,2021-03-07 09:15:00,2021,3,7,9,15
178.4486103,-18.1526009,Black-naped Tern,Sterna sumatrana,NA,NA,1,NA,Suva Pt.--University,2021-04-24,12:55:00,obsr230624,2021-04-24 12:55:00,2021,4,24,12,55
178.4406066,-18.1619228,Great Crested Tern,Thalasseus bergii,NA,NA,15,NA,Suva Pt.--East of Fringing Reef,2021-04-24,12:05:00,obsr230624,2021-04-24 12:05:00,2021,4,24,12,5
178.4406066,-18.1619228,Great Crested Tern,Thalasseus bergii,NA,NA,11,NA,Suva Pt.--East of Fringing Reef,2021-04-12,14:10:00,obsr230624,2021-04-12 14:10:00,2021,4,12,14,10
178.4486103,-18.1526009,Great Crested Tern,Thalasseus bergii,NA,NA,3,NA,Suva Pt.--University,2021-04-12,15:10:00,obsr230624,2021-04-12 15:10:00,2021,4,12,15,10
178.4486103,-18.1526009,Great Crested Tern,Thalasseus bergii,NA,NA,29,NA,Suva Pt.--University,2021-04-04,08:05:00,obsr230624,2021-04-04 08:05:00,2021,4,4,8,5
178.4486103,-18.1526009,Great Crested Tern,Thalasseus bergii,NA,NA,2,NA,Suva Pt.--University,2021-04-11,14:30:00,obsr230624,2021-04-11 14:30:00,2021,4,11,14,30
178.4406066,-18.1619228,Great Crested Tern,Thalasseus bergii,NA,NA,15,NA,Suva Pt.--East of Fringing Reef,2021-04-11,14:00:00,obsr230624,2021-04-11 14:00:00,2021,4,11,14,0
178.4486103,-18.1526009,Lesser Frigatebird,Fregata ariel,NA,NA,2,NA,Suva Pt.--University,2021-04-04,08:05:00,obsr230624,2021-04-04 08:05:00,2021,4,4,8,5
178.4406066,-18.1619228,Black-naped Tern,Sterna sumatrana,NA,NA,1,NA,Suva Pt.--East of Fringing Reef,2021-05-08,12:21:00,obsr1925029,2021-05-08 12:21:00,2021,5,8,12,21
178.4406066,-18.1619228,Black-naped Tern,Sterna sumatrana,NA,NA,4,NA,Suva Pt.--East of Fringing Reef,2021-05-22,10:45:00,obsr230624,2021-05-22 10:45:00,2021,5,22,10,45
178.4406066,-18.1619228,Brown Booby,Sula leucogaster,NA,NA,1,NA,Suva Pt.--East of Fringing Reef,2021-05-22,10:45:00,obsr230624,2021-05-22 10:45:00,2021,5,22,10,45
178.4406066,-18.1619228,Great Crested Tern,Thalasseus bergii,NA,NA,25,NA,Suva Pt.--East of Fringing Reef,2021-05-14,16:24:00,obsr230624,2021-05-14 16:24:00,2021,5,14,16,24
178.4486103,-18.1526009,Great Crested Tern,Thalasseus bergii,NA,NA,3,NA,Suva Pt.--University,2021-05-22,11:17:00,obsr230624,2021-05-22 11:17:00,2021,5,22,11,17
178.4406066,-18.1619228,Great Crested Tern,Thalasseus bergii,NA,NA,12,NA,Suva Pt.--East of Fringing Reef,2021-05-22,10:45:00,obsr230624,2021-05-22 10:45:00,2021,5,22,10,45
178.4406066,-18.1619228,Great Crested Tern,Thalasseus bergii,NA,NA,70,NA,Suva Pt.--East of Fringing Reef,2021-05-08,12:21:00,obsr230624,2021-05-08 12:21:00,2021,5,8,12,21
178.4406066,-18.1619228,Lesser Frigatebird,Fregata ariel,NA,NA,1,NA,Suva Pt.--East of Fringing Reef,2021-05-14,16:24:00,obsr230624,2021-05-14 16:24:00,2021,5,14,16,24
178.4568796,-18.1431245,Lesser Frigatebird,Fregata ariel,NA,NA,2,NA,Nacara Street,2021-05-08,10:55:00,obsr230624,2021-05-08 10:55:00,2021,5,8,10,55
178.4486103,-18.1526009,Brown Booby,Sula leucogaster,NA,NA,1,NA,Suva Pt.--University,2021-06-18,08:46:00,obsr230624,2021-06-18 08:46:00,2021,6,18,8,46
178.4406066,-18.1619228,Brown Booby,Sula leucogaster,NA,NA,1,NA,Suva Pt.--East of Fringing Reef,2021-06-05,11:18:00,obsr230624,2021-06-05 11:18:00,2021,6,5,11,18
178.4406066,-18.1619228,Great Crested Tern,Thalasseus bergii,NA,NA,43,NA,Suva Pt.--East of Fringing Reef,2021-06-05,11:18:00,obsr230624,2021-06-05 11:18:00,2021,6,5,11,18
178.4486103,-18.1526009,Great Crested Tern,Thalasseus bergii,NA,NA,10,NA,Suva Pt.--University,2021-06-18,08:46:00,obsr230624,2021-06-18 08:46:00,2021,6,18,8,46
178.4486103,-18.1526009,Great Crested Tern,Thalasseus bergii,NA,NA,35,NA,Suva Pt.--University,2021-06-05,12:02:00,obsr230624,2021-06-05 12:02:00,2021,6,5,12,2
178.4406066,-18.1619228,Great Crested Tern,Thalasseus bergii,NA,NA,10,NA,Suva Pt.--East of Fringing Reef,2021-06-18,08:22:00,obsr230624,2021-06-18 08:22:00,2021,6,18,8,22
178.4406066,-18.1619228,Great Crested Tern,Thalasseus bergii,NA,NA,43,NA,Suva Pt.--East of Fringing Reef,2021-07-25,15:50:00,obsr230624,2021-07-25 15:50:00,2021,7,25,15,50
178.4406066,-18.1619228,Great Crested Tern,Thalasseus bergii,NA,NA,48,NA,Suva Pt.--East of Fringing Reef,2021-07-17,07:55:00,obsr230624,2021-07-17 07:55:00,2021,7,17,7,55
178.4406066,-18.1619228,Great Crested Tern,Thalasseus bergii,NA,NA,57,NA,Suva Pt.--East of Fringing Reef,2021-07-11,15:49:00,obsr230624,2021-07-11 15:49:00,2021,7,11,15,49
178.4406066,-18.1619228,Lesser Frigatebird,Fregata ariel,NA,NA,1,NA,Suva Pt.--East of Fringing Reef,2021-07-11,15:49:00,obsr230624,2021-07-11 15:49:00,2021,7,11,15,49
178.4406066,-18.1619228,Lesser Frigatebird,Fregata ariel,NA,NA,1,NA,Suva Pt.--East of Fringing Reef,2021-07-25,15:50:00,obsr230624,2021-07-25 15:50:00,2021,7,25,15,50
178.4406066,-18.1619228,Brown Booby,Sula leucogaster,NA,NA,2,NA,Suva Pt.--East of Fringing Reef,2021-08-21,14:08:00,obsr230624,2021-08-21 14:08:00,2021,8,21,14,8
178.4406066,-18.1619228,Great Crested Tern,Thalasseus bergii,NA,NA,15,NA,Suva Pt.--East of Fringing Reef,2021-08-07,13:59:00,obsr230624,2021-08-07 13:59:00,2021,8,7,13,59
178.4406066,-18.1619228,Great Crested Tern,Thalasseus bergii,NA,NA,33,NA,Suva Pt.--East of Fringing Reef,2021-08-21,14:08:00,obsr230624,2021-08-21 14:08:00,2021,8,21,14,8
178.4406066,-18.1619228,Great Crested Tern,Thalasseus bergii,NA,NA,14,NA,Suva Pt.--East of Fringing Reef,2021-08-30,08:17:00,obsr230624,2021-08-30 08:17:00,2021,8,30,8,17
178.4406066,-18.1619228,Lesser Frigatebird,Fregata ariel,NA,NA,1,NA,Suva Pt.--East of Fringing Reef,2021-08-21,14:08:00,obsr230624,2021-08-21 14:08:00,2021,8,21,14,8
178.4406066,-18.1619228,Brown Booby,Sula leucogaster,NA,NA,1,NA,Suva Pt.--East of Fringing Reef,2021-09-13,07:15:00,obsr230624,2021-09-13 07:15:00,2021,9,13,7,15
178.4406066,-18.1619228,Great Crested Tern,Thalasseus bergii,NA,NA,29,NA,Suva Pt.--East of Fringing Reef,2021-09-05,13:30:00,obsr230624,2021-09-05 13:30:00,2021,9,5,13,30
178.4406066,-18.1619228,Great Crested Tern,Thalasseus bergii,NA,NA,24,NA,Suva Pt.--East of Fringing Reef,2021-09-13,07:15:00,obsr230624,2021-09-13 07:15:00,2021,9,13,7,15
178.4406066,-18.1619228,Great Crested Tern,Thalasseus bergii,NA,NA,39,NA,Suva Pt.--East of Fringing Reef,2021-09-18,12:35:00,obsr230624,2021-09-18 12:35:00,2021,9,18,12,35
178.4406066,-18.1619228,Great Crested Tern,Thalasseus bergii,NA,NA,9,NA,Suva Pt.--East of Fringing Reef,2021-09-24,16:41:00,obsr230624,2021-09-24 16:41:00,2021,9,24,16,41
178.4406066,-18.1619228,Lesser Frigatebird,Fregata ariel,NA,NA,1,NA,Suva Pt.--East of Fringing Reef,2021-09-18,12:35:00,obsr230624,2021-09-18 12:35:00,2021,9,18,12,35
178.4886713,-17.583128,Black Noddy,Anous minutus,NA,NA,2,NA,Silana,2021-10-06,14:30:00,obsr6298161,2021-10-06 14:30:00,2021,10,6,14,30
178.7220454,-17.8080852,Black-naped Tern,Sterna sumatrana,NA,NA,2,NA,Leleuvia,2021-10-01,NA,obsr2471330,2021-10-01 NA,2021,10,1,NA,NA
178.4886713,-17.583128,Brown Booby,Sula leucogaster,NA,NA,4,NA,Silana,2021-10-06,14:30:00,obsr6298161,2021-10-06 14:30:00,2021,10,6,14,30
178.7220454,-17.8080852,Great Crested Tern,Thalasseus bergii,NA,NA,1,NA,Leleuvia,2021-10-01,NA,obsr2471330,2021-10-01 NA,2021,10,1,NA,NA
178.0684662,-18.2559258,Lesser Frigatebird,Fregata ariel,NA,NA,1,NA,"Pearl Resort, Pacific Harbour, Viti Levu",2022-03-16,10:06:00,obsr1486192,2022-03-16 10:06:00,2022,3,16,10,6
178.7566059,-17.9730631,Black Noddy,Anous minutus,NA,NA,2,NA,Mabualau,2022-04-30,09:00:00,obsr230624,2022-04-30 09:00:00,2022,4,30,9,0
178.4406066,-18.1619228,Black Noddy,Anous minutus,NA,NA,7,NA,Suva Pt.--East of Fringing Reef,2022-04-03,11:03:00,obsr230624,2022-04-03 11:03:00,2022,4,3,11,3
178.4406066,-18.1619228,Black-naped Tern,Sterna sumatrana,NA,NA,2,NA,Suva Pt.--East of Fringing Reef,2022-04-24,07:43:00,obsr230624,2022-04-24 07:43:00,2022,4,24,7,43
178.4406066,-18.1619228,Black-naped Tern,Sterna sumatrana,NA,NA,1,NA,Suva Pt.--East of Fringing Reef,2022-04-03,11:03:00,obsr230624,2022-04-03 11:03:00,2022,4,3,11,3
178.4406066,-18.1619228,Brown Booby,Sula leucogaster,NA,NA,1,NA,Suva Pt.--East of Fringing Reef,2022-04-24,07:43:00,obsr230624,2022-04-24 07:43:00,2022,4,24,7,43
178.7566059,-17.9730631,Brown Booby,Sula leucogaster,NA,NA,2,NA,Mabualau,2022-04-30,09:00:00,obsr230624,2022-04-30 09:00:00,2022,4,30,9,0
178.4406066,-18.1619228,Brown Booby,Sula leucogaster,NA,NA,1,NA,Suva Pt.--East of Fringing Reef,2022-04-03,11:03:00,obsr230624,2022-04-03 11:03:00,2022,4,3,11,3
178.4406066,-18.1619228,Brown Booby,Sula leucogaster,NA,NA,1,NA,Suva Pt.--East of Fringing Reef,2022-04-10,16:02:00,obsr230624,2022-04-10 16:02:00,2022,4,10,16,2
178.4486103,-18.1526009,Great Crested Tern,Thalasseus bergii,NA,NA,8,NA,Suva Pt.--University,2022-04-23,08:00:00,obsr230624,2022-04-23 08:00:00,2022,4,23,8,0
178.4406066,-18.1619228,Great Crested Tern,Thalasseus bergii,NA,NA,13,NA,Suva Pt.--East of Fringing Reef,2022-04-10,16:02:00,obsr230624,2022-04-10 16:02:00,2022,4,10,16,2
178.4406066,-18.1619228,Great Crested Tern,Thalasseus bergii,NA,NA,25,NA,Suva Pt.--East of Fringing Reef,2022-04-24,07:43:00,obsr230624,2022-04-24 07:43:00,2022,4,24,7,43
178.4406066,-18.1619228,Great Crested Tern,Thalasseus bergii,NA,NA,26,NA,Suva Pt.--East of Fringing Reef,2022-04-15,13:02:00,obsr230624,2022-04-15 13:02:00,2022,4,15,13,2
178.4406066,-18.1619228,Great Crested Tern,Thalasseus bergii,NA,NA,1,NA,Suva Pt.--East of Fringing Reef,2022-04-03,16:31:00,obsr230624,2022-04-03 16:31:00,2022,4,3,16,31
178.7566059,-17.9730631,Lesser Frigatebird,Fregata ariel,NA,NA,1,NA,Mabualau,2022-04-30,09:00:00,obsr230624,2022-04-30 09:00:00,2022,4,30,9,0
178.4406066,-18.1619228,Lesser Frigatebird,Fregata ariel,NA,NA,3,NA,Suva Pt.--East of Fringing Reef,2022-04-10,16:02:00,obsr230624,2022-04-10 16:02:00,2022,4,10,16,2
178.4406066,-18.1619228,Lesser Frigatebird,Fregata ariel,NA,NA,1,NA,Suva Pt.--East of Fringing Reef,2022-04-15,13:02:00,obsr230624,2022-04-15 13:02:00,2022,4,15,13,2
178.4406066,-18.1619228,Lesser Frigatebird,Fregata ariel,NA,NA,1,NA,Suva Pt.--East of Fringing Reef,2022-04-03,11:03:00,obsr230624,2022-04-03 11:03:00,2022,4,3,11,3
178.4406066,-18.1619228,Red-footed Booby,Sula sula,NA,NA,6,NA,Suva Pt.--East of Fringing Reef,2022-04-03,11:03:00,obsr230624,2022-04-03 11:03:00,2022,4,3,11,3
178.7566059,-17.9730631,Red-footed Booby,Sula sula,NA,NA,265,NA,Mabualau,2022-04-30,09:00:00,obsr230624,2022-04-30 09:00:00,2022,4,30,9,0
178.4555897,-18.1503955,Black Noddy,Anous minutus,NA,NA,1,NA,Suva NSC Breakwater,2022-05-14,15:30:00,obsr230624,2022-05-14 15:30:00,2022,5,14,15,30
178.4555897,-18.1503955,Black-naped Tern,Sterna sumatrana,NA,NA,1,NA,Suva NSC Breakwater,2022-05-14,15:30:00,obsr230624,2022-05-14 15:30:00,2022,5,14,15,30
178.4406066,-18.1619228,Black-naped Tern,Sterna sumatrana,NA,NA,1,NA,Suva Pt.--East of Fringing Reef,2022-05-15,13:41:00,obsr230624,2022-05-15 13:41:00,2022,5,15,13,41
178.45844,-18.204556,Bridled Tern,Onychoprion anaethetus,NA,NA,1,NA,Ferry to Suva,2022-05-30,06:10:00,obsr1169423,2022-05-30 06:10:00,2022,5,30,6,10
178.4406066,-18.1619228,Brown Booby,Sula leucogaster,NA,NA,2,NA,Suva Pt.--East of Fringing Reef,2022-05-29,14:03:00,obsr230624,2022-05-29 14:03:00,2022,5,29,14,3
178.45844,-18.204556,Great Crested Tern,Thalasseus bergii,NA,NA,3,NA,Ferry to Suva,2022-05-30,06:10:00,obsr1169423,2022-05-30 06:10:00,2022,5,30,6,10
178.4406066,-18.1619228,Great Crested Tern,Thalasseus bergii,NA,NA,36,NA,Suva Pt.--East of Fringing Reef,2022-05-29,14:03:00,obsr230624,2022-05-29 14:03:00,2022,5,29,14,3
178.4555897,-18.1503955,Great Crested Tern,Thalasseus bergii,NA,NA,3,NA,Suva NSC Breakwater,2022-05-14,15:30:00,obsr1925029,2022-05-14 15:30:00,2022,5,14,15,30
178.4406066,-18.1619228,Great Crested Tern,Thalasseus bergii,NA,NA,36,NA,Suva Pt.--East of Fringing Reef,2022-05-15,13:41:00,obsr230624,2022-05-15 13:41:00,2022,5,15,13,41
178.4234392,-18.1538724,Great Crested Tern,Thalasseus bergii,NA,NA,3,NA,Suva Harbour,2022-05-11,07:30:00,obsr1244841,2022-05-11 07:30:00,2022,5,11,7,30
178.45844,-18.204556,Red-footed Booby,Sula sula,NA,NA,1,NA,Ferry to Suva,2022-05-30,06:10:00,obsr1169423,2022-05-30 06:10:00,2022,5,30,6,10
178.45844,-18.204556,Sooty Shearwater,Ardenna grisea,NA,NA,1,NA,Ferry to Suva,2022-05-30,06:10:00,obsr1169423,2022-05-30 06:10:00,2022,5,30,6,10
178.45844,-18.204556,Tahiti Petrel,Pseudobulweria rostrata,NA,NA,1,NA,Ferry to Suva,2022-05-30,06:10:00,obsr1169423,2022-05-30 06:10:00,2022,5,30,6,10
178.45844,-18.204556,Wedge-tailed Shearwater,Ardenna pacifica,NA,NA,2,NA,Ferry to Suva,2022-05-30,06:10:00,obsr1169423,2022-05-30 06:10:00,2022,5,30,6,10
178.45844,-18.204556,Wilson's Storm-Petrel,Oceanites oceanicus,NA,NA,1,NA,Ferry to Suva,2022-05-30,06:10:00,obsr1169423,2022-05-30 06:10:00,2022,5,30,6,10
178.2400868,-18.9666664,Brown Booby,Sula leucogaster,NA,NA,3,NA,Kadavu Island - Papageno Resort,2022-05-31,16:25:00,obsr949185,2022-05-31 16:25:00,2022,5,31,16,25
178.2400868,-18.9666664,Great Crested Tern,Thalasseus bergii,NA,NA,2,NA,Kadavu Island - Papageno Resort,2022-05-28,09:28:00,obsr949185,2022-05-28 09:28:00,2022,5,28,9,28
178.2400868,-18.9666664,Lesser Frigatebird,Fregata ariel,NA,NA,1,NA,Kadavu Island - Papageno Resort,2022-05-27,16:21:00,obsr949185,2022-05-27 16:21:00,2022,5,27,16,21
178.423685,-18.137432,Black-naped Tern,Sterna sumatrana,NA,NA,1,NA,"Stinson Parade, Suva FJ-Fiji -18.13743, 178.42368",2022-06-06,14:55:00,obsr1169423,2022-06-06 14:55:00,2022,6,6,14,55
178.4406066,-18.1619228,Black-naped Tern,Sterna sumatrana,NA,NA,1,NA,Suva Pt.--East of Fringing Reef,2022-06-11,11:54:00,obsr230624,2022-06-11 11:54:00,2022,6,11,11,54
178.4406066,-18.1619228,Brown Booby,Sula leucogaster,NA,NA,2,NA,Suva Pt.--East of Fringing Reef,2022-06-11,11:54:00,obsr230624,2022-06-11 11:54:00,2022,6,11,11,54
178.4406066,-18.1619228,Brown Booby,Sula leucogaster,NA,NA,1,NA,Suva Pt.--East of Fringing Reef,2022-06-21,08:19:00,obsr230624,2022-06-21 08:19:00,2022,6,21,8,19
178.4406066,-18.1619228,Great Crested Tern,Thalasseus bergii,NA,NA,21,NA,Suva Pt.--East of Fringing Reef,2022-06-11,11:54:00,obsr230624,2022-06-11 11:54:00,2022,6,11,11,54
178.423685,-18.137432,Great Crested Tern,Thalasseus bergii,NA,NA,10,NA,"Stinson Parade, Suva FJ-Fiji -18.13743, 178.42368",2022-06-06,14:55:00,obsr1169423,2022-06-06 14:55:00,2022,6,6,14,55
178.4406066,-18.1619228,Great Crested Tern,Thalasseus bergii,NA,NA,25,NA,Suva Pt.--East of Fringing Reef,2022-06-21,08:19:00,obsr230624,2022-06-21 08:19:00,2022,6,21,8,19
178.4406066,-18.1619228,Lesser Frigatebird,Fregata ariel,NA,NA,1,NA,Suva Pt.--East of Fringing Reef,2022-06-11,11:54:00,obsr230624,2022-06-11 11:54:00,2022,6,11,11,54
178.4406066,-18.1619228,Black-naped Tern,Sterna sumatrana,NA,NA,2,NA,Suva Pt.--East of Fringing Reef,2022-07-15,16:08:00,obsr230624,2022-07-15 16:08:00,2022,7,15,16,8
178.4406066,-18.1619228,Brown Booby,Sula leucogaster,NA,NA,2,NA,Suva Pt.--East of Fringing Reef,2022-07-15,16:08:00,obsr230624,2022-07-15 16:08:00,2022,7,15,16,8
178.4406066,-18.1619228,Great Crested Tern,Thalasseus bergii,NA,NA,41,NA,Suva Pt.--East of Fringing Reef,2022-07-15,16:08:00,obsr230624,2022-07-15 16:08:00,2022,7,15,16,8
178.4245252,-18.1488986,Great Crested Tern,Thalasseus bergii,NA,NA,1,NA,Thurston Gardens,2022-07-27,07:25:00,obsr318899,2022-07-27 07:25:00,2022,7,27,7,25
178.4486103,-18.1526009,Great Crested Tern,Thalasseus bergii,NA,NA,14,NA,Suva Pt.--University,2022-07-11,08:56:00,obsr659804,2022-07-11 08:56:00,2022,7,11,8,56
178.443976,-18.154312,Lesser Frigatebird,Fregata ariel,NA,NA,1,NA,"The University of the South Pacific, Suva FJ-Fiji -18.15431, 178.44398",2022-07-25,12:20:00,obsr318899,2022-07-25 12:20:00,2022,7,25,12,20
178.4406066,-18.1619228,Brown Booby,Sula leucogaster,NA,NA,1,NA,Suva Pt.--East of Fringing Reef,2022-08-07,10:00:00,obsr230624,2022-08-07 10:00:00,2022,8,7,10,0
178.4486103,-18.1526009,Great Crested Tern,Thalasseus bergii,NA,NA,3,NA,Suva Pt.--University,2022-08-24,07:06:00,obsr1448782,2022-08-24 07:06:00,2022,8,24,7,6
178.4406066,-18.1619228,Great Crested Tern,Thalasseus bergii,NA,NA,47,NA,Suva Pt.--East of Fringing Reef,2022-08-07,10:00:00,obsr230624,2022-08-07 10:00:00,2022,8,7,10,0
178.4249,-18.1494,Great Crested Tern,Thalasseus bergii,NA,NA,1,NA,Suva--Thurston Gardens,2022-08-18,07:05:00,obsr1448782,2022-08-18 07:05:00,2022,8,18,7,5
178.4249,-18.1494,Great Crested Tern,Thalasseus bergii,NA,NA,3,NA,Suva--Thurston Gardens,2022-08-20,09:51:00,obsr1448782,2022-08-20 09:51:00,2022,8,20,9,51
178.4406066,-18.1619228,Lesser Frigatebird,Fregata ariel,NA,NA,1,NA,Suva Pt.--East of Fringing Reef,2022-08-07,10:00:00,obsr230624,2022-08-07 10:00:00,2022,8,7,10,0
178.4245777,-18.1590806,Lesser Frigatebird,Fregata ariel,NA,NA,2,NA,Suva Pt.--Fringing Reef to Bowls Club,2022-08-20,14:39:00,obsr1448782,2022-08-20 14:39:00,2022,8,20,14,39
178.4249,-18.1494,Wedge-tailed Shearwater,Ardenna pacifica,NA,NA,1,NA,Suva--Thurston Gardens,2022-08-18,07:05:00,obsr1448782,2022-08-18 07:05:00,2022,8,18,7,5
178.224806,-18.937303,Brown Booby,Sula leucogaster,NA,NA,1,NA,Papageno Boat Mini-Pelagic,2022-08-03,07:24:00,obsr350685,2022-08-03 07:24:00,2022,8,3,7,24
178.2400868,-18.9666664,Brown Booby,Sula leucogaster,NA,NA,4,NA,Kadavu Island - Papageno Resort,2022-08-02,13:30:00,obsr350685,2022-08-02 13:30:00,2022,8,2,13,30
178.2400868,-18.9666664,Brown Booby,Sula leucogaster,NA,NA,3,NA,Kadavu Island - Papageno Resort,2022-08-04,06:25:00,obsr350685,2022-08-04 06:25:00,2022,8,4,6,25
178.2400868,-18.9666664,Brown Booby,Sula leucogaster,NA,NA,6,NA,Kadavu Island - Papageno Resort,2022-08-03,14:49:00,obsr350685,2022-08-03 14:49:00,2022,8,3,14,49
178.2400868,-18.9666664,Great Crested Tern,Thalasseus bergii,NA,NA,3,NA,Kadavu Island - Papageno Resort,2022-08-03,14:49:00,obsr350685,2022-08-03 14:49:00,2022,8,3,14,49
178.2400868,-18.9666664,Great Crested Tern,Thalasseus bergii,NA,NA,10,NA,Kadavu Island - Papageno Resort,2022-08-02,13:30:00,obsr634918,2022-08-02 13:30:00,2022,8,2,13,30
178.224806,-18.937303,Great Crested Tern,Thalasseus bergii,NA,NA,3,NA,Papageno Boat Mini-Pelagic,2022-08-03,07:24:00,obsr634918,2022-08-03 07:24:00,2022,8,3,7,24
178.2400868,-18.9666664,Great Crested Tern,Thalasseus bergii,NA,NA,12,NA,Kadavu Island - Papageno Resort,2022-08-04,06:25:00,obsr634918,2022-08-04 06:25:00,2022,8,4,6,25
178.2400868,-18.9666664,Great Frigatebird,Fregata minor,NA,NA,1,NA,Kadavu Island - Papageno Resort,2022-08-05,09:56:00,obsr634918,2022-08-05 09:56:00,2022,8,5,9,56
178.2400868,-18.9666664,Lesser Frigatebird,Fregata ariel,NA,NA,4,NA,Kadavu Island - Papageno Resort,2022-08-02,13:30:00,obsr634918,2022-08-02 13:30:00,2022,8,2,13,30
178.2400868,-18.9666664,Lesser Frigatebird,Fregata ariel,NA,NA,2,NA,Kadavu Island - Papageno Resort,2022-08-04,06:25:00,obsr634918,2022-08-04 06:25:00,2022,8,4,6,25
178.2400868,-18.9666664,Lesser Frigatebird,Fregata ariel,NA,NA,2,NA,Kadavu Island - Papageno Resort,2022-08-03,14:49:00,obsr350685,2022-08-03 14:49:00,2022,8,3,14,49
178.224806,-18.937303,Lesser Frigatebird,Fregata ariel,NA,NA,2,NA,Papageno Boat Mini-Pelagic,2022-08-03,07:24:00,obsr634918,2022-08-03 07:24:00,2022,8,3,7,24
178.2400868,-18.9666664,Red-footed Booby,Sula sula,NA,NA,15,NA,Kadavu Island - Papageno Resort,2022-08-02,13:30:00,obsr634918,2022-08-02 13:30:00,2022,8,2,13,30
178.224806,-18.937303,Red-footed Booby,Sula sula,NA,NA,3,NA,Papageno Boat Mini-Pelagic,2022-08-03,07:24:00,obsr634918,2022-08-03 07:24:00,2022,8,3,7,24
178.2400868,-18.9666664,Red-footed Booby,Sula sula,NA,NA,10,NA,Kadavu Island - Papageno Resort,2022-08-03,14:49:00,obsr350685,2022-08-03 14:49:00,2022,8,3,14,49
178.4234392,-18.1538724,Black-naped Tern,Sterna sumatrana,NA,NA,1,NA,Suva Harbour,2022-09-20,09:30:00,obsr1244841,2022-09-20 09:30:00,2022,9,20,9,30
178.422625,-18.145536,Black-naped Tern,Sterna sumatrana,NA,NA,1,NA,"Holiday Inn, Suva",2022-09-30,05:51:00,obsr284567,2022-09-30 05:51:00,2022,9,30,5,51
178.4353065,-18.1638557,Great Crested Tern,Thalasseus bergii,NA,NA,4,NA,Suva Pt.,2022-09-30,17:04:00,obsr747338,2022-09-30 17:04:00,2022,9,30,17,4
178.422625,-18.145536,Great Crested Tern,Thalasseus bergii,NA,NA,3,NA,"Holiday Inn, Suva",2022-09-30,05:51:00,obsr284567,2022-09-30 05:51:00,2022,9,30,5,51
178.4234392,-18.1538724,Great Crested Tern,Thalasseus bergii,NA,NA,6,NA,Suva Harbour,2022-09-09,09:20:00,obsr1244841,2022-09-09 09:20:00,2022,9,9,9,20
178.4245252,-18.1488986,Great Crested Tern,Thalasseus bergii,NA,NA,2,NA,Thurston Gardens,2022-09-28,17:30:00,obsr1448782,2022-09-28 17:30:00,2022,9,28,17,30
178.454833,-18.1494507,Great Crested Tern,Thalasseus bergii,NA,NA,1,NA,Suva Point,2022-09-13,15:30:00,obsr1244841,2022-09-13 15:30:00,2022,9,13,15,30
178.454833,-18.1494507,Great Crested Tern,Thalasseus bergii,NA,NA,1,NA,Suva Point,2022-09-19,11:20:00,obsr1244841,2022-09-19 11:20:00,2022,9,19,11,20
178.4245252,-18.1488986,Great Crested Tern,Thalasseus bergii,NA,NA,4,NA,Thurston Gardens,2022-09-29,17:23:00,obsr284567,2022-09-29 17:23:00,2022,9,29,17,23
178.4234392,-18.1538724,Great Crested Tern,Thalasseus bergii,NA,NA,5,NA,Suva Harbour,2022-09-20,09:30:00,obsr1244841,2022-09-20 09:30:00,2022,9,20,9,30
178.4249,-18.1494,Great Crested Tern,Thalasseus bergii,NA,NA,5,NA,Suva--Thurston Gardens,2022-09-07,07:46:00,obsr1448782,2022-09-07 07:46:00,2022,9,7,7,46
178.4353065,-18.1638557,Lesser Frigatebird,Fregata ariel,NA,NA,1,NA,Suva Pt.,2022-09-30,17:04:00,obsr747338,2022-09-30 17:04:00,2022,9,30,17,4
178.5031713,-18.844766,Brown Booby,Sula leucogaster,NA,NA,24,NA,"Eastern Division, FJ (-18,845, 178,503)",2022-09-08,17:24:00,obsr1519923,2022-09-08 17:24:00,2022,9,8,17,24
178.1711999,-18.9852503,Brown Booby,Sula leucogaster,NA,NA,1,NA,"Eastern Division, FJ (-18,985, 178,171)",2022-09-06,11:58:00,obsr1090635,2022-09-06 11:58:00,2022,9,6,11,58
178.5104942,-18.8863507,Great Crested Tern,Thalasseus bergii,NA,NA,1,NA,Ono Island--Oneta Resort,2022-09-08,10:09:00,obsr1090635,2022-09-08 10:09:00,2022,9,8,10,9
178.5104942,-18.8863507,Great Crested Tern,Thalasseus bergii,NA,NA,2,NA,Ono Island--Oneta Resort,2022-09-09,06:51:00,obsr1090635,2022-09-09 06:51:00,2022,9,9,6,51
178.5104942,-18.8863507,Great Crested Tern,Thalasseus bergii,NA,NA,2,NA,Ono Island--Oneta Resort,2022-09-06,17:02:00,obsr1090635,2022-09-06 17:02:00,2022,9,6,17,2
178.5104942,-18.8863507,Great Frigatebird,Fregata minor,NA,NA,7,F,Ono Island--Oneta Resort,2022-09-09,05:50:00,obsr1090635,2022-09-09 05:50:00,2022,9,9,5,50
178.5031713,-18.844766,Great Frigatebird,Fregata minor,NA,NA,34,NA,"Eastern Division, FJ (-18,845, 178,503)",2022-09-08,17:24:00,obsr1090635,2022-09-08 17:24:00,2022,9,8,17,24
178.5104942,-18.8863507,Lesser Frigatebird,Fregata ariel,NA,NA,7,NA,Ono Island--Oneta Resort,2022-09-07,06:20:00,obsr1519923,2022-09-07 06:20:00,2022,9,7,6,20
178.5104942,-18.8863507,Lesser Frigatebird,Fregata ariel,NA,NA,1,NA,Ono Island--Oneta Resort,2022-09-06,17:02:00,obsr1090635,2022-09-06 17:02:00,2022,9,6,17,2
178.5031713,-18.844766,Lesser Frigatebird,Fregata ariel,NA,NA,160,NA,"Eastern Division, FJ (-18,845, 178,503)",2022-09-08,17:24:00,obsr1519923,2022-09-08 17:24:00,2022,9,8,17,24
178.5104942,-18.8863507,Lesser Frigatebird,Fregata ariel,NA,NA,57,F,Ono Island--Oneta Resort,2022-09-09,05:50:00,obsr1090635,2022-09-09 05:50:00,2022,9,9,5,50
178.5104942,-18.8863507,Red-footed Booby,Sula sula,NA,NA,1,NA,Ono Island--Oneta Resort,2022-09-08,17:10:00,obsr1090635,2022-09-08 17:10:00,2022,9,8,17,10
178.5104942,-18.8863507,Red-footed Booby,Sula sula,NA,NA,2,F,Ono Island--Oneta Resort,2022-09-09,05:50:00,obsr1090635,2022-09-09 05:50:00,2022,9,9,5,50
178.5031713,-18.844766,Red-footed Booby,Sula sula,NA,NA,520,NA,"Eastern Division, FJ (-18,845, 178,503)",2022-09-08,17:24:00,obsr1090635,2022-09-08 17:24:00,2022,9,8,17,24
179.929637,-17.004368,Collared Petrel,Pterodroma brevipes,NA,NA,1,NA,Natoevu Bay,2022-09-19,10:54:00,obsr284567,2022-09-19 10:54:00,2022,9,19,10,54
179.929637,-17.004368,Red-footed Booby,Sula sula,NA,NA,2,NA,Natoevu Bay,2022-09-19,10:54:00,obsr284567,2022-09-19 10:54:00,2022,9,19,10,54
178.0684662,-18.2559258,Black-naped Tern,Sterna sumatrana,NA,NA,6,NA,"Pearl Resort, Pacific Harbour, Viti Levu",2022-10-10,15:30:00,obsr1482865,2022-10-10 15:30:00,2022,10,10,15,30
178.422273,-18.147283,Black-naped Tern,Sterna sumatrana,NA,NA,1,NA,"Grand Pacific Hotel, Suva FJ-Fiji -18.14728, 178.42227",2022-10-04,11:05:00,obsr747338,2022-10-04 11:05:00,2022,10,4,11,5
178.454833,-18.1494507,Black-naped Tern,Sterna sumatrana,NA,NA,3,C,Suva Point,2022-10-31,16:00:00,obsr1244841,2022-10-31 16:00:00,2022,10,31,16,0
178.4406066,-18.1619228,Black-naped Tern,Sterna sumatrana,NA,NA,3,NA,Suva Pt.--East of Fringing Reef,2022-10-31,07:22:00,obsr230624,2022-10-31 07:22:00,2022,10,31,7,22
178.422273,-18.147283,Brown Booby,Sula leucogaster,NA,NA,1,NA,"Grand Pacific Hotel, Suva FJ-Fiji -18.14728, 178.42227",2022-10-02,14:55:00,obsr747338,2022-10-02 14:55:00,2022,10,2,14,55
178.422273,-18.147283,Great Crested Tern,Thalasseus bergii,NA,NA,1,NA,"Grand Pacific Hotel, Suva FJ-Fiji -18.14728, 178.42227",2022-10-02,14:55:00,obsr747338,2022-10-02 14:55:00,2022,10,2,14,55
178.4234392,-18.1538724,Great Crested Tern,Thalasseus bergii,NA,NA,4,NA,Suva Harbour,2022-10-12,16:00:00,obsr1244841,2022-10-12 16:00:00,2022,10,12,16,0
178.0684662,-18.2559258,Great Crested Tern,Thalasseus bergii,NA,NA,1,NA,"Pearl Resort, Pacific Harbour, Viti Levu",2022-10-14,13:28:00,obsr1482865,2022-10-14 13:28:00,2022,10,14,13,28
178.4174538,-18.13117,Great Crested Tern,Thalasseus bergii,NA,NA,3,NA,Suva Harbor,2022-10-22,07:00:00,obsr335285,2022-10-22 07:00:00,2022,10,22,7,0
178.4249,-18.1494,Great Crested Tern,Thalasseus bergii,NA,NA,3,NA,Suva--Thurston Gardens,2022-10-22,09:54:00,obsr90271,2022-10-22 09:54:00,2022,10,22,9,54
178.454833,-18.1494507,Great Crested Tern,Thalasseus bergii,NA,NA,1,NA,Suva Point,2022-10-17,12:10:00,obsr1244841,2022-10-17 12:10:00,2022,10,17,12,10
178.4245252,-18.1488986,Great Crested Tern,Thalasseus bergii,NA,NA,1,NA,Thurston Gardens,2022-10-26,06:41:00,obsr1686607,2022-10-26 06:41:00,2022,10,26,6,41
178.4406066,-18.1619228,Great Crested Tern,Thalasseus bergii,NA,NA,14,NA,Suva Pt.--East of Fringing Reef,2022-10-31,07:22:00,obsr230624,2022-10-31 07:22:00,2022,10,31,7,22
178.0684662,-18.2559258,Great Crested Tern,Thalasseus bergii,NA,NA,1,NA,"Pearl Resort, Pacific Harbour, Viti Levu",2022-10-15,11:08:00,obsr1482865,2022-10-15 11:08:00,2022,10,15,11,8
178.0684662,-18.2559258,Great Crested Tern,Thalasseus bergii,NA,NA,1,NA,"Pearl Resort, Pacific Harbour, Viti Levu",2022-10-12,08:45:00,obsr1482865,2022-10-12 08:45:00,2022,10,12,8,45
178.454833,-18.1494507,Great Crested Tern,Thalasseus bergii,NA,NA,2,NA,Suva Point,2022-10-31,16:00:00,obsr1244841,2022-10-31 16:00:00,2022,10,31,16,0
178.0684662,-18.2559258,Great Crested Tern,Thalasseus bergii,NA,NA,1,NA,"Pearl Resort, Pacific Harbour, Viti Levu",2022-10-11,07:54:00,obsr1482865,2022-10-11 07:54:00,2022,10,11,7,54
178.0943871,-18.2498939,Great Crested Tern,Thalasseus bergii,NA,NA,1,NA,Uprising Resort,2022-10-11,14:41:00,obsr1482865,2022-10-11 14:41:00,2022,10,11,14,41
178.4249,-18.1494,Great Frigatebird,Fregata minor,NA,NA,1,NA,Suva--Thurston Gardens,2022-10-22,09:54:00,obsr90271,2022-10-22 09:54:00,2022,10,22,9,54
178.4174538,-18.13117,Great Frigatebird,Fregata minor,NA,NA,1,NA,Suva Harbor,2022-10-22,07:00:00,obsr335285,2022-10-22 07:00:00,2022,10,22,7,0
178.454833,-18.1494507,Lesser Frigatebird,Fregata ariel,NA,NA,3,NA,Suva Point,2022-10-17,12:10:00,obsr1244841,2022-10-17 12:10:00,2022,10,17,12,10
178.0684662,-18.2559258,Lesser Frigatebird,Fregata ariel,NA,NA,1,NA,"Pearl Resort, Pacific Harbour, Viti Levu",2022-10-15,11:08:00,obsr1482865,2022-10-15 11:08:00,2022,10,15,11,8
178.454833,-18.1494507,Lesser Frigatebird,Fregata ariel,NA,NA,1,NA,Suva Point,2022-10-31,16:00:00,obsr1244841,2022-10-31 16:00:00,2022,10,31,16,0
178.0684662,-18.2559258,Lesser Frigatebird,Fregata ariel,NA,NA,1,NA,"Pearl Resort, Pacific Harbour, Viti Levu",2022-10-10,14:44:00,obsr1482865,2022-10-10 14:44:00,2022,10,10,14,44
178.4249,-18.1494,Red-footed Booby,Sula sula,NA,NA,1,NA,Suva--Thurston Gardens,2022-10-22,09:54:00,obsr90271,2022-10-22 09:54:00,2022,10,22,9,54
178.4174538,-18.13117,Red-footed Booby,Sula sula,NA,NA,1,NA,Suva Harbor,2022-10-22,07:00:00,obsr335285,2022-10-22 07:00:00,2022,10,22,7,0
179.5405628,-18.2264319,Brown Noddy,Anous stolidus,NA,NA,1,NA,East of Suva,2022-10-21,17:00:00,obsr335285,2022-10-21 17:00:00,2022,10,21,17,0
178.4353065,-18.1638557,Black Noddy,Anous minutus,NA,NA,20,NA,Suva Pt.,2022-11-29,07:56:00,obsr29517,2022-11-29 07:56:00,2022,11,29,7,56
178.4245777,-18.1590806,Black-naped Tern,Sterna sumatrana,NA,NA,1,NA,Suva Pt.--Fringing Reef to Bowls Club,2022-11-29,08:24:00,obsr29517,2022-11-29 08:24:00,2022,11,29,8,24
178.4406066,-18.1619228,Black-naped Tern,Sterna sumatrana,NA,NA,3,NA,Suva Pt.--East of Fringing Reef,2022-11-14,07:00:00,obsr230624,2022-11-14 07:00:00,2022,11,14,7,0
178.4486103,-18.1526009,Black-naped Tern,Sterna sumatrana,NA,NA,1,NA,Suva Pt.--University,2022-11-29,07:32:00,obsr221678,2022-11-29 07:32:00,2022,11,29,7,32
178.4406066,-18.1619228,Black-naped Tern,Sterna sumatrana,NA,NA,2,NA,Suva Pt.--East of Fringing Reef,2022-11-05,12:27:00,obsr230624,2022-11-05 12:27:00,2022,11,5,12,27
178.4406066,-18.1619228,Black-naped Tern,Sterna sumatrana,NA,NA,2,NA,Suva Pt.--East of Fringing Reef,2022-11-06,13:08:00,obsr230624,2022-11-06 13:08:00,2022,11,6,13,8
178.4353065,-18.1638557,Bridled Tern,Onychoprion anaethetus,NA,NA,2,NA,Suva Pt.,2022-11-29,07:56:00,obsr29517,2022-11-29 07:56:00,2022,11,29,7,56
178.4486103,-18.1526009,Great Crested Tern,Thalasseus bergii,NA,NA,11,NA,Suva Pt.--University,2022-11-29,07:32:00,obsr29517,2022-11-29 07:32:00,2022,11,29,7,32
178.454833,-18.1494507,Great Crested Tern,Thalasseus bergii,NA,NA,2,NA,Suva Point,2022-11-15,16:00:00,obsr1244841,2022-11-15 16:00:00,2022,11,15,16,0
178.4406066,-18.1619228,Great Crested Tern,Thalasseus bergii,NA,NA,14,NA,Suva Pt.--East of Fringing Reef,2022-11-06,13:08:00,obsr230624,2022-11-06 13:08:00,2022,11,6,13,8
178.4353065,-18.1638557,Great Crested Tern,Thalasseus bergii,NA,NA,2,NA,Suva Pt.,2022-11-29,07:56:00,obsr29517,2022-11-29 07:56:00,2022,11,29,7,56
178.4406066,-18.1619228,Great Crested Tern,Thalasseus bergii,NA,NA,18,NA,Suva Pt.--East of Fringing Reef,2022-11-14,07:00:00,obsr230624,2022-11-14 07:00:00,2022,11,14,7,0
178.454833,-18.1494507,Great Crested Tern,Thalasseus bergii,NA,NA,1,NA,Suva Point,2022-11-29,07:08:00,obsr221678,2022-11-29 07:08:00,2022,11,29,7,8
178.4406066,-18.1619228,Great Crested Tern,Thalasseus bergii,NA,NA,110,NA,Suva Pt.--East of Fringing Reef,2022-11-05,12:27:00,obsr230624,2022-11-05 12:27:00,2022,11,5,12,27
178.454833,-18.1494507,Lesser Frigatebird,Fregata ariel,NA,NA,1,NA,Suva Point,2022-11-05,10:00:00,obsr1244841,2022-11-05 10:00:00,2022,11,5,10,0
178.4245777,-18.1590806,Lesser Frigatebird,Fregata ariel,NA,NA,1,NA,Suva Pt.--Fringing Reef to Bowls Club,2022-11-29,08:24:00,obsr221678,2022-11-29 08:24:00,2022,11,29,8,24
178.4406066,-18.1619228,Lesser Frigatebird,Fregata ariel,NA,NA,1,NA,Suva Pt.--East of Fringing Reef,2022-11-05,12:27:00,obsr230624,2022-11-05 12:27:00,2022,11,5,12,27
178.4353065,-18.1638557,Tropical Shearwater,Puffinus bailloni,NA,NA,1,NA,Suva Pt.,2022-11-29,07:56:00,obsr221678,2022-11-29 07:56:00,2022,11,29,7,56
178.836453,-17.684446,Red-footed Booby,Sula sula,NA,NA,2,NA,"Auto selected -17.68445, 178.83645",2022-11-05,09:24:00,obsr2782500,2022-11-05 09:24:00,2022,11,5,9,24
178.1750822,-17.3127441,Great Crested Tern,Thalasseus bergii,NA,NA,5,NA,Volivoli Resort,2022-11-29,14:46:00,obsr221678,2022-11-29 14:46:00,2022,11,29,14,46
178.253005,-17.380367,Lesser Frigatebird,Fregata ariel,NA,NA,2,NA,"Auto selected -17.38037, 178.25301",2022-11-29,14:18:00,obsr29517,2022-11-29 14:18:00,2022,11,29,14,18
178.240441,-17.485339,Lesser Frigatebird,Fregata ariel,NA,NA,6,NA,Navitilevu bay,2022-11-01,14:55:00,obsr1686607,2022-11-01 14:55:00,2022,11,1,14,55
178.1750822,-17.3127441,Lesser Frigatebird,Fregata ariel,NA,NA,1,NA,Volivoli Resort,2022-11-29,14:46:00,obsr29517,2022-11-29 14:46:00,2022,11,29,14,46
178.4406066,-18.1619228,Black-naped Tern,Sterna sumatrana,NA,NA,4,NA,Suva Pt.--East of Fringing Reef,2022-12-26,18:00:00,obsr230624,2022-12-26 18:00:00,2022,12,26,18,0
178.4249,-18.1494,Black-naped Tern,Sterna sumatrana,NA,NA,2,NA,Suva--Thurston Gardens,2022-12-15,14:30:00,obsr1333739,2022-12-15 14:30:00,2022,12,15,14,30
178.4486103,-18.1526009,Great Crested Tern,Thalasseus bergii,NA,NA,5,NA,Suva Pt.--University,2022-12-15,08:50:00,obsr438325,2022-12-15 08:50:00,2022,12,15,8,50
178.4406066,-18.1619228,Great Crested Tern,Thalasseus bergii,NA,NA,10,NA,Suva Pt.--East of Fringing Reef,2022-12-26,18:00:00,obsr230624,2022-12-26 18:00:00,2022,12,26,18,0
178.4249,-18.1494,Great Crested Tern,Thalasseus bergii,NA,NA,2,NA,Suva--Thurston Gardens,2022-12-06,15:50:00,obsr529970,2022-12-06 15:50:00,2022,12,6,15,50
178.4249,-18.1494,Lesser Frigatebird,Fregata ariel,NA,NA,3,NA,Suva--Thurston Gardens,2022-12-06,15:50:00,obsr529970,2022-12-06 15:50:00,2022,12,6,15,50
178.4236608,-18.1470627,Lesser Frigatebird,Fregata ariel,NA,NA,11,NA,"Albert Park, Suva",2022-12-31,15:15:00,obsr2721469,2022-12-31 15:15:00,2022,12,31,15,15
178.4245777,-18.1590806,Lesser Frigatebird,Fregata ariel,NA,NA,1,NA,Suva Pt.--Fringing Reef to Bowls Club,2022-12-15,11:54:00,obsr438325,2022-12-15 11:54:00,2022,12,15,11,54
178.4406066,-18.1619228,Great Crested Tern,Thalasseus bergii,NA,NA,25,NA,Suva Pt.--East of Fringing Reef,2023-01-22,14:40:00,obsr230624,2023-01-22 14:40:00,2023,1,22,14,40
178.4406066,-18.1619228,Great Crested Tern,Thalasseus bergii,NA,NA,20,NA,Suva Pt.--East of Fringing Reef,2023-01-02,10:50:00,obsr230624,2023-01-02 10:50:00,2023,1,2,10,50
178.4555897,-18.1503955,Great Crested Tern,Thalasseus bergii,NA,NA,20,NA,Suva NSC Breakwater,2023-01-03,16:30:00,obsr230624,2023-01-03 16:30:00,2023,1,3,16,30
178.4555897,-18.1503955,Great Crested Tern,Thalasseus bergii,NA,NA,31,NA,Suva NSC Breakwater,2023-01-13,11:10:00,obsr230624,2023-01-13 11:10:00,2023,1,13,11,10
178.055549,-18.481141,Black Noddy,Anous minutus,NA,NA,25,NA,"South Pacifc Ocean (-18.4811,178.0555)",2023-02-09,14:43:00,obsr337599,2023-02-09 14:43:00,2023,2,9,14,43
178.4406066,-18.1619228,Black-naped Tern,Sterna sumatrana,NA,NA,1,NA,Suva Pt.--East of Fringing Reef,2023-02-18,12:15:00,obsr230624,2023-02-18 12:15:00,2023,2,18,12,15
178.112511,-18.338239,Black-naped Tern,Sterna sumatrana,NA,NA,3,NA,"South Pacifc Ocean (-18.3382,178.1125)",2023-02-04,11:24:00,obsr337599,2023-02-04 11:24:00,2023,2,4,11,24
178.4245777,-18.1590806,Black-naped Tern,Sterna sumatrana,NA,NA,2,NA,Suva Pt.--Fringing Reef to Bowls Club,2023-02-02,16:07:00,obsr337599,2023-02-02 16:07:00,2023,2,2,16,7
178.4245777,-18.1590806,Black-naped Tern,Sterna sumatrana,NA,NA,2,NA,Suva Pt.--Fringing Reef to Bowls Club,2023-02-01,11:25:00,obsr337599,2023-02-01 11:25:00,2023,2,1,11,25
178.4245252,-18.1488986,Black-naped Tern,Sterna sumatrana,NA,NA,3,NA,Thurston Gardens,2023-02-01,10:47:00,obsr337599,2023-02-01 10:47:00,2023,2,1,10,47
178.055549,-18.481141,Black-naped Tern,Sterna sumatrana,NA,NA,55,NA,"South Pacifc Ocean (-18.4811,178.0555)",2023-02-09,14:43:00,obsr337599,2023-02-09 14:43:00,2023,2,9,14,43
178.055549,-18.481141,Bridled Tern,Onychoprion anaethetus,NA,NA,6,NA,"South Pacifc Ocean (-18.4811,178.0555)",2023-02-09,14:43:00,obsr337599,2023-02-09 14:43:00,2023,2,9,14,43
178.055549,-18.481141,Brown Booby,Sula leucogaster,NA,NA,2,NA,"South Pacifc Ocean (-18.4811,178.0555)",2023-02-09,14:43:00,obsr337599,2023-02-09 14:43:00,2023,2,9,14,43
178.091728,-18.408612,Brown Booby,Sula leucogaster,NA,NA,1,NA,"Auto selected -18.40861, 178.09173",2023-02-06,10:33:00,obsr337599,2023-02-06 10:33:00,2023,2,6,10,33
178.112511,-18.338239,Brown Booby,Sula leucogaster,NA,NA,2,NA,"South Pacifc Ocean (-18.3382,178.1125)",2023-02-04,11:24:00,obsr337599,2023-02-04 11:24:00,2023,2,4,11,24
178.055549,-18.481141,Brown Noddy,Anous stolidus,NA,NA,11,NA,"South Pacifc Ocean (-18.4811,178.0555)",2023-02-09,14:43:00,obsr337599,2023-02-09 14:43:00,2023,2,9,14,43
178.112511,-18.338239,Brown Noddy,Anous stolidus,NA,NA,1,NA,"South Pacifc Ocean (-18.3382,178.1125)",2023-02-04,11:24:00,obsr337599,2023-02-04 11:24:00,2023,2,4,11,24
178.112511,-18.338239,Great Crested Tern,Thalasseus bergii,NA,NA,2,NA,"South Pacifc Ocean (-18.3382,178.1125)",2023-02-04,11:24:00,obsr337599,2023-02-04 11:24:00,2023,2,4,11,24
178.055549,-18.481141,Great Crested Tern,Thalasseus bergii,NA,NA,25,NA,"South Pacifc Ocean (-18.4811,178.0555)",2023-02-09,14:43:00,obsr337599,2023-02-09 14:43:00,2023,2,9,14,43
178.4245777,-18.1590806,Great Crested Tern,Thalasseus bergii,NA,NA,4,NA,Suva Pt.--Fringing Reef to Bowls Club,2023-02-02,16:07:00,obsr337599,2023-02-02 16:07:00,2023,2,2,16,7
178.4406066,-18.1619228,Great Crested Tern,Thalasseus bergii,NA,NA,7,NA,Suva Pt.--East of Fringing Reef,2023-02-18,12:15:00,obsr230624,2023-02-18 12:15:00,2023,2,18,12,15
178.410387,-18.140208,Great Crested Tern,Thalasseus bergii,NA,NA,1,NA,"Levu Passage (-18.1402,178.4104)",2023-02-02,15:00:00,obsr318899,2023-02-02 15:00:00,2023,2,2,15,0
178.091728,-18.408612,Great Crested Tern,Thalasseus bergii,NA,NA,2,NA,"Auto selected -18.40861, 178.09173",2023-02-09,16:52:00,obsr337599,2023-02-09 16:52:00,2023,2,9,16,52
178.091728,-18.408612,Lesser Frigatebird,Fregata ariel,NA,NA,1,NA,"Auto selected -18.40861, 178.09173",2023-02-09,16:52:00,obsr337599,2023-02-09 16:52:00,2023,2,9,16,52
178.055549,-18.481141,Lesser Frigatebird,Fregata ariel,NA,NA,1,NA,"South Pacifc Ocean (-18.4811,178.0555)",2023-02-09,14:43:00,obsr337599,2023-02-09 14:43:00,2023,2,9,14,43
178.4245777,-18.1590806,Lesser Frigatebird,Fregata ariel,NA,NA,6,NA,Suva Pt.--Fringing Reef to Bowls Club,2023-02-02,16:07:00,obsr337599,2023-02-02 16:07:00,2023,2,2,16,7
178.422954,-18.138199,Lesser Frigatebird,Fregata ariel,NA,NA,5,NA,"Viti Levu (-18.1382,178.4230)",2023-02-22,17:00:00,obsr3919378,2023-02-22 17:00:00,2023,2,22,17,0
178.112511,-18.338239,Lesser Frigatebird,Fregata ariel,NA,NA,1,NA,"South Pacifc Ocean (-18.3382,178.1125)",2023-02-04,11:24:00,obsr337599,2023-02-04 11:24:00,2023,2,4,11,24
178.112511,-18.338239,Sooty Tern,Onychoprion fuscatus,NA,NA,1,NA,"South Pacifc Ocean (-18.3382,178.1125)",2023-02-04,11:24:00,obsr337599,2023-02-04 11:24:00,2023,2,4,11,24
178.324399,-18.230254,Black Noddy,Anous minutus,NA,NA,3,NA,Suva towards Beqa,2023-03-22,08:08:00,obsr37531,2023-03-22 08:08:00,2023,3,22,8,8
178.086809,-18.406912,Black-naped Tern,Sterna sumatrana,NA,NA,2,NA,Beqa,2023-03-25,12:40:00,obsr1141064,2023-03-25 12:40:00,2023,3,25,12,40
178.4406066,-18.1619228,Black-naped Tern,Sterna sumatrana,NA,NA,2,NA,Suva Pt.--East of Fringing Reef,2023-03-11,17:10:00,obsr230624,2023-03-11 17:10:00,2023,3,11,17,10
178.4406066,-18.1619228,Black-naped Tern,Sterna sumatrana,NA,NA,3,NA,Suva Pt.--East of Fringing Reef,2023-03-19,12:01:00,obsr230624,2023-03-19 12:01:00,2023,3,19,12,1
178.324399,-18.230254,Brown Noddy,Anous stolidus,NA,NA,6,NA,Suva towards Beqa,2023-03-22,08:08:00,obsr37531,2023-03-22 08:08:00,2023,3,22,8,8
178.105482,-18.420186,Great Crested Tern,Thalasseus bergii,NA,NA,1,NA,Naceva village,2023-03-25,11:08:00,obsr37531,2023-03-25 11:08:00,2023,3,25,11,8
178.4406066,-18.1619228,Great Crested Tern,Thalasseus bergii,NA,NA,6,NA,Suva Pt.--East of Fringing Reef,2023-03-19,12:01:00,obsr230624,2023-03-19 12:01:00,2023,3,19,12,1
178.324399,-18.230254,Great Crested Tern,Thalasseus bergii,NA,NA,2,NA,Suva towards Beqa,2023-03-22,08:08:00,obsr37531,2023-03-22 08:08:00,2023,3,22,8,8
178.091084,-18.408902,Great Crested Tern,Thalasseus bergii,NA,NA,1,NA,Lawaki Beach House,2023-03-22,15:40:00,obsr1157971,2023-03-22 15:40:00,2023,3,22,15,40
178.4406066,-18.1619228,Great Crested Tern,Thalasseus bergii,NA,NA,7,NA,Suva Pt.--East of Fringing Reef,2023-03-11,17:10:00,obsr230624,2023-03-11 17:10:00,2023,3,11,17,10
178.455356,-18.756285,Black Noddy,Anous minutus,NA,NA,2,NA,Approaching NE Kadavu,2023-03-23,06:25:00,obsr37531,2023-03-23 06:25:00,2023,3,23,6,25
178.5257973,-18.8166436,Black Noddy,Anous minutus,NA,NA,4,NA,Small rock near Buliya,2023-03-20,10:50:00,obsr6298161,2023-03-20 10:50:00,2023,3,20,10,50
178.5257973,-18.8166436,Black-naped Tern,Sterna sumatrana,NA,NA,15,NA,Small rock near Buliya,2023-03-20,10:50:00,obsr6298161,2023-03-20 10:50:00,2023,3,20,10,50
178.500576,-18.846979,Black-naped Tern,Sterna sumatrana,NA,NA,1,NA,"Auto selected -18.84698, 178.50058",2023-03-23,09:42:00,obsr1226951,2023-03-23 09:42:00,2023,3,23,9,42
178.503208,-18.844559,Black-naped Tern,Sterna sumatrana,NA,NA,6,NA,Yambu island,2023-03-23,10:04:00,obsr37531,2023-03-23 10:04:00,2023,3,23,10,4
178.503208,-18.844559,Brown Booby,Sula leucogaster,NA,NA,18,NA,Yambu island,2023-03-26,08:16:00,obsr37531,2023-03-26 08:16:00,2023,3,26,8,16
178.455356,-18.756285,Brown Booby,Sula leucogaster,NA,NA,1,NA,Approaching NE Kadavu,2023-03-23,06:25:00,obsr37531,2023-03-23 06:25:00,2023,3,23,6,25
178.503208,-18.844559,Brown Booby,Sula leucogaster,NA,NA,14,NA,Yambu island,2023-03-23,10:04:00,obsr37531,2023-03-23 10:04:00,2023,3,23,10,4
178.501772,-18.846991,Brown Booby,Sula leucogaster,NA,NA,20,NA,Yabu Island Zodiac Cruise,2023-03-26,08:44:00,obsr1141064,2023-03-26 08:44:00,2023,3,26,8,44
178.500576,-18.846979,Brown Booby,Sula leucogaster,NA,NA,30,NA,"Auto selected -18.84698, 178.50058",2023-03-23,09:42:00,obsr1226951,2023-03-23 09:42:00,2023,3,23,9,42
178.496647,-18.849687,Brown Booby,Sula leucogaster,NA,NA,50,NA,Yuba Island,2023-03-26,08:23:00,obsr1157971,2023-03-26 08:23:00,2023,3,26,8,23
178.5257973,-18.8166436,Brown Noddy,Anous stolidus,NA,NA,3,NA,Small rock near Buliya,2023-03-20,10:50:00,obsr6298161,2023-03-20 10:50:00,2023,3,20,10,50
178.503208,-18.844559,Great Crested Tern,Thalasseus bergii,NA,NA,1,NA,Yambu island,2023-03-23,10:04:00,obsr37531,2023-03-23 10:04:00,2023,3,23,10,4
178.455356,-18.756285,Great Crested Tern,Thalasseus bergii,NA,NA,2,NA,Approaching NE Kadavu,2023-03-23,06:25:00,obsr37531,2023-03-23 06:25:00,2023,3,23,6,25
178.503208,-18.844559,Great Crested Tern,Thalasseus bergii,NA,NA,1,NA,Yambu island,2023-03-26,08:16:00,obsr37531,2023-03-26 08:16:00,2023,3,26,8,16
178.5257973,-18.8166436,Great Crested Tern,Thalasseus bergii,NA,NA,11,NA,Small rock near Buliya,2023-03-20,10:50:00,obsr6298161,2023-03-20 10:50:00,2023,3,20,10,50
178.500576,-18.846979,Great Frigatebird,Fregata minor,NA,NA,5,NA,"Auto selected -18.84698, 178.50058",2023-03-23,09:42:00,obsr1226951,2023-03-23 09:42:00,2023,3,23,9,42
178.503208,-18.844559,Great Frigatebird,Fregata minor,NA,NA,2,NA,Yambu island,2023-03-23,10:04:00,obsr37531,2023-03-23 10:04:00,2023,3,23,10,4
178.494363,-18.868041,Great Frigatebird,Fregata minor,NA,NA,1,NA,Bay on north of Ono,2023-03-23,08:50:00,obsr37531,2023-03-23 08:50:00,2023,3,23,8,50
178.503208,-18.844559,Lesser Frigatebird,Fregata ariel,NA,NA,12,NA,Yambu island,2023-03-23,10:04:00,obsr37531,2023-03-23 10:04:00,2023,3,23,10,4
178.494363,-18.868041,Lesser Frigatebird,Fregata ariel,NA,NA,7,NA,Bay on north of Ono,2023-03-23,08:50:00,obsr37531,2023-03-23 08:50:00,2023,3,23,8,50
178.455356,-18.756285,Lesser Frigatebird,Fregata ariel,NA,NA,2,NA,Approaching NE Kadavu,2023-03-23,06:25:00,obsr37531,2023-03-23 06:25:00,2023,3,23,6,25
178.500576,-18.846979,Lesser Frigatebird,Fregata ariel,NA,NA,40,NA,"Auto selected -18.84698, 178.50058",2023-03-23,09:42:00,obsr1226951,2023-03-23 09:42:00,2023,3,23,9,42
178.455356,-18.756285,Red-footed Booby,Sula sula,NA,NA,7,NA,Approaching NE Kadavu,2023-03-23,06:25:00,obsr37531,2023-03-23 06:25:00,2023,3,23,6,25
178.503208,-18.844559,Red-footed Booby,Sula sula,NA,NA,200,NA,Yambu island,2023-03-26,08:16:00,obsr37531,2023-03-26 08:16:00,2023,3,26,8,16
178.494363,-18.868041,Red-footed Booby,Sula sula,NA,NA,3,NA,Bay on north of Ono,2023-03-23,08:50:00,obsr37531,2023-03-23 08:50:00,2023,3,23,8,50
178.500576,-18.846979,Red-footed Booby,Sula sula,NA,NA,150,NA,"Auto selected -18.84698, 178.50058",2023-03-23,09:42:00,obsr1226951,2023-03-23 09:42:00,2023,3,23,9,42
178.496647,-18.849687,Red-footed Booby,Sula sula,NA,NA,50,NA,Yuba Island,2023-03-26,08:23:00,obsr1157971,2023-03-26 08:23:00,2023,3,26,8,23
178.501772,-18.846991,Red-footed Booby,Sula sula,NA,NA,200,NA,Yabu Island Zodiac Cruise,2023-03-26,08:44:00,obsr1141064,2023-03-26 08:44:00,2023,3,26,8,44
178.503208,-18.844559,Red-footed Booby,Sula sula,NA,NA,400,NA,Yambu island,2023-03-23,10:04:00,obsr37531,2023-03-23 10:04:00,2023,3,23,10,4
178.501772,-18.846991,White-tailed Tropicbird,Phaethon lepturus,NA,NA,1,NA,Yabu Island Zodiac Cruise,2023-03-26,08:44:00,obsr1141064,2023-03-26 08:44:00,2023,3,26,8,44
178.4406066,-18.1619228,Black-naped Tern,Sterna sumatrana,NA,NA,3,NA,Suva Pt.--East of Fringing Reef,2023-04-02,11:36:00,obsr230624,2023-04-02 11:36:00,2023,4,2,11,36
178.4406066,-18.1619228,Great Crested Tern,Thalasseus bergii,NA,NA,36,NA,Suva Pt.--East of Fringing Reef,2023-04-22,16:45:00,obsr230624,2023-04-22 16:45:00,2023,4,22,16,45
178.4406066,-18.1619228,Great Crested Tern,Thalasseus bergii,NA,NA,19,NA,Suva Pt.--East of Fringing Reef,2023-04-02,11:36:00,obsr230624,2023-04-02 11:36:00,2023,4,2,11,36
178.471,-18.758,Brown Booby,Sula leucogaster,NA,NA,3,NA,SC02,2023-04-05,17:00:00,obsr230624,2023-04-05 17:00:00,2023,4,5,17,0
178.471,-18.758,Great Crested Tern,Thalasseus bergii,NA,NA,1,NA,SC02,2023-04-05,07:10:00,obsr230624,2023-04-05 07:10:00,2023,4,5,7,10
178.471,-18.758,Lesser Frigatebird,Fregata ariel,NA,NA,2,NA,SC02,2023-04-05,07:10:00,obsr230624,2023-04-05 07:10:00,2023,4,5,7,10
178.418,-18.758,Lesser Frigatebird,Fregata ariel,NA,NA,1,NA,Offshore Dravuni,2023-04-05,06:55:00,obsr230624,2023-04-05 06:55:00,2023,4,5,6,55
178.5203004,-18.7624694,Lesser Frigatebird,Fregata ariel,NA,NA,2,NA,Dravuni Island,2023-04-05,09:05:00,obsr230624,2023-04-05 09:05:00,2023,4,5,9,5
178.418,-18.758,Red-footed Booby,Sula sula,NA,NA,9,NA,Offshore Dravuni,2023-04-05,06:55:00,obsr230624,2023-04-05 06:55:00,2023,4,5,6,55
178.5203004,-18.7624694,Red-footed Booby,Sula sula,NA,NA,1,NA,Dravuni Island,2023-04-04,10:00:00,obsr739250,2023-04-04 10:00:00,2023,4,4,10,0
178.471,-18.758,Red-footed Booby,Sula sula,NA,NA,25,NA,SC02,2023-04-05,17:00:00,obsr230624,2023-04-05 17:00:00,2023,4,5,17,0
178.549292,-17.627474,Great Crested Tern,Thalasseus bergii,NA,NA,2,NA,Qelekuro Village,2023-05-27,10:17:00,obsr1347339,2023-05-27 10:17:00,2023,5,27,10,17
178.1003068,-18.4129924,Black-naped Tern,Sterna sumatrana,NA,NA,1,NA,Beqa Hike,2023-06-28,14:48:00,obsr37531,2023-06-28 14:48:00,2023,6,28,14,48
178.7220454,-17.8080852,Brown Noddy,Anous stolidus,NA,NA,9,NA,Leleuvia,2023-06-11,06:37:00,obsr2513391,2023-06-11 06:37:00,2023,6,11,6,37
178.4245777,-18.1590806,Great Crested Tern,Thalasseus bergii,NA,NA,2,NA,Suva Pt.--Fringing Reef to Bowls Club,2023-06-07,06:39:00,obsr1468891,2023-06-07 06:39:00,2023,6,7,6,39
178.4486103,-18.1526009,Great Crested Tern,Thalasseus bergii,NA,NA,5,NA,Suva Pt.--University,2023-06-28,13:03:00,obsr3097987,2023-06-28 13:03:00,2023,6,28,13,3
178.4226787,-18.1398365,Great Crested Tern,Thalasseus bergii,NA,NA,1,NA,Ratu Sakuna Park,2023-06-04,15:05:00,obsr1468891,2023-06-04 15:05:00,2023,6,4,15,5
178.4245777,-18.1590806,Great Crested Tern,Thalasseus bergii,NA,NA,3,NA,Suva Pt.--Fringing Reef to Bowls Club,2023-06-13,10:00:00,obsr765185,2023-06-13 10:00:00,2023,6,13,10,0
178.4249,-18.1494,Great Crested Tern,Thalasseus bergii,NA,NA,12,NA,Suva--Thurston Gardens,2023-06-04,10:09:00,obsr1468891,2023-06-04 10:09:00,2023,6,4,10,9
178.4219229,-18.147154,Great Crested Tern,Thalasseus bergii,NA,NA,2,NA,"584 - 618 Victoria Parade, Suva, Central Division, FJ (-18.147, 178.422)",2023-06-27,12:42:00,obsr3097987,2023-06-27 12:42:00,2023,6,27,12,42
178.4353065,-18.1638557,Great Crested Tern,Thalasseus bergii,NA,NA,2,NA,Suva Pt.,2023-06-28,11:55:00,obsr3097987,2023-06-28 11:55:00,2023,6,28,11,55
178.648102,-17.893978,Great Crested Tern,Thalasseus bergii,NA,NA,1,NA,"Auto selected -17.89398, 178.64810",2023-06-09,15:49:00,obsr741272,2023-06-09 15:49:00,2023,6,9,15,49
178.1003068,-18.4129924,Great Crested Tern,Thalasseus bergii,NA,NA,2,NA,Beqa Hike,2023-06-28,14:48:00,obsr37531,2023-06-28 14:48:00,2023,6,28,14,48
178.4353065,-18.1638557,Great Crested Tern,Thalasseus bergii,NA,NA,9,NA,Suva Pt.,2023-06-08,13:51:00,obsr1468891,2023-06-08 13:51:00,2023,6,8,13,51
178.4245777,-18.1590806,Great Crested Tern,Thalasseus bergii,NA,NA,4,NA,Suva Pt.--Fringing Reef to Bowls Club,2023-06-05,16:45:00,obsr1468891,2023-06-05 16:45:00,2023,6,5,16,45
178.4245777,-18.1590806,Great Crested Tern,Thalasseus bergii,NA,NA,6,NA,Suva Pt.--Fringing Reef to Bowls Club,2023-06-28,11:16:00,obsr3097987,2023-06-28 11:16:00,2023,6,28,11,16
178.7220454,-17.8080852,Lesser Frigatebird,Fregata ariel,NA,NA,1,NA,Leleuvia,2023-06-11,06:37:00,obsr2513391,2023-06-11 06:37:00,2023,6,11,6,37
178.4245777,-18.1590806,Lesser Frigatebird,Fregata ariel,NA,NA,1,NA,Suva Pt.--Fringing Reef to Bowls Club,2023-06-07,06:39:00,obsr1468891,2023-06-07 06:39:00,2023,6,7,6,39
178.4249,-18.1494,Lesser Frigatebird,Fregata ariel,NA,NA,1,NA,Suva--Thurston Gardens,2023-06-04,10:09:00,obsr1468891,2023-06-04 10:09:00,2023,6,4,10,9
178.091249,-18.408582,Red-footed Booby,Sula sula,NA,NA,1,NA,Lawaki resort,2023-06-28,11:31:00,obsr37531,2023-06-28 11:31:00,2023,6,28,11,31
178.503208,-18.844559,Black-naped Tern,Sterna sumatrana,NA,NA,2,NA,Yambu island,2023-06-27,09:20:00,obsr37531,2023-06-27 09:20:00,2023,6,27,9,20
178.515173,-18.862073,Black-naped Tern,Sterna sumatrana,NA,NA,2,NA,"Auto selected -18.86207, 178.51517",2023-06-27,09:00:00,obsr3106467,2023-06-27 09:00:00,2023,6,27,9,0
178.503208,-18.844559,Brown Booby,Sula leucogaster,NA,NA,20,NA,Yambu island,2023-06-27,09:20:00,obsr37531,2023-06-27 09:20:00,2023,6,27,9,20
178.503208,-18.844559,Lesser Frigatebird,Fregata ariel,NA,NA,4,NA,Yambu island,2023-06-27,09:20:00,obsr37531,2023-06-27 09:20:00,2023,6,27,9,20
178.515173,-18.862073,Red-footed Booby,Sula sula,NA,NA,50,NA,"Auto selected -18.86207, 178.51517",2023-06-27,09:00:00,obsr3106467,2023-06-27 09:00:00,2023,6,27,9,0
178.503208,-18.844559,Red-footed Booby,Sula sula,NA,NA,250,ON,Yambu island,2023-06-27,09:20:00,obsr37531,2023-06-27 09:20:00,2023,6,27,9,20
178.1750822,-17.3127441,Brown Noddy,Anous stolidus,NA,NA,1,NA,Volivoli Resort,2023-06-14,21:22:00,obsr4020972,2023-06-14 21:22:00,2023,6,14,21,22
178.4684372,-17.3195042,Red-footed Booby,Sula sula,NA,NA,1,NA,Vatu-i-Ra,2023-06-14,11:30:00,obsr2513391,2023-06-14 11:30:00,2023,6,14,11,30
178.1036353,-18.3808364,Brown Booby,Sula leucogaster,NA,NA,1,NA,Beqa Lagoon Resort,2023-07-28,17:18:00,obsr533838,2023-07-28 17:18:00,2023,7,28,17,18
178.0684662,-18.2559258,Brown Booby,Sula leucogaster,NA,NA,1,NA,"Pearl Resort, Pacific Harbour, Viti Levu",2023-07-08,08:44:00,obsr2589678,2023-07-08 08:44:00,2023,7,8,8,44
178.0684662,-18.2559258,Great Crested Tern,Thalasseus bergii,NA,NA,1,NA,"Pearl Resort, Pacific Harbour, Viti Levu",2023-07-08,08:44:00,obsr2589678,2023-07-08 08:44:00,2023,7,8,8,44
178.549292,-17.627474,Lesser Frigatebird,Fregata ariel,NA,NA,1,NA,Qelekuro Village,2023-07-09,08:45:00,obsr1409903,2023-07-09 08:45:00,2023,7,9,8,45
178.0684662,-18.2559258,Lesser Frigatebird,Fregata ariel,NA,NA,1,NA,"Pearl Resort, Pacific Harbour, Viti Levu",2023-07-08,08:44:00,obsr2589678,2023-07-08 08:44:00,2023,7,8,8,44
179.240543,-18.000044,Great Crested Tern,Thalasseus bergii,NA,NA,8,NA,"Ngau FJ-Fiji (-18.0000,179.2405)",2023-07-05,16:30:00,obsr3106467,2023-07-05 16:30:00,2023,7,5,16,30
178.1594583,-18.9929733,Brown Booby,Sula leucogaster,NA,NA,1,NA,"FJ (-18.993, 178.159)",2023-08-16,09:20:00,obsr152472,2023-08-16 09:20:00,2023,8,16,9,20
178.2400868,-18.9666664,Great Crested Tern,Thalasseus bergii,NA,NA,5,NA,Kadavu Island - Papageno Resort,2023-08-14,13:30:00,obsr152472,2023-08-14 13:30:00,2023,8,14,13,30
178.1594583,-18.9929733,Great Crested Tern,Thalasseus bergii,NA,NA,5,NA,"FJ (-18.993, 178.159)",2023-08-16,09:20:00,obsr152472,2023-08-16 09:20:00,2023,8,16,9,20
178.8269199,-18.1229821,Black Noddy,Anous minutus,NA,NA,2,NA,"FJ (-18.123, 178.827)",2023-09-21,12:01:00,obsr293445,2023-09-21 12:01:00,2023,9,21,12,1
178.8269199,-18.1229821,Black Noddy,Anous minutus,NA,NA,1,NA,"FJ (-18.123, 178.827)",2023-09-13,10:03:00,obsr293445,2023-09-13 10:03:00,2023,9,13,10,3
178.9372213,-18.0749341,Black Noddy,Anous minutus,NA,NA,1,NA,"FJ (-18.075, 178.937)",2023-09-21,11:01:00,obsr293445,2023-09-21 11:01:00,2023,9,21,11,1
178.6731309,-18.1831957,Black Noddy,Anous minutus,NA,NA,200,NA,"FJ (-18.183, 178.673)",2023-09-21,13:26:00,obsr293445,2023-09-21 13:26:00,2023,9,21,13,26
178.7695137,-18.1463999,Black Noddy,Anous minutus,NA,NA,4,NA,"FJ (-18.146, 178.77)",2023-09-21,12:35:00,obsr293445,2023-09-21 12:35:00,2023,9,21,12,35
178.4406066,-18.1619228,Brown Booby,Sula leucogaster,NA,NA,1,NA,Suva Pt.--East of Fringing Reef,2023-09-02,16:10:00,obsr230624,2023-09-02 16:10:00,2023,9,2,16,10
178.9372213,-18.0749341,Brown Booby,Sula leucogaster,NA,NA,1,NA,"FJ (-18.075, 178.937)",2023-09-21,11:01:00,obsr293445,2023-09-21 11:01:00,2023,9,21,11,1
178.8269199,-18.1229821,Brown Booby,Sula leucogaster,NA,NA,1,NA,"FJ (-18.123, 178.827)",2023-09-13,10:03:00,obsr293445,2023-09-13 10:03:00,2023,9,13,10,3
178.549526,-17.627652,Brown Booby,Sula leucogaster,NA,NA,1,NA,"Qelekuro Village, Viti Levu FJ-Fiji (-17.6277,178.5495)",2023-09-14,13:35:00,obsr1347339,2023-09-14 13:35:00,2023,9,14,13,35
178.4406066,-18.1619228,Brown Booby,Sula leucogaster,NA,NA,1,NA,Suva Pt.--East of Fringing Reef,2023-09-16,15:35:00,obsr230624,2023-09-16 15:35:00,2023,9,16,15,35
178.4406066,-18.1619228,Great Crested Tern,Thalasseus bergii,NA,NA,13,NA,Suva Pt.--East of Fringing Reef,2023-09-16,15:35:00,obsr230624,2023-09-16 15:35:00,2023,9,16,15,35
178.4406066,-18.1619228,Great Crested Tern,Thalasseus bergii,NA,NA,18,NA,Suva Pt.--East of Fringing Reef,2023-09-30,15:00:00,obsr230624,2023-09-30 15:00:00,2023,9,30,15,0
178.4406066,-18.1619228,Great Crested Tern,Thalasseus bergii,NA,NA,38,NA,Suva Pt.--East of Fringing Reef,2023-09-24,09:45:00,obsr230624,2023-09-24 09:45:00,2023,9,24,9,45
178.4406066,-18.1619228,Great Crested Tern,Thalasseus bergii,NA,NA,23,NA,Suva Pt.--East of Fringing Reef,2023-09-02,16:10:00,obsr230624,2023-09-02 16:10:00,2023,9,2,16,10
178.4406066,-18.1619228,Lesser Frigatebird,Fregata ariel,NA,NA,2,NA,Suva Pt.--East of Fringing Reef,2023-09-30,15:00:00,obsr230624,2023-09-30 15:00:00,2023,9,30,15,0
178.4406066,-18.1619228,Lesser Frigatebird,Fregata ariel,NA,NA,2,NA,Suva Pt.--East of Fringing Reef,2023-09-24,09:45:00,obsr230624,2023-09-24 09:45:00,2023,9,24,9,45
178.4406066,-18.1619228,Lesser Frigatebird,Fregata ariel,NA,NA,1,NA,Suva Pt.--East of Fringing Reef,2023-09-16,15:35:00,obsr230624,2023-09-16 15:35:00,2023,9,16,15,35
178.8810943,-18.1004075,Red-footed Booby,Sula sula,NA,NA,1,NA,"FJ (-18.1, 178.881)",2023-09-13,10:40:00,obsr293445,2023-09-13 10:40:00,2023,9,13,10,40
178.8269199,-18.1229821,Red-footed Booby,Sula sula,NA,NA,7,NA,"FJ (-18.123, 178.827)",2023-09-13,10:03:00,obsr293445,2023-09-13 10:03:00,2023,9,13,10,3
178.7695137,-18.1463999,Red-footed Booby,Sula sula,NA,NA,3,NA,"FJ (-18.146, 178.77)",2023-09-21,12:35:00,obsr293445,2023-09-21 12:35:00,2023,9,21,12,35
178.8269199,-18.1229821,Red-footed Booby,Sula sula,NA,NA,3,NA,"FJ (-18.123, 178.827)",2023-09-21,12:01:00,obsr293445,2023-09-21 12:01:00,2023,9,21,12,1
178.9372213,-18.0749341,Red-footed Booby,Sula sula,NA,NA,24,NA,"FJ (-18.075, 178.937)",2023-09-21,11:01:00,obsr293445,2023-09-21 11:01:00,2023,9,21,11,1
178.6731309,-18.1831957,Sooty Shearwater,Ardenna grisea,NA,NA,7,NA,"FJ (-18.183, 178.673)",2023-09-21,13:26:00,obsr293445,2023-09-21 13:26:00,2023,9,21,13,26
179.0140344,-18.0181613,Black Noddy,Anous minutus,NA,NA,20,NA,Koro Sea - chum site 6,2023-09-19,14:18:00,obsr293445,2023-09-19 14:18:00,2023,9,19,14,18
179.4638606,-18.1223276,Black Noddy,Anous minutus,NA,NA,6,NA,"Koro Sea, SE Gau - chum site 4.",2023-09-17,15:59:00,obsr293445,2023-09-17 15:59:00,2023,9,17,15,59
179.1734742,-17.9786102,Black Noddy,Anous minutus,NA,NA,3,NA,"FJ (-17.979, 179.173)",2023-09-13,14:03:00,obsr293445,2023-09-13 14:03:00,2023,9,13,14,3
179.2499308,-18.1798373,Black Noddy,Anous minutus,NA,NA,2,NA,"Koro Sea, SW Gau - Chum Site 3",2023-09-16,12:17:00,obsr293445,2023-09-16 12:17:00,2023,9,16,12,17
179.2438993,-18.1902796,Black Noddy,Anous minutus,NA,NA,1,NA,"Koro Sea, SW Gau - Chum Site 1",2023-09-14,11:57:00,obsr293445,2023-09-14 11:57:00,2023,9,14,11,57
179.3188575,-17.9165745,Black Noddy,Anous minutus,NA,NA,2,NA,"FJ (-17.917, 179.319)",2023-09-17,09:26:00,obsr293445,2023-09-17 09:26:00,2023,9,17,9,26
179.0091513,-18.0321954,Black Noddy,Anous minutus,NA,NA,3,NA,"FJ (-18.032, 179.009)",2023-09-13,12:17:00,obsr293445,2023-09-13 12:17:00,2023,9,13,12,17
179.2048897,-18.1274308,Black Noddy,Anous minutus,NA,NA,22,NA,"FJ (-18.127, 179.205)",2023-09-16,11:25:00,obsr293445,2023-09-16 11:25:00,2023,9,16,11,25
179.2137464,-17.9460323,Black Noddy,Anous minutus,NA,NA,3,NA,"FJ (-17.946, 179.214)",2023-09-19,10:14:00,obsr293445,2023-09-19 10:14:00,2023,9,19,10,14
179.2060248,-17.9845764,Black Noddy,Anous minutus,NA,NA,18,NA,"FJ (-17.985, 179.206)",2023-09-16,09:49:00,obsr293445,2023-09-16 09:49:00,2023,9,16,9,49
179.1795369,-18.0714915,Black Noddy,Anous minutus,NA,NA,200,NA,"FJ (-18.071, 179.18)",2023-09-16,10:53:00,obsr293445,2023-09-16 10:53:00,2023,9,16,10,53
179.217247,-17.9710762,Black Noddy,Anous minutus,NA,NA,2,NA,"FJ (-17.971, 179.217)",2023-09-15,14:12:00,obsr293445,2023-09-15 14:12:00,2023,9,15,14,12
179.1763877,-18.0082477,Black Noddy,Anous minutus,NA,NA,1,NA,"FJ (-18.008, 179.176)",2023-09-14,07:53:00,obsr293445,2023-09-14 07:53:00,2023,9,14,7,53
179.1898484,-18.2132825,Black Noddy,Anous minutus,NA,NA,1,NA,"FJ (-18.213, 179.19)",2023-09-14,10:00:00,obsr293445,2023-09-14 10:00:00,2023,9,14,10,0
179.1713014,-18.0208334,Black Noddy,Anous minutus,NA,NA,13,NA,"FJ (-18.021, 179.171)",2023-09-16,10:21:00,obsr293445,2023-09-16 10:21:00,2023,9,16,10,21
179.1879152,-17.9673259,Black Noddy,Anous minutus,NA,NA,2,NA,"Koro Sea, W Gau - Chum Site 2",2023-09-15,16:01:00,obsr293445,2023-09-15 16:01:00,2023,9,15,16,1
179.4001852,-18.1318654,Black Noddy,Anous minutus,NA,NA,1,NA,"FJ (-18.132, 179.4)",2023-09-17,12:04:00,obsr293445,2023-09-17 12:04:00,2023,9,17,12,4
179.1222772,-17.9958821,Black Noddy,Anous minutus,NA,NA,8,NA,"FJ (-17.996, 179.122)",2023-09-13,13:32:00,obsr293445,2023-09-13 13:32:00,2023,9,13,13,32
179.2470991,-17.9420337,Black Noddy,Anous minutus,NA,NA,40,NA,"FJ (-17.942, 179.247)",2023-09-13,14:51:00,obsr293445,2023-09-13 14:51:00,2023,9,13,14,51
179.1681297,-18.0650983,Black Noddy,Anous minutus,NA,NA,1,NA,"FJ (-18.065, 179.168)",2023-09-14,08:23:00,obsr293445,2023-09-14 08:23:00,2023,9,14,8,23
178.2400868,-18.9666664,Black-naped Tern,Sterna sumatrana,NA,NA,6,NA,Kadavu Island - Papageno Resort,2023-09-18,11:00:00,obsr353030,2023-09-18 11:00:00,2023,9,18,11,0
179.1696333,-17.9769451,Bridled Tern,Onychoprion anaethetus,NA,NA,1,NA,"FJ (-17.977, 179.17)",2023-09-19,10:45:00,obsr293445,2023-09-19 10:45:00,2023,9,19,10,45
179.4638606,-18.1223276,Bridled Tern,Onychoprion anaethetus,NA,NA,3,NA,"Koro Sea, SE Gau - chum site 4.",2023-09-17,16:31:00,obsr293445,2023-09-17 16:31:00,2023,9,17,16,31
179.0091513,-18.0321954,Bridled Tern,Onychoprion anaethetus,NA,NA,1,NA,"FJ (-18.032, 179.009)",2023-09-21,10:21:00,obsr293445,2023-09-21 10:21:00,2023,9,21,10,21
179.0140344,-18.0181613,Bridled Tern,Onychoprion anaethetus,NA,NA,5,NA,Koro Sea - chum site 6,2023-09-19,14:49:00,obsr293445,2023-09-19 14:49:00,2023,9,19,14,49
179.2060248,-17.9845764,Bridled Tern,Onychoprion anaethetus,NA,NA,1,NA,"FJ (-17.985, 179.206)",2023-09-16,09:49:00,obsr293445,2023-09-16 09:49:00,2023,9,16,9,49
179.2470991,-17.9420337,Brown Booby,Sula leucogaster,NA,NA,5,NA,"FJ (-17.942, 179.247)",2023-09-13,14:51:00,obsr293445,2023-09-13 14:51:00,2023,9,13,14,51
179.4638606,-18.1223276,Brown Booby,Sula leucogaster,NA,NA,4,NA,"Koro Sea, SE Gau - chum site 4.",2023-09-17,15:59:00,obsr293445,2023-09-17 15:59:00,2023,9,17,15,59
179.0140344,-18.0181613,Brown Booby,Sula leucogaster,NA,NA,5,NA,Koro Sea - chum site 6,2023-09-19,14:18:00,obsr293445,2023-09-19 14:18:00,2023,9,19,14,18
179.2499308,-18.1798373,Brown Booby,Sula leucogaster,NA,NA,2,NA,"Koro Sea, SW Gau - Chum Site 3",2023-09-16,13:18:00,obsr293445,2023-09-16 13:18:00,2023,9,16,13,18
179.2060248,-17.9845764,Brown Booby,Sula leucogaster,NA,NA,5,NA,"FJ (-17.985, 179.206)",2023-09-16,09:49:00,obsr293445,2023-09-16 09:49:00,2023,9,16,9,49
179.1898484,-18.2132825,Brown Booby,Sula leucogaster,NA,NA,2,NA,"FJ (-18.213, 179.19)",2023-09-14,10:00:00,obsr293445,2023-09-14 10:00:00,2023,9,14,10,0
179.2048897,-18.1274308,Brown Booby,Sula leucogaster,NA,NA,1,NA,"FJ (-18.127, 179.205)",2023-09-16,11:25:00,obsr293445,2023-09-16 11:25:00,2023,9,16,11,25
179.1696333,-17.9769451,Brown Booby,Sula leucogaster,NA,NA,3,NA,"FJ (-17.977, 179.17)",2023-09-19,10:45:00,obsr293445,2023-09-19 10:45:00,2023,9,19,10,45
179.2438993,-18.1902796,Brown Booby,Sula leucogaster,NA,NA,1,NA,"Koro Sea, SW Gau - Chum Site 1",2023-09-14,15:26:00,obsr293445,2023-09-14 15:26:00,2023,9,14,15,26
179.1795369,-18.0714915,Brown Booby,Sula leucogaster,NA,NA,2,NA,"FJ (-18.071, 179.18)",2023-09-16,10:53:00,obsr293445,2023-09-16 10:53:00,2023,9,16,10,53
178.2400868,-18.9666664,Brown Booby,Sula leucogaster,NA,NA,2,NA,Kadavu Island - Papageno Resort,2023-09-18,11:00:00,obsr353030,2023-09-18 11:00:00,2023,9,18,11,0
178.2400868,-18.9666664,Brown Booby,Sula leucogaster,NA,NA,3,NA,Kadavu Island - Papageno Resort,2023-09-20,06:00:00,obsr353030,2023-09-20 06:00:00,2023,9,20,6,0
179.1681297,-18.0650983,Brown Booby,Sula leucogaster,NA,NA,1,NA,"FJ (-18.065, 179.168)",2023-09-14,08:23:00,obsr293445,2023-09-14 08:23:00,2023,9,14,8,23
179.0140344,-18.0181613,Brown Noddy,Anous stolidus,NA,NA,2,NA,Koro Sea - chum site 6,2023-09-19,14:49:00,obsr293445,2023-09-19 14:49:00,2023,9,19,14,49
179.4638606,-18.1223276,Cook's Petrel,Pterodroma cookii,NA,NA,1,NA,"Koro Sea, SE Gau - chum site 4.",2023-09-17,15:17:00,obsr293445,2023-09-17 15:17:00,2023,9,17,15,17
179.2438993,-18.1902796,Fiji Petrel,Pseudobulweria macgillivrayi,NA,NA,4,NA,"Koro Sea, SW Gau - Chum Site 1",2023-09-14,15:57:00,obsr293445,2023-09-14 15:57:00,2023,9,14,15,57
179.3176768,-18.1089565,Great Crested Tern,Thalasseus bergii,NA,NA,8,NA,Gau lagoon,2023-09-18,15:04:00,obsr293445,2023-09-18 15:04:00,2023,9,18,15,4
179.2470991,-17.9420337,Great Crested Tern,Thalasseus bergii,NA,NA,3,NA,"FJ (-17.942, 179.247)",2023-09-13,14:51:00,obsr293445,2023-09-13 14:51:00,2023,9,13,14,51
178.2400868,-18.9666664,Great Crested Tern,Thalasseus bergii,NA,NA,3,NA,Kadavu Island - Papageno Resort,2023-09-20,06:00:00,obsr353030,2023-09-20 06:00:00,2023,9,20,6,0
178.2400868,-18.9666664,Great Crested Tern,Thalasseus bergii,NA,NA,2,NA,Kadavu Island - Papageno Resort,2023-09-18,11:00:00,obsr353030,2023-09-18 11:00:00,2023,9,18,11,0
178.2400868,-18.9666664,Great Frigatebird,Fregata minor,NA,NA,2,NA,Kadavu Island - Papageno Resort,2023-09-18,11:00:00,obsr353030,2023-09-18 11:00:00,2023,9,18,11,0
179.0140344,-18.0181613,Kermadec Petrel,Pterodroma neglecta,NA,NA,1,NA,Koro Sea - chum site 6,2023-09-19,15:21:00,obsr293445,2023-09-19 15:21:00,2023,9,19,15,21
179.2499308,-18.1798373,Kermadec Petrel,Pterodroma neglecta,NA,NA,1,NA,"Koro Sea, SW Gau - Chum Site 3",2023-09-16,14:20:00,obsr293445,2023-09-16 14:20:00,2023,9,16,14,20
179.3176768,-18.1089565,Lesser Frigatebird,Fregata ariel,NA,NA,1,NA,Gau lagoon,2023-09-18,15:04:00,obsr293445,2023-09-18 15:04:00,2023,9,18,15,4
178.2400868,-18.9666664,Lesser Frigatebird,Fregata ariel,NA,NA,2,NA,Kadavu Island - Papageno Resort,2023-09-18,11:00:00,obsr353030,2023-09-18 11:00:00,2023,9,18,11,0
179.0140344,-18.0181613,Lesser Frigatebird,Fregata ariel,NA,NA,1,NA,Koro Sea - chum site 6,2023-09-19,14:49:00,obsr293445,2023-09-19 14:49:00,2023,9,19,14,49
179.4638606,-18.1223276,Lesser Frigatebird,Fregata ariel,NA,NA,1,NA,"Koro Sea, SE Gau - chum site 4.",2023-09-17,12:36:00,obsr293445,2023-09-17 12:36:00,2023,9,17,12,36
179.4638606,-18.1223276,Red-footed Booby,Sula sula,NA,NA,3,NA,"Koro Sea, SE Gau - chum site 4.",2023-09-17,13:08:00,obsr293445,2023-09-17 13:08:00,2023,9,17,13,8
179.4001852,-18.1318654,Red-footed Booby,Sula sula,NA,NA,1,NA,"FJ (-18.132, 179.4)",2023-09-17,12:04:00,obsr293445,2023-09-17 12:04:00,2023,9,17,12,4
179.3753878,-18.0802711,Red-footed Booby,Sula sula,NA,NA,2,NA,"FJ (-18.08, 179.375)",2023-09-17,11:30:00,obsr293445,2023-09-17 11:30:00,2023,9,17,11,30
179.1879152,-17.9673259,Red-footed Booby,Sula sula,NA,NA,1,NA,"Koro Sea, W Gau - Chum Site 2",2023-09-15,16:01:00,obsr293445,2023-09-15 16:01:00,2023,9,15,16,1
179.0140344,-18.0181613,Red-footed Booby,Sula sula,NA,NA,5,NA,Koro Sea - chum site 6,2023-09-19,15:21:00,obsr293445,2023-09-19 15:21:00,2023,9,19,15,21
179.2438993,-18.1902796,Red-footed Booby,Sula sula,NA,NA,13,NA,"Koro Sea, SW Gau - Chum Site 1",2023-09-14,13:30:00,obsr293445,2023-09-14 13:30:00,2023,9,14,13,30
179.1763877,-18.0082477,Red-footed Booby,Sula sula,NA,NA,3,NA,"FJ (-18.008, 179.176)",2023-09-14,07:53:00,obsr293445,2023-09-14 07:53:00,2023,9,14,7,53
179.2499308,-18.1798373,Red-footed Booby,Sula sula,NA,NA,4,NA,"Koro Sea, SW Gau - Chum Site 3",2023-09-16,15:22:00,obsr293445,2023-09-16 15:22:00,2023,9,16,15,22
179.0639802,-18.0006098,Red-footed Booby,Sula sula,NA,NA,1,NA,"FJ (-18.001, 179.064)",2023-09-21,09:51:00,obsr293445,2023-09-21 09:51:00,2023,9,21,9,51
179.1795369,-18.0714915,Red-footed Booby,Sula sula,NA,NA,22,NA,"FJ (-18.071, 179.18)",2023-09-16,10:53:00,obsr293445,2023-09-16 10:53:00,2023,9,16,10,53
179.0091513,-18.0321954,Red-footed Booby,Sula sula,NA,NA,7,NA,"FJ (-18.032, 179.009)",2023-09-13,12:17:00,obsr293445,2023-09-13 12:17:00,2023,9,13,12,17
179.2470991,-17.9420337,Red-footed Booby,Sula sula,NA,NA,70,NA,"FJ (-17.942, 179.247)",2023-09-13,14:51:00,obsr293445,2023-09-13 14:51:00,2023,9,13,14,51
179.2137464,-17.9460323,Red-footed Booby,Sula sula,NA,NA,7,NA,"FJ (-17.946, 179.214)",2023-09-19,10:14:00,obsr293445,2023-09-19 10:14:00,2023,9,19,10,14
179.217247,-17.9710762,Red-footed Booby,Sula sula,NA,NA,1,NA,"FJ (-17.971, 179.217)",2023-09-15,14:12:00,obsr293445,2023-09-15 14:12:00,2023,9,15,14,12
179.1696333,-17.9769451,Red-footed Booby,Sula sula,NA,NA,1,NA,"FJ (-17.977, 179.17)",2023-09-19,10:45:00,obsr293445,2023-09-19 10:45:00,2023,9,19,10,45
179.2060248,-17.9845764,Red-footed Booby,Sula sula,NA,NA,22,NA,"FJ (-17.985, 179.206)",2023-09-16,09:49:00,obsr293445,2023-09-16 09:49:00,2023,9,16,9,49
179.1222772,-17.9958821,Red-footed Booby,Sula sula,NA,NA,5,NA,"FJ (-17.996, 179.122)",2023-09-13,13:32:00,obsr293445,2023-09-13 13:32:00,2023,9,13,13,32
179.2048897,-18.1274308,Red-footed Booby,Sula sula,NA,NA,20,NA,"FJ (-18.127, 179.205)",2023-09-16,11:25:00,obsr293445,2023-09-16 11:25:00,2023,9,16,11,25
179.1857845,-18.1655729,Red-footed Booby,Sula sula,NA,NA,2,NA,"FJ (-18.166, 179.186)",2023-09-14,09:29:00,obsr293445,2023-09-14 09:29:00,2023,9,14,9,29
179.1734742,-17.9786102,Red-footed Booby,Sula sula,NA,NA,8,NA,"FJ (-17.979, 179.173)",2023-09-13,14:03:00,obsr293445,2023-09-13 14:03:00,2023,9,13,14,3
179.3188575,-17.9165745,Red-footed Booby,Sula sula,NA,NA,9,NA,"FJ (-17.917, 179.319)",2023-09-17,09:26:00,obsr293445,2023-09-17 09:26:00,2023,9,17,9,26
179.1898484,-18.2132825,Red-footed Booby,Sula sula,NA,NA,3,NA,"FJ (-18.213, 179.19)",2023-09-14,10:00:00,obsr293445,2023-09-14 10:00:00,2023,9,14,10,0
179.1681297,-18.0650983,Red-footed Booby,Sula sula,NA,NA,5,NA,"FJ (-18.065, 179.168)",2023-09-14,08:23:00,obsr293445,2023-09-14 08:23:00,2023,9,14,8,23
179.1713014,-18.0208334,Red-footed Booby,Sula sula,NA,NA,6,NA,"FJ (-18.021, 179.171)",2023-09-16,10:21:00,obsr293445,2023-09-16 10:21:00,2023,9,16,10,21
179.0140344,-18.0181613,Tahiti Petrel,Pseudobulweria rostrata,NA,NA,4,NA,Koro Sea - chum site 6,2023-09-19,15:53:00,obsr293445,2023-09-19 15:53:00,2023,9,19,15,53
179.0639802,-18.0006098,Tahiti Petrel,Pseudobulweria rostrata,NA,NA,1,NA,"FJ (-18.001, 179.064)",2023-09-21,09:51:00,obsr293445,2023-09-21 09:51:00,2023,9,21,9,51
179.1696333,-17.9769451,Tahiti Petrel,Pseudobulweria rostrata,NA,NA,1,NA,"FJ (-17.977, 179.17)",2023-09-19,10:45:00,obsr293445,2023-09-19 10:45:00,2023,9,19,10,45
179.2438993,-18.1902796,Tahiti Petrel,Pseudobulweria rostrata,NA,NA,4,NA,"Koro Sea, SW Gau - Chum Site 1",2023-09-14,15:57:00,obsr293445,2023-09-14 15:57:00,2023,9,14,15,57
179.2499308,-18.1798373,Tahiti Petrel,Pseudobulweria rostrata,NA,NA,1,NA,"Koro Sea, SW Gau - Chum Site 3",2023-09-16,16:24:00,obsr293445,2023-09-16 16:24:00,2023,9,16,16,24
179.4638606,-18.1223276,Tahiti Petrel,Pseudobulweria rostrata,NA,NA,1,NA,"Koro Sea, SE Gau - chum site 4.",2023-09-17,14:09:00,obsr293445,2023-09-17 14:09:00,2023,9,17,14,9
179.1879152,-17.9673259,Tahiti Petrel,Pseudobulweria rostrata,NA,NA,3,NA,"Koro Sea, W Gau - Chum Site 2",2023-09-15,15:00:00,obsr293445,2023-09-15 15:00:00,2023,9,15,15,0
179.0140344,-18.0181613,White-bellied Storm-Petrel,Fregetta grallaria,NA,NA,1,NA,Koro Sea - chum site 6,2023-09-19,13:47:00,obsr293445,2023-09-19 13:47:00,2023,9,19,13,47
178.2400868,-18.9666664,Blue-billed White-Tern,Gygis candida,NA,NA,1,NA,Kadavu Island - Papageno Resort,2023-09-18,11:00:00,obsr353030,2023-09-18 11:00:00,2023,9,18,11,0
179.2499308,-18.1798373,Wilson's Storm-Petrel,Oceanites oceanicus,NA,NA,1,NA,"Koro Sea, SW Gau - Chum Site 3",2023-09-16,14:20:00,obsr293445,2023-09-16 14:20:00,2023,9,16,14,20
178.422957,-18.154489,Black-naped Tern,Sterna sumatrana,NA,NA,1,NA,"Suva foreshore to reef, Viti Levu (-18.1545,178.4230)",2023-10-21,10:30:00,obsr4417887,2023-10-21 10:30:00,2023,10,21,10,30
178.7220454,-17.8080852,Brown Booby,Sula leucogaster,NA,NA,1,NA,Leleuvia,2023-10-17,15:25:00,obsr174401,2023-10-17 15:25:00,2023,10,17,15,25
178.80447,-17.95651,Brown Booby,Sula leucogaster,NA,NA,1,NA,"Auto selected -17.95651, 178.80447",2023-10-17,06:16:00,obsr498830,2023-10-17 06:16:00,2023,10,17,6,16
178.4406066,-18.1619228,Brown Booby,Sula leucogaster,NA,NA,1,NA,Suva Pt.--East of Fringing Reef,2023-10-15,15:00:00,obsr230624,2023-10-15 15:00:00,2023,10,15,15,0
178.422957,-18.154489,Brown Booby,Sula leucogaster,NA,NA,1,NA,"Suva foreshore to reef, Viti Levu (-18.1545,178.4230)",2023-10-21,10:30:00,obsr4417887,2023-10-21 10:30:00,2023,10,21,10,30
178.60297,-17.62442,Brown Booby,Sula leucogaster,NA,NA,1,NA,ZZNatovi2Nabouwalu01,2023-10-10,12:50:00,obsr230624,2023-10-10 12:50:00,2023,10,10,12,50
178.7220454,-17.8080852,Great Crested Tern,Thalasseus bergii,NA,NA,3,NA,Leleuvia,2023-10-17,15:25:00,obsr498830,2023-10-17 15:25:00,2023,10,17,15,25
178.4406066,-18.1619228,Great Crested Tern,Thalasseus bergii,NA,NA,19,NA,Suva Pt.--East of Fringing Reef,2023-10-15,15:00:00,obsr230624,2023-10-15 15:00:00,2023,10,15,15,0
178.449679,-18.15235,Great Crested Tern,Thalasseus bergii,NA,NA,1,NA,"Auto selected -18.15235, 178.44968",2023-10-20,15:33:00,obsr1205860,2023-10-20 15:33:00,2023,10,20,15,33
178.7220454,-17.8080852,Lesser Frigatebird,Fregata ariel,NA,NA,2,NA,Leleuvia,2023-10-17,15:25:00,obsr3196411,2023-10-17 15:25:00,2023,10,17,15,25
178.80447,-17.95651,Lesser Frigatebird,Fregata ariel,NA,NA,1,NA,"Auto selected -17.95651, 178.80447",2023-10-17,06:16:00,obsr498830,2023-10-17 06:16:00,2023,10,17,6,16
178.422957,-18.154489,Lesser Frigatebird,Fregata ariel,NA,NA,1,NA,"Suva foreshore to reef, Viti Levu (-18.1545,178.4230)",2023-10-21,10:30:00,obsr4417887,2023-10-21 10:30:00,2023,10,21,10,30
178.549526,-17.627652,Lesser Frigatebird,Fregata ariel,NA,NA,2,NA,"Qelekuro Village, Viti Levu FJ-Fiji (-17.6277,178.5495)",2023-10-17,10:42:00,obsr1347339,2023-10-17 10:42:00,2023,10,17,10,42
178.80447,-17.95651,Mottled Petrel,Pterodroma inexpectata,NA,NA,6,NA,"Auto selected -17.95651, 178.80447",2023-10-17,06:16:00,obsr498830,2023-10-17 06:16:00,2023,10,17,6,16
178.80447,-17.95651,Red-footed Booby,Sula sula,NA,NA,5,NA,"Auto selected -17.95651, 178.80447",2023-10-17,06:16:00,obsr498830,2023-10-17 06:16:00,2023,10,17,6,16
178.80447,-17.95651,Wedge-tailed Shearwater,Ardenna pacifica,NA,NA,2,NA,"Auto selected -17.95651, 178.80447",2023-10-17,06:16:00,obsr498830,2023-10-17 06:16:00,2023,10,17,6,16
178.0687119,-18.3688229,Blue-billed White-Tern,Gygis candida,NA,NA,1,NA,Offshore Beqa,2023-10-02,08:00:00,obsr168015,2023-10-02 08:00:00,2023,10,2,8,0
178.836315,-17.684531,Great Crested Tern,Thalasseus bergii,NA,NA,8,NA,"Levuka, Fiji",2023-10-17,08:33:00,obsr498830,2023-10-17 08:33:00,2023,10,17,8,33
178.836315,-17.684531,Lesser Frigatebird,Fregata ariel,NA,NA,2,NA,"Levuka, Fiji",2023-10-17,08:33:00,obsr498830,2023-10-17 08:33:00,2023,10,17,8,33
178.6324,-17.15952,Black Noddy,Anous minutus,NA,NA,1,NA,ZZNabouwalu2Natovi06,2023-10-10,11:00:00,obsr230624,2023-10-10 11:00:00,2023,10,10,11,0
178.65607,-17.09893,Black Noddy,Anous minutus,NA,NA,10,NA,ZZNabouwalu2Natovi04,2023-10-10,10:40:00,obsr230624,2023-10-10 10:40:00,2023,10,10,10,40
178.66801,-17.037960000000002,Black Noddy,Anous minutus,NA,NA,4,NA,ZZNabouwalu2Natovi02,2023-10-10,10:20:00,obsr230624,2023-10-10 10:20:00,2023,10,10,10,20
178.6642,-17.06841,Black Noddy,Anous minutus,NA,NA,6,NA,ZZNabouwalu2Natovi03,2023-10-10,10:30:00,obsr230624,2023-10-10 10:30:00,2023,10,10,10,30
178.66801,-17.037960000000002,Black-naped Tern,Sterna sumatrana,NA,NA,1,NA,ZZNabouwalu2Natovi02,2023-10-10,10:20:00,obsr230624,2023-10-10 10:20:00,2023,10,10,10,20
178.6642,-17.06841,Bridled Tern,Onychoprion anaethetus,NA,NA,2,NA,ZZNabouwalu2Natovi03,2023-10-10,10:30:00,obsr230624,2023-10-10 10:30:00,2023,10,10,10,30
178.65607,-17.09893,Brown Noddy,Anous stolidus,NA,NA,6,NA,ZZNabouwalu2Natovi04,2023-10-10,10:40:00,obsr230624,2023-10-10 10:40:00,2023,10,10,10,40
178.66801,-17.037960000000002,Great Crested Tern,Thalasseus bergii,NA,NA,1,NA,ZZNabouwalu2Natovi02,2023-10-10,10:20:00,obsr230624,2023-10-10 10:20:00,2023,10,10,10,20
178.6234,-17.18981,Black Noddy,Anous minutus,NA,NA,18,NA,ZZNabouwalu2Natovi07,2023-10-10,11:10:00,obsr230624,2023-10-10 11:10:00,2023,10,10,11,10
178.58229,-17.36692,Black Noddy,Anous minutus,NA,NA,1,NA,ZZNabouwalu2Natovi13,2023-10-10,12:10:00,obsr230624,2023-10-10 12:10:00,2023,10,10,12,10
178.58192,-17.39824,Black Noddy,Anous minutus,NA,NA,2,NA,ZZNabouwalu2Natovi14,2023-10-10,12:20:00,obsr230624,2023-10-10 12:20:00,2023,10,10,12,20
178.5864125,-17.2862508,Black Noddy,Anous minutus,NA,NA,3,NA,ZZNabouwalu2Natovi11,2023-10-10,11:50:00,obsr230624,2023-10-10 11:50:00,2023,10,10,11,50
178.58195,-17.42797,Black Noddy,Anous minutus,NA,NA,35,NA,ZZNabouwalu2Natovi15,2023-10-10,12:30:00,obsr230624,2023-10-10 12:30:00,2023,10,10,12,30
178.58195,-17.42797,Bridled Tern,Onychoprion anaethetus,NA,NA,2,NA,ZZNabouwalu2Natovi15,2023-10-10,12:30:00,obsr230624,2023-10-10 12:30:00,2023,10,10,12,30
178.58195,-17.42797,Brown Booby,Sula leucogaster,NA,NA,1,NA,ZZNabouwalu2Natovi15,2023-10-10,12:30:00,obsr230624,2023-10-10 12:30:00,2023,10,10,12,30
178.5864125,-17.2862508,Brown Booby,Sula leucogaster,NA,NA,2,NA,ZZNabouwalu2Natovi11,2023-10-10,11:50:00,obsr230624,2023-10-10 11:50:00,2023,10,10,11,50
178.5864125,-17.2862508,Lesser Frigatebird,Fregata ariel,NA,NA,1,NA,ZZNabouwalu2Natovi11,2023-10-10,11:50:00,obsr230624,2023-10-10 11:50:00,2023,10,10,11,50
178.5864125,-17.2862508,Red-footed Booby,Sula sula,NA,NA,1,NA,ZZNabouwalu2Natovi11,2023-10-10,11:50:00,obsr230624,2023-10-10 11:50:00,2023,10,10,11,50
178.4245252,-18.1488986,Black-naped Tern,Sterna sumatrana,NA,NA,4,NA,Thurston Gardens,2023-11-26,14:10:00,obsr1816346,2023-11-26 14:10:00,2023,11,26,14,10
178.549292,-17.627474,Black-naped Tern,Sterna sumatrana,NA,NA,1,NA,Qelekuro Village,2023-11-15,11:54:00,obsr1347339,2023-11-15 11:54:00,2023,11,15,11,54
178.4245252,-18.1488986,Black-naped Tern,Sterna sumatrana,NA,NA,2,NA,Thurston Gardens,2023-11-25,16:58:00,obsr1816346,2023-11-25 16:58:00,2023,11,25,16,58
178.4245252,-18.1488986,Black-naped Tern,Sterna sumatrana,NA,NA,1,NA,Thurston Gardens,2023-11-08,05:14:00,obsr188371,2023-11-08 05:14:00,2023,11,8,5,14
178.4406066,-18.1619228,Brown Booby,Sula leucogaster,NA,NA,1,NA,Suva Pt.--East of Fringing Reef,2023-11-04,07:10:00,obsr230624,2023-11-04 07:10:00,2023,11,4,7,10
178.4406066,-18.1619228,Brown Noddy,Anous stolidus,NA,NA,10,NA,Suva Pt.--East of Fringing Reef,2023-11-25,12:53:00,obsr230624,2023-11-25 12:53:00,2023,11,25,12,53
178.4245252,-18.1488986,Great Crested Tern,Thalasseus bergii,NA,NA,1,NA,Thurston Gardens,2023-11-08,05:14:00,obsr188371,2023-11-08 05:14:00,2023,11,8,5,14
178.4406066,-18.1619228,Great Crested Tern,Thalasseus bergii,NA,NA,21,NA,Suva Pt.--East of Fringing Reef,2023-11-25,12:53:00,obsr230624,2023-11-25 12:53:00,2023,11,25,12,53
178.549292,-17.627474,Great Crested Tern,Thalasseus bergii,NA,NA,1,NA,Qelekuro Village,2023-11-15,11:54:00,obsr1347339,2023-11-15 11:54:00,2023,11,15,11,54
178.4245252,-18.1488986,Great Crested Tern,Thalasseus bergii,NA,NA,2,NA,Thurston Gardens,2023-11-25,16:58:00,obsr1816346,2023-11-25 16:58:00,2023,11,25,16,58
178.4406066,-18.1619228,Great Crested Tern,Thalasseus bergii,NA,NA,33,NA,Suva Pt.--East of Fringing Reef,2023-11-04,07:10:00,obsr230624,2023-11-04 07:10:00,2023,11,4,7,10
178.4245252,-18.1488986,Great Crested Tern,Thalasseus bergii,NA,NA,2,NA,Thurston Gardens,2023-11-26,14:10:00,obsr1816346,2023-11-26 14:10:00,2023,11,26,14,10
178.4406066,-18.1619228,Lesser Frigatebird,Fregata ariel,NA,NA,1,NA,Suva Pt.--East of Fringing Reef,2023-11-04,07:10:00,obsr230624,2023-11-04 07:10:00,2023,11,4,7,10
178.4245252,-18.1488986,Lesser Frigatebird,Fregata ariel,NA,NA,1,NA,Thurston Gardens,2023-11-26,14:10:00,obsr1816346,2023-11-26 14:10:00,2023,11,26,14,10
178.2400868,-18.9666664,Black Noddy,Anous minutus,NA,NA,3,NA,Kadavu Island - Papageno Resort,2023-11-22,15:37:00,obsr1787226,2023-11-22 15:37:00,2023,11,22,15,37
178.2400868,-18.9666664,Great Crested Tern,Thalasseus bergii,NA,NA,7,NA,Kadavu Island - Papageno Resort,2023-11-20,12:32:00,obsr1104470,2023-11-20 12:32:00,2023,11,20,12,32
178.2400868,-18.9666664,Great Crested Tern,Thalasseus bergii,NA,NA,3,NA,Kadavu Island - Papageno Resort,2023-11-25,11:00:00,obsr1104470,2023-11-25 11:00:00,2023,11,25,11,0
178.2400868,-18.9666664,Great Crested Tern,Thalasseus bergii,NA,NA,2,NA,Kadavu Island - Papageno Resort,2023-11-27,14:09:00,obsr1104470,2023-11-27 14:09:00,2023,11,27,14,9
178.32814,-18.665435,Great Frigatebird,Fregata minor,NA,NA,2,NA,"Kadavu to Suva, South Pacifc Ocean",2023-11-13,15:26:00,obsr1056362,2023-11-13 15:26:00,2023,11,13,15,26
178.32814,-18.665435,Lesser Frigatebird,Fregata ariel,NA,NA,2,NA,"Kadavu to Suva, South Pacifc Ocean",2023-11-13,15:26:00,obsr1056362,2023-11-13 15:26:00,2023,11,13,15,26
178.32814,-18.665435,Red-footed Booby,Sula sula,NA,NA,12,NA,"Kadavu to Suva, South Pacifc Ocean",2023-11-13,15:26:00,obsr1056362,2023-11-13 15:26:00,2023,11,13,15,26
178.32814,-18.665435,Short-tailed Shearwater,Ardenna tenuirostris,NA,NA,50,NA,"Kadavu to Suva, South Pacifc Ocean",2023-11-13,15:26:00,obsr1056362,2023-11-13 15:26:00,2023,11,13,15,26
178.32814,-18.665435,Sooty Tern,Onychoprion fuscatus,NA,NA,2,NA,"Kadavu to Suva, South Pacifc Ocean",2023-11-13,15:26:00,obsr1056362,2023-11-13 15:26:00,2023,11,13,15,26
178.4684372,-17.3195042,Black-naped Tern,Sterna sumatrana,NA,NA,8,NA,Vatu-i-Ra,2023-11-07,11:03:00,obsr3062609,2023-11-07 11:03:00,2023,11,7,11,3
178.1750822,-17.3127441,Brown Booby,Sula leucogaster,NA,NA,1,NA,Volivoli Resort,2023-11-06,12:21:00,obsr3062609,2023-11-06 12:21:00,2023,11,6,12,21
178.4684372,-17.3195042,Great Crested Tern,Thalasseus bergii,NA,NA,2,NA,Vatu-i-Ra,2023-11-07,11:03:00,obsr3062609,2023-11-07 11:03:00,2023,11,7,11,3
178.1750822,-17.3127441,Great Crested Tern,Thalasseus bergii,NA,NA,1,NA,Volivoli Resort,2023-11-06,12:21:00,obsr3062609,2023-11-06 12:21:00,2023,11,6,12,21
178.422406,-18.145413,Black-naped Tern,Sterna sumatrana,NA,NA,1,NA,Holiday Inn Suva,2023-12-07,10:10:00,obsr807155,2023-12-07 10:10:00,2023,12,7,10,10
178.4174538,-18.13117,Black-naped Tern,Sterna sumatrana,NA,NA,2,NA,Suva Harbor,2023-12-21,18:20:00,obsr3000246,2023-12-21 18:20:00,2023,12,21,18,20
178.4406066,-18.1619228,Black-naped Tern,Sterna sumatrana,NA,NA,2,NA,Suva Pt.--East of Fringing Reef,2023-12-09,11:40:00,obsr230624,2023-12-09 11:40:00,2023,12,9,11,40
178.4406066,-18.1619228,Black-naped Tern,Sterna sumatrana,NA,NA,4,NA,Suva Pt.--East of Fringing Reef,2023-12-23,11:25:00,obsr230624,2023-12-23 11:25:00,2023,12,23,11,25
178.4406066,-18.1619228,Brown Noddy,Anous stolidus,NA,NA,1,NA,Suva Pt.--East of Fringing Reef,2023-12-23,11:25:00,obsr230624,2023-12-23 11:25:00,2023,12,23,11,25
178.4406066,-18.1619228,Brown Noddy,Anous stolidus,NA,NA,4,NA,Suva Pt.--East of Fringing Reef,2023-12-09,11:40:00,obsr230624,2023-12-09 11:40:00,2023,12,9,11,40
178.4174538,-18.13117,Great Crested Tern,Thalasseus bergii,NA,NA,1,NA,Suva Harbor,2023-12-21,16:01:00,obsr3000246,2023-12-21 16:01:00,2023,12,21,16,1
178.422406,-18.145413,Great Crested Tern,Thalasseus bergii,NA,NA,6,NA,Holiday Inn Suva,2023-12-07,10:10:00,obsr807155,2023-12-07 10:10:00,2023,12,7,10,10
178.422406,-18.145413,Great Crested Tern,Thalasseus bergii,NA,NA,2,NA,Holiday Inn Suva,2023-12-06,07:07:00,obsr807155,2023-12-06 07:07:00,2023,12,6,7,7
178.4406066,-18.1619228,Great Crested Tern,Thalasseus bergii,NA,NA,49,NA,Suva Pt.--East of Fringing Reef,2023-12-23,11:25:00,obsr230624,2023-12-23 11:25:00,2023,12,23,11,25
178.4406066,-18.1619228,Great Crested Tern,Thalasseus bergii,NA,NA,6,NA,Suva Pt.--East of Fringing Reef,2023-12-09,11:40:00,obsr230624,2023-12-09 11:40:00,2023,12,9,11,40
178.5155897,-18.1737659,Great Crested Tern,Thalasseus bergii,NA,NA,6,NA,Nukulau Island,2023-12-14,08:00:00,obsr230624,2023-12-14 08:00:00,2023,12,14,8,0
178.4406066,-18.1619228,Lesser Frigatebird,Fregata ariel,NA,NA,1,NA,Suva Pt.--East of Fringing Reef,2023-12-23,11:25:00,obsr230624,2023-12-23 11:25:00,2023,12,23,11,25
178.422406,-18.145413,Lesser Frigatebird,Fregata ariel,NA,NA,3,NA,Holiday Inn Suva,2023-12-07,10:10:00,obsr807155,2023-12-07 10:10:00,2023,12,7,10,10
178.422406,-18.145413,Lesser Frigatebird,Fregata ariel,NA,NA,1,NA,Holiday Inn Suva,2023-12-06,07:07:00,obsr807155,2023-12-06 07:07:00,2023,12,6,7,7
178.5155897,-18.1737659,Lesser Frigatebird,Fregata ariel,NA,NA,2,NA,Nukulau Island,2023-12-14,08:00:00,obsr230624,2023-12-14 08:00:00,2023,12,14,8,0
178.4174538,-18.13117,Lesser Frigatebird,Fregata ariel,NA,NA,1,NA,Suva Harbor,2023-12-21,16:01:00,obsr3000246,2023-12-21 16:01:00,2023,12,21,16,1
178.5203004,-18.7624694,Brown Booby,Sula leucogaster,NA,NA,3,NA,Dravuni Island,2023-12-18,16:20:00,obsr3560050,2023-12-18 16:20:00,2023,12,18,16,20
178.4396887,-18.7620589,Brown Booby,Sula leucogaster,NA,NA,2,NA,"Dravuni -- Departing #0(-18.762, 178.44)",2023-12-18,17:13:00,obsr994962,2023-12-18 17:13:00,2023,12,18,17,13
178.4152333,-18.7359096,Brown Booby,Sula leucogaster,NA,NA,3,NA,"Dravuni Island offshore (-18.736, 178.415)",2023-12-18,07:38:00,obsr994962,2023-12-18 07:38:00,2023,12,18,7,38
178.5203004,-18.7624694,Brown Noddy,Anous stolidus,NA,NA,3,NA,Dravuni Island,2023-12-18,14:26:00,obsr994962,2023-12-18 14:26:00,2023,12,18,14,26
178.4396887,-18.7620589,Great Frigatebird,Fregata minor,NA,NA,1,NA,"Dravuni -- Departing #0(-18.762, 178.44)",2023-12-18,17:13:00,obsr994962,2023-12-18 17:13:00,2023,12,18,17,13
178.5203004,-18.7624694,Great Frigatebird,Fregata minor,NA,NA,4,NA,Dravuni Island,2023-12-18,16:20:00,obsr3560050,2023-12-18 16:20:00,2023,12,18,16,20
178.5203004,-18.7624694,Lesser Frigatebird,Fregata ariel,NA,NA,1,NA,Dravuni Island,2023-12-18,14:26:00,obsr334674,2023-12-18 14:26:00,2023,12,18,14,26
178.5203004,-18.7624694,Lesser Frigatebird,Fregata ariel,NA,NA,1,NA,Dravuni Island,2023-12-22,08:30:00,obsr3000246,2023-12-22 08:30:00,2023,12,22,8,30
178.4396887,-18.7620589,Lesser Frigatebird,Fregata ariel,NA,NA,2,NA,"Dravuni -- Departing #0(-18.762, 178.44)",2023-12-18,17:13:00,obsr334674,2023-12-18 17:13:00,2023,12,18,17,13
178.5203004,-18.7624694,Red-footed Booby,Sula sula,NA,NA,1,NA,Dravuni Island,2023-12-18,16:20:00,obsr3560050,2023-12-18 16:20:00,2023,12,18,16,20
178.4396887,-18.7620589,Red-footed Booby,Sula sula,NA,NA,21,NA,"Dravuni -- Departing #0(-18.762, 178.44)",2023-12-18,17:13:00,obsr994962,2023-12-18 17:13:00,2023,12,18,17,13
178.373748,-18.7824487,Red-footed Booby,Sula sula,NA,NA,5,NA,"Dravuni  -- Departing #1 (-18.782, 178.374)",2023-12-18,17:25:00,obsr994962,2023-12-18 17:25:00,2023,12,18,17,25
178.2372429,-18.8281018,Wedge-tailed Shearwater,Ardenna pacifica,NA,NA,2,NA,"Dravuni -- Departing #4 (-18.828, 178.237)",2023-12-18,17:50:00,obsr334674,2023-12-18 17:50:00,2023,12,18,17,50
178.4245777,-18.1590806,Black-naped Tern,Sterna sumatrana,NA,NA,1,NA,Suva Pt.--Fringing Reef to Bowls Club,2024-01-14,13:40:00,obsr293784,2024-01-14 13:40:00,2024,1,14,13,40
178.4406066,-18.1619228,Black-naped Tern,Sterna sumatrana,NA,NA,4,NA,Suva Pt.--East of Fringing Reef,2024-01-06,10:05:00,obsr230624,2024-01-06 10:05:00,2024,1,6,10,5
178.4226787,-18.1398365,Black-naped Tern,Sterna sumatrana,NA,NA,1,NA,Ratu Sakuna Park,2024-01-14,14:33:00,obsr293784,2024-01-14 14:33:00,2024,1,14,14,33
178.4406066,-18.1619228,Bridled Tern,Onychoprion anaethetus,NA,NA,1,NA,Suva Pt.--East of Fringing Reef,2024-01-06,10:05:00,obsr230624,2024-01-06 10:05:00,2024,1,6,10,5
178.4406066,-18.1619228,Great Crested Tern,Thalasseus bergii,NA,NA,12,NA,Suva Pt.--East of Fringing Reef,2024-01-27,15:50:00,obsr230624,2024-01-27 15:50:00,2024,1,27,15,50
178.4406066,-18.1619228,Great Crested Tern,Thalasseus bergii,NA,NA,2,NA,Suva Pt.--East of Fringing Reef,2024-01-21,09:32:00,obsr6298161,2024-01-21 09:32:00,2024,1,21,9,32
178.4245777,-18.1590806,Great Crested Tern,Thalasseus bergii,NA,NA,1,NA,Suva Pt.--Fringing Reef to Bowls Club,2024-01-14,12:42:00,obsr293784,2024-01-14 12:42:00,2024,1,14,12,42
178.4486103,-18.1526009,Great Crested Tern,Thalasseus bergii,NA,NA,3,NA,Suva Pt.--University,2024-01-24,13:49:00,obsr1461807,2024-01-24 13:49:00,2024,1,24,13,49
178.4245252,-18.1488986,Great Crested Tern,Thalasseus bergii,NA,NA,1,NA,Thurston Gardens,2024-01-14,10:00:00,obsr293784,2024-01-14 10:00:00,2024,1,14,10,0
178.4486103,-18.1526009,Great Crested Tern,Thalasseus bergii,NA,NA,2,NA,Suva Pt.--University,2024-01-06,10:40:00,obsr230624,2024-01-06 10:40:00,2024,1,6,10,40
178.4406066,-18.1619228,Great Crested Tern,Thalasseus bergii,NA,NA,10,NA,Suva Pt.--East of Fringing Reef,2024-01-06,10:05:00,obsr230624,2024-01-06 10:05:00,2024,1,6,10,5
178.4245252,-18.1488986,Great Frigatebird,Fregata minor,NA,NA,2,NA,Thurston Gardens,2024-01-24,09:22:00,obsr1461807,2024-01-24 09:22:00,2024,1,24,9,22
178.4245777,-18.1590806,Lesser Frigatebird,Fregata ariel,NA,NA,2,NA,Suva Pt.--Fringing Reef to Bowls Club,2024-01-14,12:42:00,obsr293784,2024-01-14 12:42:00,2024,1,14,12,42
178.1382406,-18.9659847,Great Crested Tern,Thalasseus bergii,NA,NA,20,NA,Kadavu reef edge,2024-01-27,15:40:00,obsr225373,2024-01-27 15:40:00,2024,1,27,15,40
178.1382406,-18.9659847,Masked Booby,Sula dactylatra,NA,NA,4,NA,Kadavu reef edge,2024-01-27,15:40:00,obsr225373,2024-01-27 15:40:00,2024,1,27,15,40
178.1382406,-18.9659847,Blue-billed White-Tern,Gygis candida,NA,NA,1,NA,Kadavu reef edge,2024-01-27,15:40:00,obsr225373,2024-01-27 15:40:00,2024,1,27,15,40
178.105482,-18.420186,Black-naped Tern,Sterna sumatrana,NA,NA,1,NA,Naceva village,2024-02-24,13:46:00,obsr37531,2024-02-24 13:46:00,2024,2,24,13,46
178.016533,-18.311477,Black-naped Tern,Sterna sumatrana,NA,NA,8,NA,"Auto selected -18.31148, 178.01653",2024-02-26,06:41:00,obsr37531,2024-02-26 06:41:00,2024,2,26,6,41
178.299311,-18.247032,Bridled Tern,Onychoprion anaethetus,NA,NA,2,NA,Transit towards Suva Harbor (pilot pick up point),2024-02-23,14:51:00,obsr152028,2024-02-23 14:51:00,2024,2,23,14,51
178.4174538,-18.13117,Bridled Tern,Onychoprion anaethetus,NA,NA,1,NA,Suva Harbor,2024-02-23,15:39:00,obsr1226951,2024-02-23 15:39:00,2024,2,23,15,39
178.4439,-18.0641,Bridled Tern,Onychoprion anaethetus,NA,NA,5,NA,Savura Forest Reserve,2024-02-23,15:56:00,obsr554104,2024-02-23 15:56:00,2024,2,23,15,56
178.016533,-18.311477,Brown Noddy,Anous stolidus,NA,NA,7,NA,"Auto selected -18.31148, 178.01653",2024-02-26,06:41:00,obsr37531,2024-02-26 06:41:00,2024,2,26,6,41
178.1003068,-18.4129924,Great Crested Tern,Thalasseus bergii,NA,NA,2,NA,Beqa Hike,2024-02-26,14:11:00,obsr37531,2024-02-26 14:11:00,2024,2,26,14,11
178.6613848,-18.0700698,Great Crested Tern,Thalasseus bergii,NA,NA,2,NA,Kiuva  beach,2024-02-11,12:00:00,obsr3641957,2024-02-11 12:00:00,2024,2,11,12,0
178.102885,-18.408084,Great Crested Tern,Thalasseus bergii,NA,NA,1,NA,Naiseuseu,2024-02-26,13:26:00,obsr1157971,2024-02-26 13:26:00,2024,2,26,13,26
178.100842,-18.4071645,Great Crested Tern,Thalasseus bergii,NA,NA,5,NA,Lawaki Village And Also Resort,2024-02-26,13:47:00,obsr1434377,2024-02-26 13:47:00,2024,2,26,13,47
178.105482,-18.420186,Great Crested Tern,Thalasseus bergii,NA,NA,1,NA,Naceva village,2024-02-24,13:46:00,obsr37531,2024-02-24 13:46:00,2024,2,24,13,46
178.4439,-18.0641,Great Crested Tern,Thalasseus bergii,NA,NA,6,NA,Savura Forest Reserve,2024-02-23,15:56:00,obsr554104,2024-02-23 15:56:00,2024,2,23,15,56
178.4245777,-18.1590806,Great Crested Tern,Thalasseus bergii,NA,NA,3,NA,Suva Pt.--Fringing Reef to Bowls Club,2024-02-03,17:15:00,obsr3641957,2024-02-03 17:15:00,2024,2,3,17,15
178.016533,-18.311477,Great Crested Tern,Thalasseus bergii,NA,NA,12,NA,"Auto selected -18.31148, 178.01653",2024-02-26,06:41:00,obsr37531,2024-02-26 06:41:00,2024,2,26,6,41
178.6613848,-18.0700698,Great Frigatebird,Fregata minor,NA,NA,1,NA,Kiuva  beach,2024-02-11,12:00:00,obsr3641957,2024-02-11 12:00:00,2024,2,11,12,0
178.4174538,-18.13117,Great Frigatebird,Fregata minor,NA,NA,1,NA,Suva Harbor,2024-02-23,15:39:00,obsr1226951,2024-02-23 15:39:00,2024,2,23,15,39
178.4439,-18.0641,Great Frigatebird,Fregata minor,NA,NA,1,NA,Savura Forest Reserve,2024-02-23,15:56:00,obsr554104,2024-02-23 15:56:00,2024,2,23,15,56
178.6613848,-18.0700698,Lesser Frigatebird,Fregata ariel,NA,NA,1,NA,Kiuva  beach,2024-02-11,12:00:00,obsr3641957,2024-02-11 12:00:00,2024,2,11,12,0
178.105695,-18.4197,Lesser Frigatebird,Fregata ariel,NA,NA,1,NA,"Auto selected -18.41970, 178.10570",2024-02-24,13:45:00,obsr1226951,2024-02-24 13:45:00,2024,2,24,13,45
178.1069616,-18.4191451,Lesser Frigatebird,Fregata ariel,NA,NA,3,NA,"Naceva, Central Division, FJ (-18.419, 178.107)",2024-02-24,13:51:00,obsr554104,2024-02-24 13:51:00,2024,2,24,13,51
178.299311,-18.247032,Red-footed Booby,Sula sula,NA,NA,1,NA,Transit towards Suva Harbor (pilot pick up point),2024-02-23,14:51:00,obsr152028,2024-02-23 14:51:00,2024,2,23,14,51
178.299311,-18.247032,Wedge-tailed Shearwater,Ardenna pacifica,NA,NA,5,NA,Transit towards Suva Harbor (pilot pick up point),2024-02-23,14:51:00,obsr152028,2024-02-23 14:51:00,2024,2,23,14,51
178.449874,-18.666348,Black Noddy,Anous minutus,NA,NA,6,NA,"Auto selected -18.66635, 178.44987",2024-02-27,14:42:00,obsr37531,2024-02-27 14:42:00,2024,2,27,14,42
178.503208,-18.844559,Black-naped Tern,Sterna sumatrana,NA,NA,2,NA,Yambu island,2024-02-27,08:39:00,obsr37531,2024-02-27 08:39:00,2024,2,27,8,39
178.503208,-18.844559,Bridled Tern,Onychoprion anaethetus,NA,NA,4,NA,Yambu island,2024-02-27,08:39:00,obsr37531,2024-02-27 08:39:00,2024,2,27,8,39
178.503208,-18.844559,Brown Booby,Sula leucogaster,NA,NA,30,NA,Yambu island,2024-02-27,08:39:00,obsr37531,2024-02-27 08:39:00,2024,2,27,8,39
178.503208,-18.844559,Great Crested Tern,Thalasseus bergii,NA,NA,1,NA,Yambu island,2024-02-27,08:39:00,obsr37531,2024-02-27 08:39:00,2024,2,27,8,39
178.503208,-18.844559,Great Frigatebird,Fregata minor,NA,NA,2,NA,Yambu island,2024-02-27,08:39:00,obsr37531,2024-02-27 08:39:00,2024,2,27,8,39
178.503208,-18.844559,Lesser Frigatebird,Fregata ariel,NA,NA,5,NA,Yambu island,2024-02-27,08:39:00,obsr37531,2024-02-27 08:39:00,2024,2,27,8,39
178.449874,-18.666348,Lesser Frigatebird,Fregata ariel,NA,NA,2,NA,"Auto selected -18.66635, 178.44987",2024-02-27,14:42:00,obsr37531,2024-02-27 14:42:00,2024,2,27,14,42
178.449874,-18.666348,Red-footed Booby,Sula sula,NA,NA,100,NA,"Auto selected -18.66635, 178.44987",2024-02-27,14:42:00,obsr37531,2024-02-27 14:42:00,2024,2,27,14,42
178.503208,-18.844559,Red-footed Booby,Sula sula,NA,NA,2000,NA,Yambu island,2024-02-27,08:39:00,obsr37531,2024-02-27 08:39:00,2024,2,27,8,39
178.449874,-18.666348,Wedge-tailed Shearwater,Ardenna pacifica,NA,NA,1,NA,"Auto selected -18.66635, 178.44987",2024-02-27,14:42:00,obsr37531,2024-02-27 14:42:00,2024,2,27,14,42
178.4406066,-18.1619228,Brown Noddy,Anous stolidus,NA,NA,1,NA,Suva Pt.--East of Fringing Reef,2024-03-02,07:00:00,obsr230624,2024-03-02 07:00:00,2024,3,2,7,0
178.4406066,-18.1619228,Great Crested Tern,Thalasseus bergii,NA,NA,10,NA,Suva Pt.--East of Fringing Reef,2024-03-02,07:00:00,obsr230624,2024-03-02 07:00:00,2024,3,2,7,0
178.4406066,-18.1619228,Great Crested Tern,Thalasseus bergii,NA,NA,20,NA,Suva Pt.--East of Fringing Reef,2024-03-17,08:15:00,obsr3641957,2024-03-17 08:15:00,2024,3,17,8,15
178.4174538,-18.13117,Black Noddy,Anous minutus,NA,NA,30,NA,Suva Harbor,2024-04-10,11:45:00,obsr3641957,2024-04-10 11:45:00,2024,4,10,11,45
178.4174538,-18.13117,Great Crested Tern,Thalasseus bergii,NA,NA,10,NA,Suva Harbor,2024-04-10,11:45:00,obsr3641957,2024-04-10 11:45:00,2024,4,10,11,45
178.4174538,-18.13117,Lesser Frigatebird,Fregata ariel,NA,NA,2,NA,Suva Harbor,2024-04-10,11:45:00,obsr3641957,2024-04-10 11:45:00,2024,4,10,11,45
178.496647,-18.849687,Black-naped Tern,Sterna sumatrana,NA,NA,4,NA,Yuba Island,2024-04-26,10:17:00,obsr1157971,2024-04-26 10:17:00,2024,4,26,10,17
178.496647,-18.849687,Brown Booby,Sula leucogaster,NA,NA,5,NA,Yuba Island,2024-04-26,10:17:00,obsr1157971,2024-04-26 10:17:00,2024,4,26,10,17
178.496647,-18.849687,Lesser Frigatebird,Fregata ariel,NA,NA,2,NA,Yuba Island,2024-04-26,10:17:00,obsr1157971,2024-04-26 10:17:00,2024,4,26,10,17
178.496647,-18.849687,Red-footed Booby,Sula sula,NA,NA,6,NA,Yuba Island,2024-04-26,10:17:00,obsr1157971,2024-04-26 10:17:00,2024,4,26,10,17
178.399096,-18.166933,Black Noddy,Anous minutus,NA,NA,250,NA,"Auto selected -18.16693, 178.39910",2024-05-08,09:43:00,obsr131100,2024-05-08 09:43:00,2024,5,8,9,43
178.4174538,-18.13117,Black Noddy,Anous minutus,NA,NA,300,NA,Suva Harbor,2024-05-08,09:04:00,obsr131100,2024-05-08 09:04:00,2024,5,8,9,4
178.533591,-18.205214,Black Noddy,Anous minutus,NA,NA,501,NA,"Auto selected -18.20521, 178.53359",2024-05-08,10:55:00,obsr131100,2024-05-08 10:55:00,2024,5,8,10,55
178.399096,-18.166933,Black-naped Tern,Sterna sumatrana,NA,NA,4,NA,"Auto selected -18.16693, 178.39910",2024-05-08,09:43:00,obsr131100,2024-05-08 09:43:00,2024,5,8,9,43
178.4174538,-18.13117,Black-naped Tern,Sterna sumatrana,NA,NA,4,NA,Suva Harbor,2024-05-08,09:04:00,obsr131100,2024-05-08 09:04:00,2024,5,8,9,4
178.423602,-18.153711,Black-naped Tern,Sterna sumatrana,NA,NA,1,NA,"Queen Elizabeth Drive, Suva FJ-Fiji -18.15371, 178.42360",2024-05-13,12:14:00,obsr1639928,2024-05-13 12:14:00,2024,5,13,12,14
178.4174538,-18.13117,Black-naped Tern,Sterna sumatrana,NA,NA,6,NA,Suva Harbor,2024-05-15,09:18:00,obsr131100,2024-05-15 09:18:00,2024,5,15,9,18
178.533591,-18.205214,Brown Booby,Sula leucogaster,NA,NA,2,NA,"Auto selected -18.20521, 178.53359",2024-05-08,10:55:00,obsr131100,2024-05-08 10:55:00,2024,5,8,10,55
178.4174538,-18.13117,Brown Booby,Sula leucogaster,NA,NA,3,NA,Suva Harbor,2024-05-15,09:18:00,obsr131100,2024-05-15 09:18:00,2024,5,15,9,18
178.4174538,-18.13117,Brown Booby,Sula leucogaster,NA,NA,1,NA,Suva Harbor,2024-05-08,11:45:00,obsr3641957,2024-05-08 11:45:00,2024,5,8,11,45
178.399096,-18.166933,Brown Booby,Sula leucogaster,NA,NA,2,NA,"Auto selected -18.16693, 178.39910",2024-05-08,09:43:00,obsr131100,2024-05-08 09:43:00,2024,5,8,9,43
178.533591,-18.205214,Collared Petrel,Pterodroma brevipes,NA,NA,2,NA,"Auto selected -18.20521, 178.53359",2024-05-08,10:55:00,obsr131100,2024-05-08 10:55:00,2024,5,8,10,55
178.4174538,-18.13117,Great Crested Tern,Thalasseus bergii,NA,NA,14,NA,Suva Harbor,2024-05-15,09:18:00,obsr131100,2024-05-15 09:18:00,2024,5,15,9,18
178.533591,-18.205214,Great Crested Tern,Thalasseus bergii,NA,NA,1,NA,"Auto selected -18.20521, 178.53359",2024-05-08,10:55:00,obsr131100,2024-05-08 10:55:00,2024,5,8,10,55
178.4174538,-18.13117,Great Crested Tern,Thalasseus bergii,NA,NA,1,NA,Suva Harbor,2024-05-08,09:04:00,obsr131100,2024-05-08 09:04:00,2024,5,8,9,4
178.399096,-18.166933,Great Crested Tern,Thalasseus bergii,NA,NA,2,NA,"Auto selected -18.16693, 178.39910",2024-05-08,09:43:00,obsr131100,2024-05-08 09:43:00,2024,5,8,9,43
178.4245777,-18.1590806,Great Crested Tern,Thalasseus bergii,NA,NA,1,NA,Suva Pt.--Fringing Reef to Bowls Club,2024-05-18,16:26:00,obsr2824666,2024-05-18 16:26:00,2024,5,18,16,26
178.4226787,-18.1398365,Great Crested Tern,Thalasseus bergii,NA,NA,4,NA,Ratu Sakuna Park,2024-05-15,11:11:00,obsr131100,2024-05-15 11:11:00,2024,5,15,11,11
178.4245777,-18.1590806,Great Crested Tern,Thalasseus bergii,NA,NA,8,NA,Suva Pt.--Fringing Reef to Bowls Club,2024-05-15,16:03:00,obsr131100,2024-05-15 16:03:00,2024,5,15,16,3
178.4174538,-18.13117,Lesser Frigatebird,Fregata ariel,NA,NA,1,NA,Suva Harbor,2024-05-08,09:04:00,obsr131100,2024-05-08 09:04:00,2024,5,8,9,4
178.4245777,-18.1590806,Lesser Frigatebird,Fregata ariel,NA,NA,2,NA,Suva Pt.--Fringing Reef to Bowls Club,2024-05-15,16:03:00,obsr131100,2024-05-15 16:03:00,2024,5,15,16,3
178.399096,-18.166933,Lesser Frigatebird,Fregata ariel,NA,NA,1,NA,"Auto selected -18.16693, 178.39910",2024-05-08,09:43:00,obsr131100,2024-05-08 09:43:00,2024,5,8,9,43
178.4226787,-18.1398365,Lesser Frigatebird,Fregata ariel,NA,NA,2,NA,Ratu Sakuna Park,2024-05-15,11:11:00,obsr131100,2024-05-15 11:11:00,2024,5,15,11,11
178.4174538,-18.13117,Lesser Frigatebird,Fregata ariel,NA,NA,43,NA,Suva Harbor,2024-05-15,09:18:00,obsr131100,2024-05-15 09:18:00,2024,5,15,9,18
178.533591,-18.205214,Red-footed Booby,Sula sula,NA,NA,15,NA,"Auto selected -18.20521, 178.53359",2024-05-08,10:55:00,obsr131100,2024-05-08 10:55:00,2024,5,8,10,55
178.533591,-18.205214,Sooty Shearwater,Ardenna grisea,NA,NA,2,NA,"Auto selected -18.20521, 178.53359",2024-05-08,10:55:00,obsr131100,2024-05-08 10:55:00,2024,5,8,10,55
178.533591,-18.205214,Wedge-tailed Shearwater,Ardenna pacifica,NA,NA,1,NA,"Auto selected -18.20521, 178.53359",2024-05-08,10:55:00,obsr131100,2024-05-08 10:55:00,2024,5,8,10,55
179.223726,-18.312997,Black-bellied Storm-Petrel,Fregetta tropica,NA,NA,1,NA,"Auto selected -18.31300, 179.22373",2024-05-10,09:08:00,obsr131100,2024-05-10 09:08:00,2024,5,10,9,8
179.209136,-17.942399,Black-bellied Storm-Petrel,Fregetta tropica,NA,NA,1,NA,"Auto selected -17.94240, 179.20914",2024-05-14,07:30:00,obsr131100,2024-05-14 07:30:00,2024,5,14,7,30
179.223726,-18.312997,Black Noddy,Anous minutus,NA,NA,15,NA,"Auto selected -18.31300, 179.22373",2024-05-10,09:08:00,obsr131100,2024-05-10 09:08:00,2024,5,10,9,8
179.178306,-18.45521,Black Noddy,Anous minutus,NA,NA,8,NA,25 mile chum spot 2024,2024-05-09,06:16:00,obsr131100,2024-05-09 06:16:00,2024,5,9,6,16
179.209136,-17.942399,Black Noddy,Anous minutus,NA,NA,304,NA,"Auto selected -17.94240, 179.20914",2024-05-14,07:30:00,obsr131100,2024-05-14 07:30:00,2024,5,14,7,30
179.256569,-18.020293,Black Noddy,Anous minutus,NA,NA,600,NA,"Auto selected -18.02029, 179.25657",2024-05-11,07:02:00,obsr131100,2024-05-11 07:02:00,2024,5,11,7,2
179.240434,-17.992949,Black Noddy,Anous minutus,NA,NA,400,NA,"Herald Bay, Gau - May 22, 2017, 1:20 PM",2024-05-12,15:56:00,obsr131100,2024-05-12 15:56:00,2024,5,12,15,56
179.143585,-17.949439,Black Noddy,Anous minutus,NA,NA,36,NA,"Auto selected -17.94944, 179.14358",2024-05-13,08:01:00,obsr131100,2024-05-13 08:01:00,2024,5,13,8,1
179.223726,-18.312997,Black Noddy,Anous minutus,NA,NA,45,NA,"Auto selected -18.31300, 179.22373",2024-05-09,12:59:00,obsr131100,2024-05-09 12:59:00,2024,5,9,12,59
179.178306,-18.45521,Black Noddy,Anous minutus,NA,NA,1,NA,25 mile chum spot 2024,2024-05-08,16:50:00,obsr131100,2024-05-08 16:50:00,2024,5,8,16,50
179.217254,-18.200397,Black Noddy,Anous minutus,NA,NA,2,NA,"-18.2004x179.2173 - May 21, 2017, 6:10 AM",2024-05-10,15:05:00,obsr131100,2024-05-10 15:05:00,2024,5,10,15,5
179.225339,-17.945309,Black Noddy,Anous minutus,NA,NA,5,NA,"Auto selected -17.94531, 179.22534",2024-05-12,06:47:00,obsr131100,2024-05-12 06:47:00,2024,5,12,6,47
179.122323,-17.98487,Black Noddy,Anous minutus,NA,NA,48,NA,"Auto selected -17.98487, 179.12232",2024-05-13,12:55:00,obsr131100,2024-05-13 12:55:00,2024,5,13,12,55
179.214909,-17.920085,Black Noddy,Anous minutus,NA,NA,50,NA,"Auto selected -17.92008, 179.21491",2024-05-11,15:07:00,obsr131100,2024-05-11 15:07:00,2024,5,11,15,7
179.201325,-17.894145,Black Noddy,Anous minutus,NA,NA,1,NA,"Auto selected -17.89415, 179.20132",2024-05-11,09:29:00,obsr131100,2024-05-11 09:29:00,2024,5,11,9,29
179.224786,-17.88039,Black Noddy,Anous minutus,NA,NA,240,NA,"Auto selected -17.88039, 179.22479",2024-05-12,07:28:00,obsr131100,2024-05-12 07:28:00,2024,5,12,7,28
179.225339,-17.945309,Black Noddy,Anous minutus,NA,NA,10,NA,"Auto selected -17.94531, 179.22534",2024-05-14,15:34:00,obsr131100,2024-05-14 15:34:00,2024,5,14,15,34
179.126597,-17.96032,Black Noddy,Anous minutus,NA,NA,10,NA,"Auto selected -17.96032, 179.12660",2024-05-13,15:40:00,obsr131100,2024-05-13 15:40:00,2024,5,13,15,40
179.209136,-17.942399,Black-naped Tern,Sterna sumatrana,NA,NA,1,NA,"Auto selected -17.94240, 179.20914",2024-05-14,06:56:00,obsr131100,2024-05-14 06:56:00,2024,5,14,6,56
179.223726,-18.312997,Black-naped Tern,Sterna sumatrana,NA,NA,1,NA,"Auto selected -18.31300, 179.22373",2024-05-10,06:40:00,obsr131100,2024-05-10 06:40:00,2024,5,10,6,40
179.201325,-17.894145,Brown Booby,Sula leucogaster,NA,NA,4,NA,"Auto selected -17.89415, 179.20132",2024-05-11,09:29:00,obsr131100,2024-05-11 09:29:00,2024,5,11,9,29
178.5203004,-18.7624694,Brown Booby,Sula leucogaster,NA,NA,1,NA,Dravuni Island,2024-05-19,08:16:00,obsr2275597,2024-05-19 08:16:00,2024,5,19,8,16
179.209136,-17.942399,Brown Booby,Sula leucogaster,NA,NA,1,NA,"Auto selected -17.94240, 179.20914",2024-05-14,07:30:00,obsr131100,2024-05-14 07:30:00,2024,5,14,7,30
179.214909,-17.920085,Brown Booby,Sula leucogaster,NA,NA,7,NA,"Auto selected -17.92008, 179.21491",2024-05-11,13:47:00,obsr131100,2024-05-11 13:47:00,2024,5,11,13,47
178.992315,-17.591477,Brown Booby,Sula leucogaster,NA,NA,1,NA,Wakaya Island Fiji,2024-05-08,10:16:00,obsr627468,2024-05-08 10:16:00,2024,5,8,10,16
179.225339,-17.945309,Brown Booby,Sula leucogaster,NA,NA,10,NA,"Auto selected -17.94531, 179.22534",2024-05-12,06:47:00,obsr131100,2024-05-12 06:47:00,2024,5,12,6,47
179.198971,-17.95001,Brown Booby,Sula leucogaster,NA,NA,5,NA,"Auto selected -17.95001, 179.19897",2024-05-13,07:32:00,obsr131100,2024-05-13 07:32:00,2024,5,13,7,32
179.224786,-17.88039,Brown Booby,Sula leucogaster,NA,NA,8,NA,"Auto selected -17.88039, 179.22479",2024-05-12,07:28:00,obsr131100,2024-05-12 07:28:00,2024,5,12,7,28
179.178306,-18.45521,Brown Booby,Sula leucogaster,NA,NA,1,NA,25 mile chum spot 2024,2024-05-09,06:16:00,obsr131100,2024-05-09 06:16:00,2024,5,9,6,16
179.256569,-18.020293,Brown Booby,Sula leucogaster,NA,NA,15,NA,"Auto selected -18.02029, 179.25657",2024-05-11,07:02:00,obsr131100,2024-05-11 07:02:00,2024,5,11,7,2
179.143585,-17.949439,Brown Noddy,Anous stolidus,NA,NA,1,NA,"Auto selected -17.94944, 179.14358",2024-05-13,08:01:00,obsr131100,2024-05-13 08:01:00,2024,5,13,8,1
179.256569,-18.020293,Brown Noddy,Anous stolidus,NA,NA,5,NA,"Auto selected -18.02029, 179.25657",2024-05-11,07:02:00,obsr131100,2024-05-11 07:02:00,2024,5,11,7,2
179.209136,-17.942399,Brown Noddy,Anous stolidus,NA,NA,6,NA,"Auto selected -17.94240, 179.20914",2024-05-14,07:30:00,obsr131100,2024-05-14 07:30:00,2024,5,14,7,30
179.223726,-18.312997,Buller's Shearwater,Ardenna bulleri,NA,NA,1,NA,"Auto selected -18.31300, 179.22373",2024-05-10,06:40:00,obsr131100,2024-05-10 06:40:00,2024,5,10,6,40
179.224786,-17.88039,Buller's Shearwater,Ardenna bulleri,NA,NA,1,NA,"Auto selected -17.88039, 179.22479",2024-05-12,07:28:00,obsr131100,2024-05-12 07:28:00,2024,5,12,7,28
179.143585,-17.949439,Buller's Shearwater,Ardenna bulleri,NA,NA,2,NA,"Auto selected -17.94944, 179.14358",2024-05-13,13:43:00,obsr131100,2024-05-13 13:43:00,2024,5,13,13,43
179.223726,-18.312997,Collared Petrel,Pterodroma brevipes,NA,NA,1,NA,"Auto selected -18.31300, 179.22373",2024-05-09,12:59:00,obsr131100,2024-05-09 12:59:00,2024,5,9,12,59
179.217254,-18.200397,Collared Petrel,Pterodroma brevipes,NA,NA,1,NA,"-18.2004x179.2173 - May 21, 2017, 6:10 AM",2024-05-10,15:05:00,obsr131100,2024-05-10 15:05:00,2024,5,10,15,5
179.178306,-18.45521,Collared Petrel,Pterodroma brevipes,NA,NA,1,NA,25 mile chum spot 2024,2024-05-09,06:16:00,obsr131100,2024-05-09 06:16:00,2024,5,9,6,16
179.178306,-18.45521,Collared Petrel,Pterodroma brevipes,NA,NA,2,NA,25 mile chum spot 2024,2024-05-08,16:50:00,obsr131100,2024-05-08 16:50:00,2024,5,8,16,50
179.178306,-18.45521,Cook's Petrel,Pterodroma cookii,NA,NA,1,NA,25 mile chum spot 2024,2024-05-09,06:16:00,obsr131100,2024-05-09 06:16:00,2024,5,9,6,16
179.214909,-17.920085,Great Crested Tern,Thalasseus bergii,NA,NA,4,NA,"Auto selected -17.92008, 179.21491",2024-05-11,15:07:00,obsr131100,2024-05-11 15:07:00,2024,5,11,15,7
179.256569,-18.020293,Great Crested Tern,Thalasseus bergii,NA,NA,3,NA,"Auto selected -18.02029, 179.25657",2024-05-11,07:02:00,obsr131100,2024-05-11 07:02:00,2024,5,11,7,2
179.256769,-17.954468,Great Crested Tern,Thalasseus bergii,NA,NA,5,NA,"South Pacifc Ocean (-17.9545,179.2568)",2024-05-14,16:46:00,obsr131100,2024-05-14 16:46:00,2024,5,14,16,46
179.223726,-18.312997,Great Crested Tern,Thalasseus bergii,NA,NA,2,NA,"Auto selected -18.31300, 179.22373",2024-05-10,06:40:00,obsr131100,2024-05-10 06:40:00,2024,5,10,6,40
179.224786,-17.88039,Great Crested Tern,Thalasseus bergii,NA,NA,2,NA,"Auto selected -17.88039, 179.22479",2024-05-12,07:28:00,obsr131100,2024-05-12 07:28:00,2024,5,12,7,28
179.209136,-17.942399,Great Crested Tern,Thalasseus bergii,NA,NA,2,NA,"Auto selected -17.94240, 179.20914",2024-05-14,06:56:00,obsr131100,2024-05-14 06:56:00,2024,5,14,6,56
178.5203004,-18.7624694,Great Frigatebird,Fregata minor,NA,NA,1,NA,Dravuni Island,2024-05-19,08:16:00,obsr4644944,2024-05-19 08:16:00,2024,5,19,8,16
179.143585,-17.949439,Kermadec Petrel,Pterodroma neglecta,NA,NA,1,NA,"Auto selected -17.94944, 179.14358",2024-05-13,08:01:00,obsr131100,2024-05-13 08:01:00,2024,5,13,8,1
179.143585,-17.949439,Lesser Frigatebird,Fregata ariel,NA,NA,9,NA,"Auto selected -17.94944, 179.14358",2024-05-13,08:01:00,obsr131100,2024-05-13 08:01:00,2024,5,13,8,1
179.224786,-17.88039,Lesser Frigatebird,Fregata ariel,NA,NA,32,NA,"Auto selected -17.88039, 179.22479",2024-05-12,07:28:00,obsr131100,2024-05-12 07:28:00,2024,5,12,7,28
179.201325,-17.894145,Lesser Frigatebird,Fregata ariel,NA,NA,1,NA,"Auto selected -17.89415, 179.20132",2024-05-11,09:29:00,obsr131100,2024-05-11 09:29:00,2024,5,11,9,29
179.223726,-18.312997,Lesser Frigatebird,Fregata ariel,NA,NA,4,NA,"Auto selected -18.31300, 179.22373",2024-05-09,12:59:00,obsr131100,2024-05-09 12:59:00,2024,5,9,12,59
179.217254,-18.200397,Lesser Frigatebird,Fregata ariel,NA,NA,1,NA,"-18.2004x179.2173 - May 21, 2017, 6:10 AM",2024-05-10,15:05:00,obsr131100,2024-05-10 15:05:00,2024,5,10,15,5
179.209136,-17.942399,Lesser Frigatebird,Fregata ariel,NA,NA,11,NA,"Auto selected -17.94240, 179.20914",2024-05-14,07:30:00,obsr131100,2024-05-14 07:30:00,2024,5,14,7,30
179.214909,-17.920085,Lesser Frigatebird,Fregata ariel,NA,NA,13,NA,"Auto selected -17.92008, 179.21491",2024-05-11,13:47:00,obsr131100,2024-05-11 13:47:00,2024,5,11,13,47
179.256569,-18.020293,Lesser Frigatebird,Fregata ariel,NA,NA,25,NA,"Auto selected -18.02029, 179.25657",2024-05-11,07:02:00,obsr131100,2024-05-11 07:02:00,2024,5,11,7,2
178.992315,-17.591477,Lesser Frigatebird,Fregata ariel,NA,NA,2,NA,Wakaya Island Fiji,2024-05-08,10:16:00,obsr627468,2024-05-08 10:16:00,2024,5,8,10,16
179.217254,-18.200397,Red-footed Booby,Sula sula,NA,NA,3,NA,"-18.2004x179.2173 - May 21, 2017, 6:10 AM",2024-05-10,15:05:00,obsr131100,2024-05-10 15:05:00,2024,5,10,15,5
179.143585,-17.949439,Red-footed Booby,Sula sula,NA,NA,10,NA,"Auto selected -17.94944, 179.14358",2024-05-13,08:01:00,obsr131100,2024-05-13 08:01:00,2024,5,13,8,1
178.5203004,-18.7624694,Red-footed Booby,Sula sula,NA,NA,16,NA,Dravuni Island,2024-05-19,08:16:00,obsr4644944,2024-05-19 08:16:00,2024,5,19,8,16
179.178306,-18.45521,Red-footed Booby,Sula sula,NA,NA,9,NA,25 mile chum spot 2024,2024-05-08,16:50:00,obsr131100,2024-05-08 16:50:00,2024,5,8,16,50
179.178306,-18.45521,Red-footed Booby,Sula sula,NA,NA,11,NA,25 mile chum spot 2024,2024-05-09,06:16:00,obsr131100,2024-05-09 06:16:00,2024,5,9,6,16
179.223726,-18.312997,Red-footed Booby,Sula sula,NA,NA,6,NA,"Auto selected -18.31300, 179.22373",2024-05-09,12:59:00,obsr131100,2024-05-09 12:59:00,2024,5,9,12,59
179.240434,-17.992949,Red-footed Booby,Sula sula,NA,NA,30,NA,"Herald Bay, Gau - May 22, 2017, 1:20 PM",2024-05-12,15:56:00,obsr131100,2024-05-12 15:56:00,2024,5,12,15,56
179.223726,-18.312997,Red-footed Booby,Sula sula,NA,NA,17,NA,"Auto selected -18.31300, 179.22373",2024-05-10,06:40:00,obsr131100,2024-05-10 06:40:00,2024,5,10,6,40
179.214909,-17.920085,Red-footed Booby,Sula sula,NA,NA,30,NA,"Auto selected -17.92008, 179.21491",2024-05-11,15:07:00,obsr131100,2024-05-11 15:07:00,2024,5,11,15,7
179.256191,-18.031638,Red-footed Booby,Sula sula,NA,NA,3,NA,Gau Island (Nakobuna Bay),2024-05-09,16:15:00,obsr131100,2024-05-09 16:15:00,2024,5,9,16,15
179.225339,-17.945309,Red-footed Booby,Sula sula,NA,NA,1,NA,"Auto selected -17.94531, 179.22534",2024-05-12,06:47:00,obsr131100,2024-05-12 06:47:00,2024,5,12,6,47
179.201325,-17.894145,Red-footed Booby,Sula sula,NA,NA,18,NA,"Auto selected -17.89415, 179.20132",2024-05-11,09:29:00,obsr131100,2024-05-11 09:29:00,2024,5,11,9,29
179.256569,-18.020293,Red-footed Booby,Sula sula,NA,NA,40,NA,"Auto selected -18.02029, 179.25657",2024-05-11,07:02:00,obsr131100,2024-05-11 07:02:00,2024,5,11,7,2
179.209136,-17.942399,Red-footed Booby,Sula sula,NA,NA,11,NA,"Auto selected -17.94240, 179.20914",2024-05-14,07:30:00,obsr131100,2024-05-14 07:30:00,2024,5,14,7,30
179.224786,-17.88039,Red-footed Booby,Sula sula,NA,NA,25,NA,"Auto selected -17.88039, 179.22479",2024-05-12,07:28:00,obsr131100,2024-05-12 07:28:00,2024,5,12,7,28
179.186945,-17.903459,Red-footed Booby,Sula sula,NA,NA,2,NA,"Auto selected -17.90346, 179.18694",2024-05-11,13:09:00,obsr131100,2024-05-11 13:09:00,2024,5,11,13,9
179.122323,-17.98487,Red-footed Booby,Sula sula,NA,NA,3,NA,"Auto selected -17.98487, 179.12232",2024-05-13,12:55:00,obsr131100,2024-05-13 12:55:00,2024,5,13,12,55
179.214909,-17.920085,Red-tailed Tropicbird,Phaethon rubricauda,NA,NA,1,NA,"Auto selected -17.92008, 179.21491",2024-05-11,15:07:00,obsr131100,2024-05-11 15:07:00,2024,5,11,15,7
179.209136,-17.942399,Sooty Shearwater,Ardenna grisea,NA,NA,7,NA,"Auto selected -17.94240, 179.20914",2024-05-14,07:30:00,obsr131100,2024-05-14 07:30:00,2024,5,14,7,30
179.224786,-17.88039,Sooty Shearwater,Ardenna grisea,NA,NA,2,NA,"Auto selected -17.88039, 179.22479",2024-05-12,07:28:00,obsr131100,2024-05-12 07:28:00,2024,5,12,7,28
179.143585,-17.949439,Sooty Shearwater,Ardenna grisea,NA,NA,1,NA,"Auto selected -17.94944, 179.14358",2024-05-13,08:01:00,obsr131100,2024-05-13 08:01:00,2024,5,13,8,1
179.223726,-18.312997,Sooty Shearwater,Ardenna grisea,NA,NA,1,NA,"Auto selected -18.31300, 179.22373",2024-05-09,12:59:00,obsr131100,2024-05-09 12:59:00,2024,5,9,12,59
179.256569,-18.020293,Sooty Shearwater,Ardenna grisea,NA,NA,2,NA,"Auto selected -18.02029, 179.25657",2024-05-11,07:02:00,obsr131100,2024-05-11 07:02:00,2024,5,11,7,2
179.178306,-18.45521,Sooty Shearwater,Ardenna grisea,NA,NA,2,NA,25 mile chum spot 2024,2024-05-09,06:16:00,obsr131100,2024-05-09 06:16:00,2024,5,9,6,16
179.132708,-17.947698,Sooty Shearwater,Ardenna grisea,NA,NA,1,NA,"Auto selected -17.94770, 179.13271",2024-05-13,12:17:00,obsr131100,2024-05-13 12:17:00,2024,5,13,12,17
179.126597,-17.96032,Sooty Shearwater,Ardenna grisea,NA,NA,1,NA,"Auto selected -17.96032, 179.12660",2024-05-13,15:40:00,obsr131100,2024-05-13 15:40:00,2024,5,13,15,40
179.122323,-17.98487,Sooty Shearwater,Ardenna grisea,NA,NA,4,NA,"Auto selected -17.98487, 179.12232",2024-05-13,12:55:00,obsr131100,2024-05-13 12:55:00,2024,5,13,12,55
179.223726,-18.312997,Sooty Shearwater,Ardenna grisea,NA,NA,2,NA,"Auto selected -18.31300, 179.22373",2024-05-10,09:08:00,obsr131100,2024-05-10 09:08:00,2024,5,10,9,8
179.201325,-17.894145,Sooty Shearwater,Ardenna grisea,NA,NA,7,NA,"Auto selected -17.89415, 179.20132",2024-05-11,09:29:00,obsr131100,2024-05-11 09:29:00,2024,5,11,9,29
179.178306,-18.45521,Sooty Tern,Onychoprion fuscatus,NA,NA,1,NA,25 mile chum spot 2024,2024-05-09,06:16:00,obsr131100,2024-05-09 06:16:00,2024,5,9,6,16
179.214909,-17.920085,Tahiti Petrel,Pseudobulweria rostrata,NA,NA,2,NA,"Auto selected -17.92008, 179.21491",2024-05-11,13:47:00,obsr131100,2024-05-11 13:47:00,2024,5,11,13,47
179.122323,-17.98487,Tahiti Petrel,Pseudobulweria rostrata,NA,NA,1,NA,"Auto selected -17.98487, 179.12232",2024-05-13,12:55:00,obsr131100,2024-05-13 12:55:00,2024,5,13,12,55
179.223726,-18.312997,Tahiti Petrel,Pseudobulweria rostrata,NA,NA,3,NA,"Auto selected -18.31300, 179.22373",2024-05-10,09:08:00,obsr131100,2024-05-10 09:08:00,2024,5,10,9,8
179.143585,-17.949439,Tahiti Petrel,Pseudobulweria rostrata,NA,NA,10,NA,"Auto selected -17.94944, 179.14358",2024-05-13,13:43:00,obsr131100,2024-05-13 13:43:00,2024,5,13,13,43
179.132708,-17.947698,Tahiti Petrel,Pseudobulweria rostrata,NA,NA,1,NA,"Auto selected -17.94770, 179.13271",2024-05-13,12:17:00,obsr131100,2024-05-13 12:17:00,2024,5,13,12,17
179.201325,-17.894145,Tahiti Petrel,Pseudobulweria rostrata,NA,NA,3,NA,"Auto selected -17.89415, 179.20132",2024-05-11,09:29:00,obsr131100,2024-05-11 09:29:00,2024,5,11,9,29
179.126597,-17.96032,Tahiti Petrel,Pseudobulweria rostrata,NA,NA,3,NA,"Auto selected -17.96032, 179.12660",2024-05-13,15:40:00,obsr131100,2024-05-13 15:40:00,2024,5,13,15,40
179.224786,-17.88039,Tahiti Petrel,Pseudobulweria rostrata,NA,NA,61,NA,"Auto selected -17.88039, 179.22479",2024-05-12,07:28:00,obsr131100,2024-05-12 07:28:00,2024,5,12,7,28
179.209136,-17.942399,Tahiti Petrel,Pseudobulweria rostrata,NA,NA,46,NA,"Auto selected -17.94240, 179.20914",2024-05-14,07:30:00,obsr131100,2024-05-14 07:30:00,2024,5,14,7,30
179.223726,-18.312997,Wedge-tailed Shearwater,Ardenna pacifica,NA,NA,4,NA,"Auto selected -18.31300, 179.22373",2024-05-09,11:07:00,obsr131100,2024-05-09 11:07:00,2024,5,9,11,7
179.209136,-17.942399,Wedge-tailed Shearwater,Ardenna pacifica,NA,NA,2,NA,"Auto selected -17.94240, 179.20914",2024-05-14,07:30:00,obsr131100,2024-05-14 07:30:00,2024,5,14,7,30
179.122323,-17.98487,Wedge-tailed Shearwater,Ardenna pacifica,NA,NA,1,NA,"Auto selected -17.98487, 179.12232",2024-05-13,12:55:00,obsr131100,2024-05-13 12:55:00,2024,5,13,12,55
179.178306,-18.45521,Wedge-tailed Shearwater,Ardenna pacifica,NA,NA,1,NA,25 mile chum spot 2024,2024-05-08,16:50:00,obsr131100,2024-05-08 16:50:00,2024,5,8,16,50
179.224786,-17.88039,Wedge-tailed Shearwater,Ardenna pacifica,NA,NA,3,NA,"Auto selected -17.88039, 179.22479",2024-05-12,07:28:00,obsr131100,2024-05-12 07:28:00,2024,5,12,7,28
179.223726,-18.312997,Wedge-tailed Shearwater,Ardenna pacifica,NA,NA,3,NA,"Auto selected -18.31300, 179.22373",2024-05-10,09:08:00,obsr131100,2024-05-10 09:08:00,2024,5,10,9,8
179.201325,-17.894145,Wedge-tailed Shearwater,Ardenna pacifica,NA,NA,1,NA,"Auto selected -17.89415, 179.20132",2024-05-11,09:29:00,obsr131100,2024-05-11 09:29:00,2024,5,11,9,29
179.143585,-17.949439,Wedge-tailed Shearwater,Ardenna pacifica,NA,NA,1,NA,"Auto selected -17.94944, 179.14358",2024-05-13,13:43:00,obsr131100,2024-05-13 13:43:00,2024,5,13,13,43
179.178306,-18.45521,Wedge-tailed Shearwater,Ardenna pacifica,NA,NA,4,NA,25 mile chum spot 2024,2024-05-09,06:16:00,obsr131100,2024-05-09 06:16:00,2024,5,9,6,16
179.178306,-18.45521,White-faced Storm-Petrel,Pelagodroma marina,NA,NA,2,NA,25 mile chum spot 2024,2024-05-09,06:16:00,obsr131100,2024-05-09 06:16:00,2024,5,9,6,16
179.143585,-17.949439,White-tailed Tropicbird,Phaethon lepturus,NA,NA,1,NA,"Auto selected -17.94944, 179.14358",2024-05-13,08:01:00,obsr131100,2024-05-13 08:01:00,2024,5,13,8,1
179.178306,-18.45521,White-tailed Tropicbird,Phaethon lepturus,NA,NA,1,NA,25 mile chum spot 2024,2024-05-09,06:16:00,obsr131100,2024-05-09 06:16:00,2024,5,9,6,16
179.209136,-17.942399,Wilson's Storm-Petrel,Oceanites oceanicus,NA,NA,1,NA,"Auto selected -17.94240, 179.20914",2024-05-14,07:30:00,obsr131100,2024-05-14 07:30:00,2024,5,14,7,30
179.224786,-17.88039,Wilson's Storm-Petrel,Oceanites oceanicus,NA,NA,1,NA,"Auto selected -17.88039, 179.22479",2024-05-12,07:28:00,obsr131100,2024-05-12 07:28:00,2024,5,12,7,28
179.178306,-18.45521,Wilson's Storm-Petrel,Oceanites oceanicus,NA,NA,2,NA,25 mile chum spot 2024,2024-05-09,06:16:00,obsr131100,2024-05-09 06:16:00,2024,5,9,6,16
178.1638542,-18.2455851,Great Crested Tern,Thalasseus bergii,NA,NA,30,NA,"Unnamed Road, Navua, FJ (-18.246, 178.164)",2024-06-22,10:24:00,obsr433118,2024-06-22 10:24:00,2024,6,22,10,24
178.4462744,-18.1297102,Great Crested Tern,Thalasseus bergii,NA,NA,3,NA,"Suva, Viti Levu (General)",2024-06-11,06:57:00,obsr4006507,2024-06-11 06:57:00,2024,6,11,6,57
178.4486103,-18.1526009,Great Crested Tern,Thalasseus bergii,NA,NA,8,NA,Suva Pt.--University,2024-06-21,10:55:00,obsr433118,2024-06-21 10:55:00,2024,6,21,10,55
178.4486103,-18.1526009,Lesser Frigatebird,Fregata ariel,NA,NA,1,NA,Suva Pt.--University,2024-06-21,10:55:00,obsr433118,2024-06-21 10:55:00,2024,6,21,10,55
178.4771916,-18.1185493,Lesser Frigatebird,Fregata ariel,NA,NA,1,NA,"Vishant Pl, Suva, FJ (-18.119, 178.477)",2024-07-05,08:30:00,obsr3778221,2024-07-05 08:30:00,2024,7,5,8,30
178.5294035,-18.846055,Great Frigatebird,Fregata minor,NA,NA,1,NA,"FJ (-18.846, 178.529)",2024-07-21,14:45:00,obsr813008,2024-07-21 14:45:00,2024,7,21,14,45
178.2400868,-18.9666664,Lesser Frigatebird,Fregata ariel,NA,NA,1,NA,Kadavu Island - Papageno Resort,2024-07-27,06:30:00,obsr755415,2024-07-27 06:30:00,2024,7,27,6,30
178.220047,-17.3036518,Great Crested Tern,Thalasseus bergii,NA,NA,1,F,beach side,2024-07-28,18:06:00,obsr1538084,2024-07-28 18:06:00,2024,7,28,18,6
178.220047,-17.3036518,Great Crested Tern,Thalasseus bergii,NA,NA,1,F,beach side,2024-07-29,10:45:00,obsr1538084,2024-07-29 10:45:00,2024,7,29,10,45
178.7220454,-17.8080852,Black-naped Tern,Sterna sumatrana,NA,NA,5,NA,Leleuvia,2024-08-02,12:59:00,obsr857590,2024-08-02 12:59:00,2024,8,2,12,59
178.4462744,-18.1297102,Brown Booby,Sula leucogaster,NA,NA,2,NA,"Suva, Viti Levu (General)",2024-08-31,14:00:00,obsr2348693,2024-08-31 14:00:00,2024,8,31,14,0
178.4622359,-18.0596807,Great Crested Tern,Thalasseus bergii,NA,NA,1,NA,Colo-I-Suva Forest Park,2024-08-31,06:23:00,obsr2348693,2024-08-31 06:23:00,2024,8,31,6,23
178.4555897,-18.1503955,Great Crested Tern,Thalasseus bergii,NA,NA,40,NA,Suva NSC Breakwater,2024-08-24,11:00:00,obsr230624,2024-08-24 11:00:00,2024,8,24,11,0
178.7220454,-17.8080852,Great Crested Tern,Thalasseus bergii,NA,NA,5,NA,Leleuvia,2024-08-02,09:14:00,obsr857590,2024-08-02 09:14:00,2024,8,2,9,14
178.7220454,-17.8080852,Lesser Frigatebird,Fregata ariel,NA,NA,1,NA,Leleuvia,2024-08-01,13:33:00,obsr4387778,2024-08-01 13:33:00,2024,8,1,13,33
178.4555897,-18.1503955,Lesser Frigatebird,Fregata ariel,NA,NA,2,NA,Suva NSC Breakwater,2024-08-24,11:00:00,obsr230624,2024-08-24 11:00:00,2024,8,24,11,0
178.4622359,-18.0596807,Lesser Frigatebird,Fregata ariel,NA,NA,1,NA,Colo-I-Suva Forest Park,2024-08-31,06:23:00,obsr3805611,2024-08-31 06:23:00,2024,8,31,6,23
178.4462744,-18.1297102,Lesser Frigatebird,Fregata ariel,NA,NA,2,NA,"Suva, Viti Levu (General)",2024-08-31,14:00:00,obsr2348693,2024-08-31 14:00:00,2024,8,31,14,0
178.4462744,-18.1297102,Red-footed Booby,Sula sula,NA,NA,1,NA,"Suva, Viti Levu (General)",2024-08-31,14:00:00,obsr2348693,2024-08-31 14:00:00,2024,8,31,14,0
178.515476,-18.864285,Black-naped Tern,Sterna sumatrana,NA,NA,3,NA,"Auto selected -18.86428, 178.51548. Lunch spot manta ray day",2024-08-06,11:45:00,obsr425444,2024-08-06 11:45:00,2024,8,6,11,45
178.2400868,-18.9666664,Great Crested Tern,Thalasseus bergii,NA,NA,6,NA,Kadavu Island - Papageno Resort,2024-08-04,13:45:00,obsr450777,2024-08-04 13:45:00,2024,8,4,13,45
178.2400868,-18.9666664,Great Crested Tern,Thalasseus bergii,NA,NA,1,NA,Kadavu Island - Papageno Resort,2024-08-05,06:30:00,obsr44754,2024-08-05 06:30:00,2024,8,5,6,30
178.722384,-17.810255,Great Crested Tern,Thalasseus bergii,NA,NA,1,NA,"Auto selected -17.81025, 178.72238",2024-08-02,07:53:00,obsr4387778,2024-08-02 07:53:00,2024,8,2,7,53
178.501162,-18.845118,Red-footed Booby,Sula sula,NA,NA,7,NA,"Auto selected -18.84512, 178.50116",2024-08-06,12:48:00,obsr425444,2024-08-06 12:48:00,2024,8,6,12,48
178.4406066,-18.1619228,Black-naped Tern,Sterna sumatrana,NA,NA,2,NA,Suva Pt.--East of Fringing Reef,2024-09-15,12:01:00,obsr230624,2024-09-15 12:01:00,2024,9,15,12,1
178.4406066,-18.1619228,Brown Booby,Sula leucogaster,NA,NA,1,NA,Suva Pt.--East of Fringing Reef,2024-09-15,12:01:00,obsr230624,2024-09-15 12:01:00,2024,9,15,12,1
178.7220454,-17.8080852,Brown Booby,Sula leucogaster,NA,NA,7,NA,Leleuvia,2024-09-16,06:30:00,obsr3641957,2024-09-16 06:30:00,2024,9,16,6,30
178.4226787,-18.1398365,Brown Booby,Sula leucogaster,NA,NA,1,NA,Ratu Sakuna Park,2024-09-17,13:53:00,obsr2651756,2024-09-17 13:53:00,2024,9,17,13,53
178.4486103,-18.1526009,Brown Booby,Sula leucogaster,NA,NA,1,NA,Suva Pt.--University,2024-09-01,15:07:00,obsr668995,2024-09-01 15:07:00,2024,9,1,15,7
178.4223538,-18.1470953,Great Crested Tern,Thalasseus bergii,NA,NA,1,NA,"584 - 618 Victoria Parade, Suva, Central Division, FJ",2024-09-14,16:14:00,obsr4656039,2024-09-14 16:14:00,2024,9,14,16,14
178.7220454,-17.8080852,Great Crested Tern,Thalasseus bergii,NA,NA,9,NA,Leleuvia,2024-09-16,06:30:00,obsr3641957,2024-09-16 06:30:00,2024,9,16,6,30
178.4406066,-18.1619228,Great Crested Tern,Thalasseus bergii,NA,NA,24,NA,Suva Pt.--East of Fringing Reef,2024-09-01,13:53:00,obsr230624,2024-09-01 13:53:00,2024,9,1,13,53
178.4406066,-18.1619228,Great Crested Tern,Thalasseus bergii,NA,NA,32,NA,Suva Pt.--East of Fringing Reef,2024-09-15,12:01:00,obsr230624,2024-09-15 12:01:00,2024,9,15,12,1
178.4486103,-18.1526009,Great Crested Tern,Thalasseus bergii,NA,NA,5,NA,Suva Pt.--University,2024-09-01,15:07:00,obsr668995,2024-09-01 15:07:00,2024,9,1,15,7
178.4406066,-18.1619228,Great Crested Tern,Thalasseus bergii,NA,NA,30,NA,Suva Pt.--East of Fringing Reef,2024-09-07,14:50:00,obsr3641957,2024-09-07 14:50:00,2024,9,7,14,50
178.4226787,-18.1398365,Great Crested Tern,Thalasseus bergii,NA,NA,1,NA,Ratu Sakuna Park,2024-09-17,16:05:00,obsr2651756,2024-09-17 16:05:00,2024,9,17,16,5
178.7220454,-17.8080852,Great Crested Tern,Thalasseus bergii,NA,NA,9,NA,Leleuvia,2024-09-15,07:30:00,obsr3641957,2024-09-15 07:30:00,2024,9,15,7,30
178.2944793,-17.9794161,Great Crested Tern,Thalasseus bergii,NA,NA,1,NA,Nadakuni,2024-09-29,13:00:00,obsr277145,2024-09-29 13:00:00,2024,9,29,13,0
178.42026,-18.11348,Lesser Frigatebird,Fregata ariel,NA,NA,1,NA,Lami Bay,2024-09-28,NA,obsr519882,2024-09-28 NA,2024,9,28,NA,NA
178.4486103,-18.1526009,Lesser Frigatebird,Fregata ariel,NA,NA,3,NA,Suva Pt.--University,2024-09-01,15:07:00,obsr668995,2024-09-01 15:07:00,2024,9,1,15,7
178.7220454,-17.8080852,Lesser Frigatebird,Fregata ariel,NA,NA,2,NA,Leleuvia,2024-09-15,07:30:00,obsr3641957,2024-09-15 07:30:00,2024,9,15,7,30
178.4406066,-18.1619228,Lesser Frigatebird,Fregata ariel,NA,NA,4,NA,Suva Pt.--East of Fringing Reef,2024-09-07,14:50:00,obsr3641957,2024-09-07 14:50:00,2024,9,7,14,50
178.7220454,-17.8080852,Lesser Frigatebird,Fregata ariel,NA,NA,4,NA,Leleuvia,2024-09-16,06:30:00,obsr3641957,2024-09-16 06:30:00,2024,9,16,6,30
178.4406066,-18.1619228,Red-footed Booby,Sula sula,NA,NA,1,NA,Suva Pt.--East of Fringing Reef,2024-09-01,13:53:00,obsr230624,2024-09-01 13:53:00,2024,9,1,13,53
178.4486103,-18.1526009,Red-footed Booby,Sula sula,NA,NA,1,NA,Suva Pt.--University,2024-09-01,15:07:00,obsr668995,2024-09-01 15:07:00,2024,9,1,15,7
178.21815,-18.98487,Black-naped Tern,Sterna sumatrana,NA,NA,20,NA,Kadavu Island,2024-09-23,NA,obsr519882,2024-09-23 NA,2024,9,23,NA,NA
178.23903,-18.96693,Black-naped Tern,Sterna sumatrana,NA,NA,2,NA,Kadavu Island --Papageno Eco-resort,2024-09-23,NA,obsr519882,2024-09-23 NA,2024,9,23,NA,NA
178.3236229,-18.9307249,Black-naped Tern,Sterna sumatrana,NA,NA,8,NA,Boat ride to Papageno,2024-09-23,12:00:00,obsr277145,2024-09-23 12:00:00,2024,9,23,12,0
178.3236229,-18.9307249,Black-naped Tern,Sterna sumatrana,NA,NA,6,NA,Boat ride to Papageno,2024-09-24,10:00:00,obsr277145,2024-09-24 10:00:00,2024,9,24,10,0
178.23903,-18.96693,Brown Booby,Sula leucogaster,NA,NA,1,NA,Kadavu Island --Papageno Eco-resort,2024-09-24,NA,obsr519882,2024-09-24 NA,2024,9,24,NA,NA
178.3236229,-18.9307249,Brown Booby,Sula leucogaster,NA,NA,1,NA,Boat ride to Papageno,2024-09-24,10:00:00,obsr277145,2024-09-24 10:00:00,2024,9,24,10,0
178.3236229,-18.9307249,Great Crested Tern,Thalasseus bergii,NA,NA,8,NA,Boat ride to Papageno,2024-09-24,10:00:00,obsr277145,2024-09-24 10:00:00,2024,9,24,10,0
178.2400868,-18.9666664,Great Crested Tern,Thalasseus bergii,NA,NA,2,NA,Kadavu Island - Papageno Resort,2024-09-24,09:00:00,obsr277145,2024-09-24 09:00:00,2024,9,24,9,0
178.3236229,-18.9307249,Great Crested Tern,Thalasseus bergii,NA,NA,10,NA,Boat ride to Papageno,2024-09-23,12:00:00,obsr277145,2024-09-23 12:00:00,2024,9,23,12,0
178.21815,-18.98487,Great Crested Tern,Thalasseus bergii,NA,NA,50,NA,Kadavu Island,2024-09-23,NA,obsr519882,2024-09-23 NA,2024,9,23,NA,NA
178.4245777,-18.1590806,Black-naped Tern,Sterna sumatrana,NA,NA,2,NA,Suva Pt.--Fringing Reef to Bowls Club,2024-10-28,11:38:00,obsr454673,2024-10-28 11:38:00,2024,10,28,11,38
178.1036353,-18.3808364,Black-naped Tern,Sterna sumatrana,NA,NA,1,NA,Beqa Lagoon Resort,2024-10-24,06:13:00,obsr6442276,2024-10-24 06:13:00,2024,10,24,6,13
178.1036353,-18.3808364,Brown Booby,Sula leucogaster,NA,NA,4,NA,Beqa Lagoon Resort,2024-10-14,15:24:00,obsr2669921,2024-10-14 15:24:00,2024,10,14,15,24
178.1036353,-18.3808364,Brown Booby,Sula leucogaster,NA,NA,1,NA,Beqa Lagoon Resort,2024-10-25,18:53:00,obsr6442276,2024-10-25 18:53:00,2024,10,25,18,53
178.1036353,-18.3808364,Brown Noddy,Anous stolidus,NA,NA,1,NA,Beqa Lagoon Resort,2024-10-24,06:13:00,obsr6442276,2024-10-24 06:13:00,2024,10,24,6,13
178.4174538,-18.13117,Great Crested Tern,Thalasseus bergii,NA,NA,3,NA,Suva Harbor,2024-10-30,13:56:00,obsr629694,2024-10-30 13:56:00,2024,10,30,13,56
178.7220454,-17.8080852,Great Crested Tern,Thalasseus bergii,NA,NA,1,NA,Leleuvia,2024-10-03,15:55:00,obsr1180925,2024-10-03 15:55:00,2024,10,3,15,55
178.4245777,-18.1590806,Great Crested Tern,Thalasseus bergii,NA,NA,7,NA,Suva Pt.--Fringing Reef to Bowls Club,2024-10-28,11:38:00,obsr454673,2024-10-28 11:38:00,2024,10,28,11,38
178.185325,-18.221245,Great Crested Tern,Thalasseus bergii,NA,NA,1,NA,"Auto selected -18.22125, 178.18532",2024-10-30,10:13:00,obsr454673,2024-10-30 10:13:00,2024,10,30,10,13
178.1036353,-18.3808364,Great Crested Tern,Thalasseus bergii,NA,NA,3,NA,Beqa Lagoon Resort,2024-10-14,15:24:00,obsr2669921,2024-10-14 15:24:00,2024,10,14,15,24
178.1036353,-18.3808364,Great Frigatebird,Fregata minor,NA,NA,1,NA,Beqa Lagoon Resort,2024-10-20,11:09:00,obsr6442276,2024-10-20 11:09:00,2024,10,20,11,9
178.4245777,-18.1590806,Lesser Frigatebird,Fregata ariel,NA,NA,1,NA,Suva Pt.--Fringing Reef to Bowls Club,2024-10-28,11:38:00,obsr454673,2024-10-28 11:38:00,2024,10,28,11,38
178.7220454,-17.8080852,Lesser Frigatebird,Fregata ariel,NA,NA,1,NA,Leleuvia,2024-10-03,15:55:00,obsr1180925,2024-10-03 15:55:00,2024,10,3,15,55
178.4174538,-18.13117,Lesser Frigatebird,Fregata ariel,NA,NA,1,NA,Suva Harbor,2024-10-30,12:23:00,obsr629694,2024-10-30 12:23:00,2024,10,30,12,23
178.2400868,-18.9666664,Black Noddy,Anous minutus,NA,NA,2,NA,Kadavu Island - Papageno Resort,2024-10-07,06:52:00,obsr923358,2024-10-07 06:52:00,2024,10,7,6,52
178.2400868,-18.9666664,Black-naped Tern,Sterna sumatrana,NA,NA,8,NA,Kadavu Island - Papageno Resort,2024-10-06,15:00:00,obsr447054,2024-10-06 15:00:00,2024,10,6,15,0
178.182206,-18.982763,Black-naped Tern,Sterna sumatrana,NA,NA,1,NA,"Kadavu FJ-斐济 (-18.9828,178.1822)",2024-10-16,12:39:00,obsr4304463,2024-10-16 12:39:00,2024,10,16,12,39
178.8635181,-17.8310561,Black-naped Tern,Sterna sumatrana,NA,NA,3,NA,Sail into Levuka,2024-10-03,06:12:00,obsr2061689,2024-10-03 06:12:00,2024,10,3,6,12
178.2400868,-18.9666664,Black-naped Tern,Sterna sumatrana,NA,NA,12,NA,Kadavu Island - Papageno Resort,2024-10-07,06:52:00,obsr923358,2024-10-07 06:52:00,2024,10,7,6,52
178.2400868,-18.9666664,Bridled Tern,Onychoprion anaethetus,NA,NA,20,NA,Kadavu Island - Papageno Resort,2024-10-06,15:00:00,obsr4907473,2024-10-06 15:00:00,2024,10,6,15,0
178.8635181,-17.8310561,Bridled Tern,Onychoprion anaethetus,NA,NA,4,NA,Sail into Levuka,2024-10-03,06:12:00,obsr2061689,2024-10-03 06:12:00,2024,10,3,6,12
178.2400868,-18.9666664,Bridled Tern,Onychoprion anaethetus,NA,NA,25,NA,Kadavu Island - Papageno Resort,2024-10-07,06:52:00,obsr447054,2024-10-07 06:52:00,2024,10,7,6,52
178.2400868,-18.9666664,Brown Booby,Sula leucogaster,NA,NA,4,NA,Kadavu Island - Papageno Resort,2024-10-06,15:00:00,obsr923358,2024-10-06 15:00:00,2024,10,6,15,0
178.2400868,-18.9666664,Brown Booby,Sula leucogaster,NA,NA,4,NA,Kadavu Island - Papageno Resort,2024-10-07,06:52:00,obsr923358,2024-10-07 06:52:00,2024,10,7,6,52
178.182206,-18.982763,Brown Booby,Sula leucogaster,NA,NA,1,NA,"Kadavu FJ-斐济 (-18.9828,178.1822)",2024-10-16,12:39:00,obsr4304463,2024-10-16 12:39:00,2024,10,16,12,39
178.2400868,-18.9666664,Brown Noddy,Anous stolidus,NA,NA,1,NA,Kadavu Island - Papageno Resort,2024-10-07,06:52:00,obsr4907473,2024-10-07 06:52:00,2024,10,7,6,52
178.2400868,-18.9666664,Great Crested Tern,Thalasseus bergii,NA,NA,1,NA,Kadavu Island - Papageno Resort,2024-10-07,08:29:00,obsr413715,2024-10-07 08:29:00,2024,10,7,8,29
178.2400868,-18.9666664,Great Crested Tern,Thalasseus bergii,NA,NA,5,NA,Kadavu Island - Papageno Resort,2024-10-08,08:34:00,obsr4907473,2024-10-08 08:34:00,2024,10,8,8,34
178.2400868,-18.9666664,Great Crested Tern,Thalasseus bergii,NA,NA,10,NA,Kadavu Island - Papageno Resort,2024-10-06,15:00:00,obsr923358,2024-10-06 15:00:00,2024,10,6,15,0
178.182206,-18.982763,Great Crested Tern,Thalasseus bergii,NA,NA,2,NA,"Kadavu FJ-斐济 (-18.9828,178.1822)",2024-10-16,12:39:00,obsr4304463,2024-10-16 12:39:00,2024,10,16,12,39
178.8362787,-17.6845967,Great Crested Tern,Thalasseus bergii,NA,NA,2,NA,Levuka,2024-10-03,08:44:00,obsr2061689,2024-10-03 08:44:00,2024,10,3,8,44
178.2400868,-18.9666664,Great Frigatebird,Fregata minor,NA,NA,1,NA,Kadavu Island - Papageno Resort,2024-10-06,15:00:00,obsr4907473,2024-10-06 15:00:00,2024,10,6,15,0
178.2400868,-18.9666664,Lesser Frigatebird,Fregata ariel,NA,NA,1,NA,Kadavu Island - Papageno Resort,2024-10-06,15:00:00,obsr4907473,2024-10-06 15:00:00,2024,10,6,15,0
178.2400868,-18.9666664,Lesser Frigatebird,Fregata ariel,NA,NA,1,NA,Kadavu Island - Papageno Resort,2024-10-07,06:52:00,obsr4907473,2024-10-07 06:52:00,2024,10,7,6,52
178.2400868,-18.9666664,Red-footed Booby,Sula sula,NA,NA,34,NA,Kadavu Island - Papageno Resort,2024-10-06,15:00:00,obsr4907473,2024-10-06 15:00:00,2024,10,6,15,0
178.2400868,-18.9666664,Red-footed Booby,Sula sula,NA,NA,20,NA,Kadavu Island - Papageno Resort,2024-10-07,06:52:00,obsr923358,2024-10-07 06:52:00,2024,10,7,6,52
178.2400868,-18.9666664,Red-footed Booby,Sula sula,NA,NA,6,NA,Kadavu Island - Papageno Resort,2024-10-08,08:34:00,obsr923358,2024-10-08 08:34:00,2024,10,8,8,34
178.8635181,-17.8310561,Red-footed Booby,Sula sula,NA,NA,12,NA,Sail into Levuka,2024-10-03,06:12:00,obsr2061689,2024-10-03 06:12:00,2024,10,3,6,12
178.2400868,-18.9666664,Tahiti Petrel,Pseudobulweria rostrata,NA,NA,1,NA,Kadavu Island - Papageno Resort,2024-10-06,15:00:00,obsr923358,2024-10-06 15:00:00,2024,10,6,15,0
179.736586,-17.035233,Black Noddy,Anous minutus,NA,NA,5,NA,"Auto selected -17.03523, 179.73659",2024-10-21,13:06:00,obsr920117,2024-10-21 13:06:00,2024,10,21,13,6
179.736586,-17.035233,Bridled Tern,Onychoprion anaethetus,NA,NA,2,NA,"Auto selected -17.03523, 179.73659",2024-10-21,13:06:00,obsr920117,2024-10-21 13:06:00,2024,10,21,13,6
179.736586,-17.035233,Brown Booby,Sula leucogaster,NA,NA,2,NA,"Auto selected -17.03523, 179.73659",2024-10-21,13:06:00,obsr920117,2024-10-21 13:06:00,2024,10,21,13,6
179.736586,-17.035233,Great Frigatebird,Fregata minor,NA,NA,1,NA,"Auto selected -17.03523, 179.73659",2024-10-21,13:06:00,obsr920117,2024-10-21 13:06:00,2024,10,21,13,6
179.736586,-17.035233,Lesser Frigatebird,Fregata ariel,NA,NA,1,NA,"Auto selected -17.03523, 179.73659",2024-10-21,13:06:00,obsr920117,2024-10-21 13:06:00,2024,10,21,13,6
179.736586,-17.035233,Red-footed Booby,Sula sula,NA,NA,4,NA,"Auto selected -17.03523, 179.73659",2024-10-21,13:06:00,obsr920117,2024-10-21 13:06:00,2024,10,21,13,6
179.736586,-17.035233,Sooty Shearwater,Ardenna grisea,NA,NA,2,NA,"Auto selected -17.03523, 179.73659",2024-10-21,13:06:00,obsr920117,2024-10-21 13:06:00,2024,10,21,13,6
179.736586,-17.035233,Tahiti Petrel,Pseudobulweria rostrata,NA,NA,2,NA,"Auto selected -17.03523, 179.73659",2024-10-21,13:06:00,obsr920117,2024-10-21 13:06:00,2024,10,21,13,6
178.4684372,-17.3195042,Black Noddy,Anous minutus,NA,NA,500,NA,Vatu-i-Ra,2024-10-05,09:17:00,obsr1468891,2024-10-05 09:17:00,2024,10,5,9,17
178.4684372,-17.3195042,Black-naped Tern,Sterna sumatrana,NA,NA,20,NA,Vatu-i-Ra,2024-10-05,09:17:00,obsr1468891,2024-10-05 09:17:00,2024,10,5,9,17
178.1750822,-17.3127441,Black-naped Tern,Sterna sumatrana,NA,NA,4,NA,Volivoli Resort,2024-10-29,09:45:00,obsr6442276,2024-10-29 09:45:00,2024,10,29,9,45
178.4684372,-17.3195042,Brown Booby,Sula leucogaster,NA,NA,6,NA,Vatu-i-Ra,2024-10-05,09:40:00,obsr530474,2024-10-05 09:40:00,2024,10,5,9,40
178.4684372,-17.3195042,Brown Noddy,Anous stolidus,NA,NA,150,NA,Vatu-i-Ra,2024-10-05,09:17:00,obsr1468891,2024-10-05 09:17:00,2024,10,5,9,17
178.1750822,-17.3127441,Great Crested Tern,Thalasseus bergii,NA,NA,1,NA,Volivoli Resort,2024-10-29,09:45:00,obsr6442276,2024-10-29 09:45:00,2024,10,29,9,45
178.1750822,-17.3127441,Great Frigatebird,Fregata minor,NA,NA,1,NA,Volivoli Resort,2024-10-28,16:14:00,obsr6442276,2024-10-28 16:14:00,2024,10,28,16,14
178.4684372,-17.3195042,Great Frigatebird,Fregata minor,NA,NA,10,NA,Vatu-i-Ra,2024-10-05,09:17:00,obsr1468891,2024-10-05 09:17:00,2024,10,5,9,17
178.20933,-17.331843,Lesser Frigatebird,Fregata ariel,NA,NA,2,NA,Duadua Resort,2024-10-05,06:04:00,obsr1468891,2024-10-05 06:04:00,2024,10,5,6,4
178.2084327,-17.3320587,Lesser Frigatebird,Fregata ariel,NA,NA,1,NA,"Volivoli, Western Division, FJ (-17.332, 178.208)",2024-10-05,07:00:00,obsr530474,2024-10-05 07:00:00,2024,10,5,7,0
178.4684372,-17.3195042,Lesser Frigatebird,Fregata ariel,NA,NA,6,NA,Vatu-i-Ra,2024-10-05,09:40:00,obsr530474,2024-10-05 09:40:00,2024,10,5,9,40
178.4684372,-17.3195042,Masked Booby,Sula dactylatra,NA,NA,1,NA,Vatu-i-Ra,2024-10-05,09:17:00,obsr1468891,2024-10-05 09:17:00,2024,10,5,9,17
178.4684372,-17.3195042,Red-footed Booby,Sula sula,NA,NA,200,NA,Vatu-i-Ra,2024-10-05,09:17:00,obsr1468891,2024-10-05 09:17:00,2024,10,5,9,17
178.4684372,-17.3195042,Tahiti Petrel,Pseudobulweria rostrata,NA,NA,1,NA,Vatu-i-Ra,2024-10-05,09:17:00,obsr1468891,2024-10-05 09:17:00,2024,10,5,9,17
178.030235,-18.265947,Black-naped Tern,Sterna sumatrana,NA,NA,2,NA,"Queens Road FJ-Fiji (-18.2659,178.0302)",2024-11-14,13:24:00,obsr395043,2024-11-14 13:24:00,2024,11,14,13,24
178.454833,-18.1494507,Brown Booby,Sula leucogaster,NA,NA,1,NA,Suva Point,2024-11-30,13:11:00,obsr1892057,2024-11-30 13:11:00,2024,11,30,13,11
178.030235,-18.265947,Great Crested Tern,Thalasseus bergii,NA,NA,8,NA,"Queens Road FJ-Fiji (-18.2659,178.0302)",2024-11-14,13:24:00,obsr395043,2024-11-14 13:24:00,2024,11,14,13,24
178.447425,-18.155227,Great Crested Tern,Thalasseus bergii,NA,NA,7,NA,Suva foreshore,2024-11-05,15:16:00,obsr6298161,2024-11-05 15:16:00,2024,11,5,15,16
178.454833,-18.1494507,Great Crested Tern,Thalasseus bergii,NA,NA,4,NA,Suva Point,2024-11-30,13:11:00,obsr1892057,2024-11-30 13:11:00,2024,11,30,13,11
178.4226787,-18.1398365,Great Crested Tern,Thalasseus bergii,NA,NA,3,NA,Ratu Sakuna Park,2024-11-10,10:45:00,obsr1083293,2024-11-10 10:45:00,2024,11,10,10,45
178.4486103,-18.1526009,Great Crested Tern,Thalasseus bergii,NA,NA,8,NA,Suva Pt.--University,2024-11-28,12:30:00,obsr1892057,2024-11-28 12:30:00,2024,11,28,12,30
178.4226787,-18.1398365,Great Frigatebird,Fregata minor,NA,NA,1,NA,Ratu Sakuna Park,2024-11-10,10:45:00,obsr1083293,2024-11-10 10:45:00,2024,11,10,10,45
178.4486103,-18.1526009,Lesser Frigatebird,Fregata ariel,NA,NA,2,NA,Suva Pt.--University,2024-11-28,12:30:00,obsr1892057,2024-11-28 12:30:00,2024,11,28,12,30
178.4226787,-18.1398365,Lesser Frigatebird,Fregata ariel,NA,NA,2,NA,Ratu Sakuna Park,2024-11-10,10:45:00,obsr1083293,2024-11-10 10:45:00,2024,11,10,10,45
178.447425,-18.155227,Lesser Frigatebird,Fregata ariel,NA,NA,1,NA,Suva foreshore,2024-11-05,15:16:00,obsr6298161,2024-11-05 15:16:00,2024,11,5,15,16
178.454833,-18.1494507,Lesser Frigatebird,Fregata ariel,NA,NA,1,NA,Suva Point,2024-11-30,13:11:00,obsr1892057,2024-11-30 13:11:00,2024,11,30,13,11
178.2400868,-18.9666664,Black-naped Tern,Sterna sumatrana,NA,NA,3,NA,Kadavu Island - Papageno Resort,2024-11-15,11:52:00,obsr225110,2024-11-15 11:52:00,2024,11,15,11,52
178.5153665,-18.8642103,Black-naped Tern,Sterna sumatrana,NA,NA,15,NA,"Vurolevu Island (Vatudenika Rocks), FJ (-18.864, 178.515)",2024-11-16,10:32:00,obsr225110,2024-11-16 10:32:00,2024,11,16,10,32
178.2400868,-18.9666664,Black-naped Tern,Sterna sumatrana,NA,NA,2,NA,Kadavu Island - Papageno Resort,2024-11-19,07:00:00,obsr314455,2024-11-19 07:00:00,2024,11,19,7,0
178.1691828,-18.9838393,Black-naped Tern,Sterna sumatrana,NA,NA,2,NA,"FJ (-18.984, 178.169)",2024-11-17,10:40:00,obsr225110,2024-11-17 10:40:00,2024,11,17,10,40
178.2400868,-18.9666664,Black-naped Tern,Sterna sumatrana,NA,NA,2,NA,Kadavu Island - Papageno Resort,2024-11-13,12:40:00,obsr225110,2024-11-13 12:40:00,2024,11,13,12,40
178.2400868,-18.9666664,Black-naped Tern,Sterna sumatrana,NA,NA,1,NA,Kadavu Island - Papageno Resort,2024-11-20,10:14:00,obsr314455,2024-11-20 10:14:00,2024,11,20,10,14
178.4382925,-18.9345072,Brown Booby,Sula leucogaster,NA,NA,1,NA,"Oro Strait, FJ (-18.935, 178.438)",2024-11-16,12:15:00,obsr225110,2024-11-16 12:15:00,2024,11,16,12,15
178.5153665,-18.8642103,Brown Noddy,Anous stolidus,NA,NA,4,NA,"Vurolevu Island (Vatudenika Rocks), FJ (-18.864, 178.515)",2024-11-16,10:32:00,obsr225110,2024-11-16 10:32:00,2024,11,16,10,32
178.4382925,-18.9345072,Brown Noddy,Anous stolidus,NA,NA,3,NA,"Oro Strait, FJ (-18.935, 178.438)",2024-11-16,12:15:00,obsr225110,2024-11-16 12:15:00,2024,11,16,12,15
178.2400868,-18.9666664,Great Crested Tern,Thalasseus bergii,NA,NA,1,NA,Kadavu Island - Papageno Resort,2024-11-19,07:00:00,obsr314455,2024-11-19 07:00:00,2024,11,19,7,0
178.2400868,-18.9666664,Great Crested Tern,Thalasseus bergii,NA,NA,8,NA,Kadavu Island - Papageno Resort,2024-11-13,12:40:00,obsr225110,2024-11-13 12:40:00,2024,11,13,12,40
178.2400868,-18.9666664,Great Crested Tern,Thalasseus bergii,NA,NA,4,NA,Kadavu Island - Papageno Resort,2024-11-14,10:20:00,obsr225110,2024-11-14 10:20:00,2024,11,14,10,20
178.2400868,-18.9666664,Great Crested Tern,Thalasseus bergii,NA,NA,4,NA,Kadavu Island - Papageno Resort,2024-11-20,10:14:00,obsr314455,2024-11-20 10:14:00,2024,11,20,10,14
178.5153665,-18.8642103,Great Crested Tern,Thalasseus bergii,NA,NA,2,NA,"Vurolevu Island (Vatudenika Rocks), FJ (-18.864, 178.515)",2024-11-16,10:32:00,obsr225110,2024-11-16 10:32:00,2024,11,16,10,32
178.2400868,-18.9666664,Great Crested Tern,Thalasseus bergii,NA,NA,7,NA,Kadavu Island - Papageno Resort,2024-11-15,11:52:00,obsr225110,2024-11-15 11:52:00,2024,11,15,11,52
178.2400868,-18.9666664,Lesser Frigatebird,Fregata ariel,NA,NA,8,NA,Kadavu Island - Papageno Resort,2024-11-13,12:40:00,obsr225110,2024-11-13 12:40:00,2024,11,13,12,40
178.2400868,-18.9666664,Lesser Frigatebird,Fregata ariel,NA,NA,4,NA,Kadavu Island - Papageno Resort,2024-11-15,11:52:00,obsr225110,2024-11-15 11:52:00,2024,11,15,11,52
178.5153665,-18.8642103,Red-footed Booby,Sula sula,NA,NA,4,NA,"Vurolevu Island (Vatudenika Rocks), FJ (-18.864, 178.515)",2024-11-16,10:32:00,obsr225110,2024-11-16 10:32:00,2024,11,16,10,32
178.5153665,-18.8642103,Sooty Tern,Onychoprion fuscatus,NA,NA,6,NA,"Vurolevu Island (Vatudenika Rocks), FJ (-18.864, 178.515)",2024-11-16,10:32:00,obsr225110,2024-11-16 10:32:00,2024,11,16,10,32
178.1750822,-17.3127441,Lesser Frigatebird,Fregata ariel,NA,NA,5,NA,Volivoli Resort,2024-11-18,16:56:00,obsr6519956,2024-11-18 16:56:00,2024,11,18,16,56
178.4249,-18.1494,Brown Booby,Sula leucogaster,NA,NA,1,NA,Suva--Thurston Gardens,2024-12-03,15:50:00,obsr1892057,2024-12-03 15:50:00,2024,12,3,15,50
178.4249,-18.1494,Great Crested Tern,Thalasseus bergii,NA,NA,4,NA,Suva--Thurston Gardens,2024-12-03,15:50:00,obsr1892057,2024-12-03 15:50:00,2024,12,3,15,50
178.4249,-18.1494,Lesser Frigatebird,Fregata ariel,NA,NA,1,NA,Suva--Thurston Gardens,2024-12-03,15:50:00,obsr1892057,2024-12-03 15:50:00,2024,12,3,15,50
178.1750822,-17.3127441,Lesser Frigatebird,Fregata ariel,NA,NA,1,NA,Volivoli Resort,2024-12-09,16:15:00,obsr582799,2024-12-09 16:15:00,2024,12,9,16,15
178.1750822,-17.3127441,Lesser Frigatebird,Fregata ariel,NA,NA,1,NA,Volivoli Resort,2024-12-14,05:56:00,obsr582799,2024-12-14 05:56:00,2024,12,14,5,56
178.454833,-18.1494507,Black-naped Tern,Sterna sumatrana,NA,NA,1,NA,Suva Point,2025-01-15,16:26:00,obsr3984152,2025-01-15 16:26:00,2025,1,15,16,26
178.642702,-17.918439,Black-naped Tern,Sterna sumatrana,NA,NA,1,NA,"Auto selected -17.91844, 178.64270",2025-01-02,15:28:00,obsr624084,2025-01-02 15:28:00,2025,1,2,15,28
178.0910826,-18.4087314,Black-naped Tern,Sterna sumatrana,NA,NA,2,NA,Lewaki Beach House,2025-01-14,14:37:00,obsr276156,2025-01-14 14:37:00,2025,1,14,14,37
178.4123641,-18.1143157,Black-naped Tern,Sterna sumatrana,NA,NA,1,NA,"Lami, Central Division, FJ (-18.114, 178.412)",2025-01-01,15:36:00,obsr450838,2025-01-01 15:36:00,2025,1,1,15,36
178.8206076,-18.1090662,Bridled Tern,Onychoprion anaethetus,NA,NA,10,NA,"FJ (-18.109, 178.821)",2025-01-12,17:12:00,obsr276156,2025-01-12 17:12:00,2025,1,12,17,12
178.8206076,-18.1090662,Brown Booby,Sula leucogaster,NA,NA,4,NA,"FJ (-18.109, 178.821)",2025-01-12,17:12:00,obsr276156,2025-01-12 17:12:00,2025,1,12,17,12
178.1041233,-18.4075651,Great Crested Tern,Thalasseus bergii,NA,NA,6,NA,"Beqa, Central Division, FJ (-18.408, 178.104)",2025-01-14,09:01:00,obsr276156,2025-01-14 09:01:00,2025,1,14,9,1
178.4406066,-18.1619228,Great Crested Tern,Thalasseus bergii,NA,NA,2,NA,Suva Pt.--East of Fringing Reef,2025-01-09,09:47:00,obsr3984152,2025-01-09 09:47:00,2025,1,9,9,47
178.454833,-18.1494507,Great Crested Tern,Thalasseus bergii,NA,NA,2,NA,Suva Point,2025-01-15,16:26:00,obsr3984152,2025-01-15 16:26:00,2025,1,15,16,26
178.8206076,-18.1090662,Great Crested Tern,Thalasseus bergii,NA,NA,28,NA,"FJ (-18.109, 178.821)",2025-01-12,17:12:00,obsr276156,2025-01-12 17:12:00,2025,1,12,17,12
178.0684662,-18.2559258,Great Crested Tern,Thalasseus bergii,NA,NA,1,NA,"Pearl Resort, Pacific Harbour, Viti Levu",2025-01-12,15:56:00,obsr3984152,2025-01-12 15:56:00,2025,1,12,15,56
178.7220454,-17.8080852,Great Crested Tern,Thalasseus bergii,NA,NA,4,NA,Leleuvia,2025-01-02,12:43:00,obsr624084,2025-01-02 12:43:00,2025,1,2,12,43
178.3954497,-18.1608544,Great Crested Tern,Thalasseus bergii,NA,NA,8,NA,"FJ (-18.161, 178.395)",2025-01-12,13:18:00,obsr276156,2025-01-12 13:18:00,2025,1,12,13,18
178.4245252,-18.1488986,Great Frigatebird,Fregata minor,NA,NA,1,NA,Thurston Gardens,2025-01-10,17:41:00,obsr624084,2025-01-10 17:41:00,2025,1,10,17,41
178.4123641,-18.1143157,Lesser Frigatebird,Fregata ariel,NA,NA,1,NA,"Lami, Central Division, FJ (-18.114, 178.412)",2025-01-01,14:10:00,obsr450838,2025-01-01 14:10:00,2025,1,1,14,10
178.1067124,-18.4195215,Lesser Frigatebird,Fregata ariel,NA,NA,9,NA,"Naceva, Central Division, FJ (-18.42, 178.107)",2025-01-16,09:06:00,obsr276156,2025-01-16 09:06:00,2025,1,16,9,6
178.454833,-18.1494507,Lesser Frigatebird,Fregata ariel,NA,NA,8,NA,Suva Point,2025-01-15,16:26:00,obsr3984152,2025-01-15 16:26:00,2025,1,15,16,26
178.8206076,-18.1090662,Lesser Frigatebird,Fregata ariel,NA,NA,10,NA,"FJ (-18.109, 178.821)",2025-01-12,17:12:00,obsr276156,2025-01-12 17:12:00,2025,1,12,17,12
178.4226787,-18.1398365,Lesser Frigatebird,Fregata ariel,NA,NA,2,NA,Ratu Sakuna Park,2025-01-06,14:34:00,obsr3984152,2025-01-06 14:34:00,2025,1,6,14,34
178.7220454,-17.8080852,Lesser Frigatebird,Fregata ariel,NA,NA,3,NA,Leleuvia,2025-01-02,12:43:00,obsr624084,2025-01-02 12:43:00,2025,1,2,12,43
178.4406066,-18.1619228,Lesser Frigatebird,Fregata ariel,NA,NA,3,NA,Suva Pt.--East of Fringing Reef,2025-01-09,09:47:00,obsr3984152,2025-01-09 09:47:00,2025,1,9,9,47
178.8206076,-18.1090662,Red-footed Booby,Sula sula,NA,NA,363,NA,"FJ (-18.109, 178.821)",2025-01-12,17:12:00,obsr276156,2025-01-12 17:12:00,2025,1,12,17,12
178.5022602,-18.8463558,Black Noddy,Anous minutus,NA,NA,12,NA,"Nakasaleka, Eastern Division, FJ (-18.846, 178.502)",2025-01-17,13:32:00,obsr276156,2025-01-17 13:32:00,2025,1,17,13,32
178.5022602,-18.8463558,Black-naped Tern,Sterna sumatrana,NA,NA,6,NA,"Nakasaleka, Eastern Division, FJ (-18.846, 178.502)",2025-01-17,13:32:00,obsr276156,2025-01-17 13:32:00,2025,1,17,13,32
178.5022602,-18.8463558,Bridled Tern,Onychoprion anaethetus,NA,NA,20,NA,"Nakasaleka, Eastern Division, FJ (-18.846, 178.502)",2025-01-17,13:32:00,obsr276156,2025-01-17 13:32:00,2025,1,17,13,32
178.5022602,-18.8463558,Brown Booby,Sula leucogaster,NA,NA,8,NA,"Nakasaleka, Eastern Division, FJ (-18.846, 178.502)",2025-01-17,13:32:00,obsr276156,2025-01-17 13:32:00,2025,1,17,13,32
178.5022602,-18.8463558,Lesser Frigatebird,Fregata ariel,NA,NA,20,NA,"Nakasaleka, Eastern Division, FJ (-18.846, 178.502)",2025-01-17,13:32:00,obsr276156,2025-01-17 13:32:00,2025,1,17,13,32
178.5022602,-18.8463558,Red-footed Booby,Sula sula,NA,NA,70,NA,"Nakasaleka, Eastern Division, FJ (-18.846, 178.502)",2025-01-17,13:32:00,obsr276156,2025-01-17 13:32:00,2025,1,17,13,32
178.4226787,-18.1398365,Bridled Tern,Onychoprion anaethetus,NA,NA,2,NA,Ratu Sakuna Park,2025-02-15,14:36:00,obsr6105669,2025-02-15 14:36:00,2025,2,15,14,36
178.4406066,-18.1619228,Great Crested Tern,Thalasseus bergii,NA,NA,6,NA,Suva Pt.--East of Fringing Reef,2025-02-01,14:11:00,obsr3641957,2025-02-01 14:11:00,2025,2,1,14,11
178.4622359,-18.0596807,Blue-billed White-Tern,Gygis candida,NA,NA,2,NA,Colo-I-Suva Forest Park,2025-02-11,09:00:00,obsr893357,2025-02-11 09:00:00,2025,2,11,9,0
178.4622359,-18.0596807,White-tailed Tropicbird,Phaethon lepturus,NA,NA,1,NA,Colo-I-Suva Forest Park,2025-02-11,09:00:00,obsr893357,2025-02-11 09:00:00,2025,2,11,9,0
178.103004,-18.380543,Black Noddy,Anous minutus,NA,NA,2,NA,"Fiji, Beqa FJ-Fiji (-18.3805,178.1030)",2025-03-04,05:50:00,obsr356060,2025-03-04 05:50:00,2025,3,4,5,50
178.103004,-18.380543,Black Noddy,Anous minutus,NA,NA,4,NA,"Fiji, Beqa FJ-Fiji (-18.3805,178.1030)",2025-03-05,08:00:00,obsr356060,2025-03-05 08:00:00,2025,3,5,8,0
178.103004,-18.380543,Black-naped Tern,Sterna sumatrana,NA,NA,2,NA,"Fiji, Beqa FJ-Fiji (-18.3805,178.1030)",2025-03-07,15:00:00,obsr356060,2025-03-07 15:00:00,2025,3,7,15,0
178.103004,-18.380543,Black-naped Tern,Sterna sumatrana,NA,NA,1,NA,"Fiji, Beqa FJ-Fiji (-18.3805,178.1030)",2025-03-02,14:45:00,obsr356060,2025-03-02 14:45:00,2025,3,2,14,45
178.4406066,-18.1619228,Black-naped Tern,Sterna sumatrana,NA,NA,1,NA,Suva Pt.--East of Fringing Reef,2025-03-16,13:36:00,obsr182505,2025-03-16 13:36:00,2025,3,16,13,36
178.4245777,-18.1590806,Black-naped Tern,Sterna sumatrana,NA,NA,1,NA,Suva Pt.--Fringing Reef to Bowls Club,2025-03-17,15:35:00,obsr755945,2025-03-17 15:35:00,2025,3,17,15,35
178.4353065,-18.1638557,Black-naped Tern,Sterna sumatrana,NA,NA,1,NA,Suva Pt.,2025-03-16,16:50:00,obsr755945,2025-03-16 16:50:00,2025,3,16,16,50
178.103004,-18.380543,Black-naped Tern,Sterna sumatrana,NA,NA,10,NA,"Fiji, Beqa FJ-Fiji (-18.3805,178.1030)",2025-03-05,08:00:00,obsr356060,2025-03-05 08:00:00,2025,3,5,8,0
178.103004,-18.380543,Black-naped Tern,Sterna sumatrana,NA,NA,4,NA,"Fiji, Beqa FJ-Fiji (-18.3805,178.1030)",2025-03-06,08:30:00,obsr356060,2025-03-06 08:30:00,2025,3,6,8,30
178.103004,-18.380543,Bridled Tern,Onychoprion anaethetus,NA,NA,1,NA,"Fiji, Beqa FJ-Fiji (-18.3805,178.1030)",2025-03-07,08:30:00,obsr356060,2025-03-07 08:30:00,2025,3,7,8,30
178.103004,-18.380543,Bridled Tern,Onychoprion anaethetus,NA,NA,1,NA,"Fiji, Beqa FJ-Fiji (-18.3805,178.1030)",2025-03-06,08:30:00,obsr356060,2025-03-06 08:30:00,2025,3,6,8,30
178.103004,-18.380543,Bridled Tern,Onychoprion anaethetus,NA,NA,3,NA,"Fiji, Beqa FJ-Fiji (-18.3805,178.1030)",2025-03-08,06:00:00,obsr356060,2025-03-08 06:00:00,2025,3,8,6,0
178.103004,-18.380543,Brown Booby,Sula leucogaster,NA,NA,2,NA,"Fiji, Beqa FJ-Fiji (-18.3805,178.1030)",2025-03-07,08:30:00,obsr356060,2025-03-07 08:30:00,2025,3,7,8,30
178.103004,-18.380543,Brown Booby,Sula leucogaster,NA,NA,1,NA,"Fiji, Beqa FJ-Fiji (-18.3805,178.1030)",2025-03-05,08:00:00,obsr356060,2025-03-05 08:00:00,2025,3,5,8,0
178.103004,-18.380543,Brown Booby,Sula leucogaster,NA,NA,1,NA,"Fiji, Beqa FJ-Fiji (-18.3805,178.1030)",2025-03-08,06:00:00,obsr356060,2025-03-08 06:00:00,2025,3,8,6,0
178.103004,-18.380543,Brown Noddy,Anous stolidus,NA,NA,2,NA,"Fiji, Beqa FJ-Fiji (-18.3805,178.1030)",2025-03-06,08:30:00,obsr356060,2025-03-06 08:30:00,2025,3,6,8,30
178.103004,-18.380543,Brown Noddy,Anous stolidus,NA,NA,3,NA,"Fiji, Beqa FJ-Fiji (-18.3805,178.1030)",2025-03-07,08:30:00,obsr356060,2025-03-07 08:30:00,2025,3,7,8,30
178.103004,-18.380543,Brown Noddy,Anous stolidus,NA,NA,2,NA,"Fiji, Beqa FJ-Fiji (-18.3805,178.1030)",2025-03-08,06:00:00,obsr356060,2025-03-08 06:00:00,2025,3,8,6,0
178.103004,-18.380543,Brown Noddy,Anous stolidus,NA,NA,3,NA,"Fiji, Beqa FJ-Fiji (-18.3805,178.1030)",2025-03-05,08:00:00,obsr356060,2025-03-05 08:00:00,2025,3,5,8,0
178.421623,-18.141221,Great Crested Tern,Thalasseus bergii,NA,NA,1,NA,"Auto selected -18.14122, 178.42162",2025-03-24,10:51:00,obsr3669610,2025-03-24 10:51:00,2025,3,24,10,51
178.4353065,-18.1638557,Great Crested Tern,Thalasseus bergii,NA,NA,7,NA,Suva Pt.,2025-03-16,16:50:00,obsr521433,2025-03-16 16:50:00,2025,3,16,16,50
178.4245777,-18.1590806,Great Crested Tern,Thalasseus bergii,NA,NA,8,NA,Suva Pt.--Fringing Reef to Bowls Club,2025-03-17,15:35:00,obsr755945,2025-03-17 15:35:00,2025,3,17,15,35
178.103004,-18.380543,Great Crested Tern,Thalasseus bergii,NA,NA,1,NA,"Fiji, Beqa FJ-Fiji (-18.3805,178.1030)",2025-03-04,05:50:00,obsr356060,2025-03-04 05:50:00,2025,3,4,5,50
178.103004,-18.380543,Great Crested Tern,Thalasseus bergii,NA,NA,2,NA,"Fiji, Beqa FJ-Fiji (-18.3805,178.1030)",2025-03-05,08:00:00,obsr356060,2025-03-05 08:00:00,2025,3,5,8,0
178.4406066,-18.1619228,Great Crested Tern,Thalasseus bergii,NA,NA,6,NA,Suva Pt.--East of Fringing Reef,2025-03-16,13:36:00,obsr426053,2025-03-16 13:36:00,2025,3,16,13,36
178.103004,-18.380543,Great Crested Tern,Thalasseus bergii,NA,NA,3,NA,"Fiji, Beqa FJ-Fiji (-18.3805,178.1030)",2025-03-02,09:55:00,obsr356060,2025-03-02 09:55:00,2025,3,2,9,55
178.0795727,-18.2421744,Great Crested Tern,Thalasseus bergii,NA,NA,5,NA,"Pacific Harbour, Viti Levu (General)",2025-03-14,03:28:00,obsr229138,2025-03-14 03:28:00,2025,3,14,3,28
178.103004,-18.380543,Great Crested Tern,Thalasseus bergii,NA,NA,4,NA,"Fiji, Beqa FJ-Fiji (-18.3805,178.1030)",2025-03-07,08:30:00,obsr356060,2025-03-07 08:30:00,2025,3,7,8,30
178.103004,-18.380543,Great Crested Tern,Thalasseus bergii,NA,NA,2,NA,"Fiji, Beqa FJ-Fiji (-18.3805,178.1030)",2025-03-08,06:00:00,obsr356060,2025-03-08 06:00:00,2025,3,8,6,0
178.426397,-18.1437751,Great Frigatebird,Fregata minor,NA,NA,1,NA,Tanoa Hotel,2025-03-18,07:53:00,obsr182505,2025-03-18 07:53:00,2025,3,18,7,53
178.103004,-18.380543,Great Frigatebird,Fregata minor,NA,NA,1,NA,"Fiji, Beqa FJ-Fiji (-18.3805,178.1030)",2025-03-05,08:00:00,obsr356060,2025-03-05 08:00:00,2025,3,5,8,0
178.103004,-18.380543,Lesser Frigatebird,Fregata ariel,NA,NA,2,NA,"Fiji, Beqa FJ-Fiji (-18.3805,178.1030)",2025-03-05,08:00:00,obsr356060,2025-03-05 08:00:00,2025,3,5,8,0
178.103004,-18.380543,Lesser Frigatebird,Fregata ariel,NA,NA,1,NA,"Fiji, Beqa FJ-Fiji (-18.3805,178.1030)",2025-03-04,06:30:00,obsr356060,2025-03-04 06:30:00,2025,3,4,6,30
178.4406066,-18.1619228,Lesser Frigatebird,Fregata ariel,NA,NA,2,NA,Suva Pt.--East of Fringing Reef,2025-03-16,13:36:00,obsr426053,2025-03-16 13:36:00,2025,3,16,13,36
178.067751,-18.254924,Lesser Frigatebird,Fregata ariel,NA,NA,2,NA,"Fiji, Viti Levu FJ-Fiji (-18.2549,178.0678)",2025-03-08,10:45:00,obsr356060,2025-03-08 10:45:00,2025,3,8,10,45
178.4462744,-18.1297102,Lesser Frigatebird,Fregata ariel,NA,NA,1,NA,"Suva, Viti Levu (General)",2025-03-08,08:30:00,obsr512488,2025-03-08 08:30:00,2025,3,8,8,30
178.103004,-18.380543,Lesser Frigatebird,Fregata ariel,NA,NA,1,NA,"Fiji, Beqa FJ-Fiji (-18.3805,178.1030)",2025-03-06,08:30:00,obsr356060,2025-03-06 08:30:00,2025,3,6,8,30
178.421623,-18.141221,Lesser Frigatebird,Fregata ariel,NA,NA,1,NA,"Auto selected -18.14122, 178.42162",2025-03-24,10:51:00,obsr3669610,2025-03-24 10:51:00,2025,3,24,10,51
178.103004,-18.380543,Lesser Frigatebird,Fregata ariel,NA,NA,3,NA,"Fiji, Beqa FJ-Fiji (-18.3805,178.1030)",2025-03-07,08:30:00,obsr356060,2025-03-07 08:30:00,2025,3,7,8,30
178.4462744,-18.1297102,Red-footed Booby,Sula sula,NA,NA,1,NA,"Suva, Viti Levu (General)",2025-03-08,08:30:00,obsr512488,2025-03-08 08:30:00,2025,3,8,8,30
178.103004,-18.380543,Red-footed Booby,Sula sula,NA,NA,1,NA,"Fiji, Beqa FJ-Fiji (-18.3805,178.1030)",2025-03-07,08:30:00,obsr356060,2025-03-07 08:30:00,2025,3,7,8,30
178.103004,-18.380543,Sooty Tern,Onychoprion fuscatus,NA,NA,1,NA,"Fiji, Beqa FJ-Fiji (-18.3805,178.1030)",2025-03-06,08:30:00,obsr356060,2025-03-06 08:30:00,2025,3,6,8,30
178.103004,-18.380543,Sooty Tern,Onychoprion fuscatus,NA,NA,1,NA,"Fiji, Beqa FJ-Fiji (-18.3805,178.1030)",2025-03-05,08:00:00,obsr356060,2025-03-05 08:00:00,2025,3,5,8,0
178.067751,-18.254924,Wedge-tailed Shearwater,Ardenna pacifica,NA,NA,1,NA,"Fiji, Viti Levu FJ-Fiji (-18.2549,178.0678)",2025-03-08,10:45:00,obsr356060,2025-03-08 10:45:00,2025,3,8,10,45
178.4462744,-18.1297102,Wedge-tailed Shearwater,Ardenna pacifica,NA,NA,2,NA,"Suva, Viti Levu (General)",2025-03-08,08:30:00,obsr512488,2025-03-08 08:30:00,2025,3,8,8,30
178.103004,-18.380543,Wedge-tailed Shearwater,Ardenna pacifica,NA,NA,5,NA,"Fiji, Beqa FJ-Fiji (-18.3805,178.1030)",2025-03-05,08:00:00,obsr356060,2025-03-05 08:00:00,2025,3,5,8,0
178.103004,-18.380543,Wedge-tailed Shearwater,Ardenna pacifica,NA,NA,2,NA,"Fiji, Beqa FJ-Fiji (-18.3805,178.1030)",2025-03-08,06:00:00,obsr356060,2025-03-08 06:00:00,2025,3,8,6,0
179.098418,-17.109817,Black Noddy,Anous minutus,NA,NA,10,NA,Namena Island,2025-03-22,07:45:00,obsr1146453,2025-03-22 07:45:00,2025,3,22,7,45
179.098418,-17.109817,Black-naped Tern,Sterna sumatrana,NA,NA,17,NA,Namena Island,2025-03-22,07:45:00,obsr1146453,2025-03-22 07:45:00,2025,3,22,7,45
179.098418,-17.109817,Bridled Tern,Onychoprion anaethetus,NA,NA,2,NA,Namena Island,2025-03-22,07:45:00,obsr1146453,2025-03-22 07:45:00,2025,3,22,7,45
179.098418,-17.109817,Great Crested Tern,Thalasseus bergii,NA,NA,3,NA,Namena Island,2025-03-22,07:45:00,obsr1146453,2025-03-22 07:45:00,2025,3,22,7,45
179.098418,-17.109817,Great Frigatebird,Fregata minor,NA,NA,3,NA,Namena Island,2025-03-22,07:45:00,obsr1146453,2025-03-22 07:45:00,2025,3,22,7,45
179.098418,-17.109817,Lesser Frigatebird,Fregata ariel,NA,NA,2,NA,Namena Island,2025-03-22,07:45:00,obsr1146453,2025-03-22 07:45:00,2025,3,22,7,45
179.098418,-17.109817,White-tailed Tropicbird,Phaethon lepturus,NA,NA,4,NA,Namena Island,2025-03-22,07:45:00,obsr1146453,2025-03-22 07:45:00,2025,3,22,7,45
178.4174538,-18.13117,Black-naped Tern,Sterna sumatrana,NA,NA,1,NA,Suva Harbor,2025-04-16,08:00:00,obsr1389884,2025-04-16 08:00:00,2025,4,16,8,0
178.4174538,-18.13117,Black-naped Tern,Sterna sumatrana,NA,NA,6,NA,Suva Harbor,2025-04-30,06:47:00,obsr2753489,2025-04-30 06:47:00,2025,4,30,6,47
178.4174538,-18.13117,Brown Booby,Sula leucogaster,NA,NA,1,NA,Suva Harbor,2025-04-16,08:00:00,obsr1389884,2025-04-16 08:00:00,2025,4,16,8,0
178.4214882,-18.1449595,Great Crested Tern,Thalasseus bergii,NA,NA,1,NA,"Suva, waste area north of Holiday Inn",2025-04-08,13:15:00,obsr962636,2025-04-08 13:15:00,2025,4,8,13,15
178.4174538,-18.13117,Great Crested Tern,Thalasseus bergii,NA,NA,2,NA,Suva Harbor,2025-04-16,13:05:00,obsr1389884,2025-04-16 13:05:00,2025,4,16,13,5
178.4406066,-18.1619228,Great Crested Tern,Thalasseus bergii,NA,NA,7,NA,Suva Pt.--East of Fringing Reef,2025-04-06,06:33:00,obsr3641957,2025-04-06 06:33:00,2025,4,6,6,33
178.4226787,-18.1398365,Lesser Frigatebird,Fregata ariel,NA,NA,1,NA,Ratu Sakuna Park,2025-04-16,09:24:00,obsr1389884,2025-04-16 09:24:00,2025,4,16,9,24
178.4174538,-18.13117,Lesser Frigatebird,Fregata ariel,NA,NA,1,NA,Suva Harbor,2025-04-16,13:05:00,obsr1389884,2025-04-16 13:05:00,2025,4,16,13,5
178.756642,-17.973244,Red-footed Booby,Sula sula,NA,NA,400,NY,"Mambualau FJ (-17.9732,178.7566)",2025-04-19,12:49:00,obsr3641957,2025-04-19 12:49:00,2025,4,19,12,49
178.4245777,-18.1590806,Black-naped Tern,Sterna sumatrana,NA,NA,1,NA,Suva Pt.--Fringing Reef to Bowls Club,2025-05-05,17:22:00,obsr4091017,2025-05-05 17:22:00,2025,5,5,17,22
178.4249,-18.1494,Black-naped Tern,Sterna sumatrana,NA,NA,1,NA,Suva--Thurston Gardens,2025-05-05,06:56:00,obsr4091017,2025-05-05 06:56:00,2025,5,5,6,56
178.5866341,-17.6745717,Great Crested Tern,Thalasseus bergii,NA,NA,1,NA,Natovi Jetty,2025-05-21,15:54:00,obsr1005802,2025-05-21 15:54:00,2025,5,21,15,54
178.423095,-18.153324,Great Crested Tern,Thalasseus bergii,NA,NA,1,NA,Queen Elizabeth Drive—Presidential Palace,2025-05-16,12:22:00,obsr1005802,2025-05-16 12:22:00,2025,5,16,12,22
178.4245252,-18.1488986,Great Crested Tern,Thalasseus bergii,NA,NA,2,NA,Thurston Gardens,2025-05-21,10:25:00,obsr893384,2025-05-21 10:25:00,2025,5,21,10,25
178.4249,-18.1494,Great Crested Tern,Thalasseus bergii,NA,NA,1,NA,Suva--Thurston Gardens,2025-05-05,06:56:00,obsr1763115,2025-05-05 06:56:00,2025,5,5,6,56
178.4245777,-18.1590806,Great Crested Tern,Thalasseus bergii,NA,NA,2,NA,Suva Pt.--Fringing Reef to Bowls Club,2025-05-05,17:22:00,obsr1763115,2025-05-05 17:22:00,2025,5,5,17,22
178.4486103,-18.1526009,Great Crested Tern,Thalasseus bergii,NA,NA,5,NA,Suva Pt.--University,2025-05-01,13:37:00,obsr2753489,2025-05-01 13:37:00,2025,5,1,13,37
178.4406066,-18.1619228,Great Crested Tern,Thalasseus bergii,NA,NA,7,NA,Suva Pt.--East of Fringing Reef,2025-05-04,06:10:00,obsr3641957,2025-05-04 06:10:00,2025,5,4,6,10
178.4226787,-18.1398365,Great Crested Tern,Thalasseus bergii,NA,NA,3,NA,Ratu Sakuna Park,2025-05-04,16:05:00,obsr4091017,2025-05-04 16:05:00,2025,5,4,16,5
178.4226787,-18.1398365,Great Crested Tern,Thalasseus bergii,NA,NA,1,NA,Ratu Sakuna Park,2025-05-17,17:47:00,obsr541416,2025-05-17 17:47:00,2025,5,17,17,47
178.423095,-18.153324,Great Crested Tern,Thalasseus bergii,NA,NA,2,NA,Queen Elizabeth Drive—Presidential Palace,2025-05-13,10:59:00,obsr1005802,2025-05-13 10:59:00,2025,5,13,10,59
178.4245252,-18.1488986,Great Frigatebird,Fregata minor,NA,NA,1,NA,Thurston Gardens,2025-05-21,10:25:00,obsr1075454,2025-05-21 10:25:00,2025,5,21,10,25
178.4226787,-18.1398365,Lesser Frigatebird,Fregata ariel,NA,NA,3,NA,Ratu Sakuna Park,2025-05-04,16:05:00,obsr4091017,2025-05-04 16:05:00,2025,5,4,16,5
178.833517,-17.680335,Great Crested Tern,Thalasseus bergii,NA,NA,10,NA,"Ovalau FJ-Fiji (-17.6803,178.8335)",2025-05-18,10:00:00,obsr4427396,2025-05-18 10:00:00,2025,5,18,10,0
178.7220454,-17.8080852,Black Noddy,Anous minutus,NA,NA,3,NA,Leleuvia,2025-06-18,16:43:00,obsr4651495,2025-06-18 16:43:00,2025,6,18,16,43
178.7220454,-17.8080852,Black Noddy,Anous minutus,NA,NA,2,NA,Leleuvia,2025-06-19,10:02:00,obsr4651495,2025-06-19 10:02:00,2025,6,19,10,2
178.422171,-18.147175,Black-naped Tern,Sterna sumatrana,NA,NA,1,NA,"Pacific Hotel , Suva FJ-Fiji -18.14717, 178.42217",2025-06-28,17:09:00,obsr581219,2025-06-28 17:09:00,2025,6,28,17,9
178.7220454,-17.8080852,Black-naped Tern,Sterna sumatrana,NA,NA,3,NA,Leleuvia,2025-06-18,16:43:00,obsr4651495,2025-06-18 16:43:00,2025,6,18,16,43
178.7220454,-17.8080852,Black-naped Tern,Sterna sumatrana,NA,NA,35,NA,Leleuvia,2025-06-19,10:02:00,obsr4651495,2025-06-19 10:02:00,2025,6,19,10,2
178.7220454,-17.8080852,Brown Noddy,Anous stolidus,NA,NA,6,NA,Leleuvia,2025-06-19,10:02:00,obsr4651495,2025-06-19 10:02:00,2025,6,19,10,2
178.4406066,-18.1619228,Great Crested Tern,Thalasseus bergii,NA,NA,25,NA,Suva Pt.--East of Fringing Reef,2025-06-06,14:00:00,obsr230624,2025-06-06 14:00:00,2025,6,6,14,0
178.422171,-18.147175,Great Crested Tern,Thalasseus bergii,NA,NA,2,NA,"Pacific Hotel , Suva FJ-Fiji -18.14717, 178.42217",2025-06-28,17:09:00,obsr581219,2025-06-28 17:09:00,2025,6,28,17,9
178.4486103,-18.1526009,Great Crested Tern,Thalasseus bergii,NA,NA,17,NA,Suva Pt.--University,2025-06-22,12:55:00,obsr230624,2025-06-22 12:55:00,2025,6,22,12,55
178.4406066,-18.1619228,Great Crested Tern,Thalasseus bergii,NA,NA,24,NA,Suva Pt.--East of Fringing Reef,2025-06-29,15:47:00,obsr3641957,2025-06-29 15:47:00,2025,6,29,15,47
178.7220454,-17.8080852,Great Crested Tern,Thalasseus bergii,NA,NA,8,NA,Leleuvia,2025-06-19,10:02:00,obsr4651495,2025-06-19 10:02:00,2025,6,19,10,2
178.4406066,-18.1619228,Great Crested Tern,Thalasseus bergii,NA,NA,79,NA,Suva Pt.--East of Fringing Reef,2025-06-22,11:15:00,obsr230624,2025-06-22 11:15:00,2025,6,22,11,15
178.4406066,-18.1619228,Lesser Frigatebird,Fregata ariel,NA,NA,1,NA,Suva Pt.--East of Fringing Reef,2025-06-29,15:47:00,obsr3641957,2025-06-29 15:47:00,2025,6,29,15,47
178.4406066,-18.1619228,Lesser Frigatebird,Fregata ariel,NA,NA,1,NA,Suva Pt.--East of Fringing Reef,2025-06-22,11:15:00,obsr230624,2025-06-22 11:15:00,2025,6,22,11,15
178.348561,-18.91594,Black-naped Tern,Sterna sumatrana,NA,NA,3,NA,Offshore Papageno to Ono,2025-06-04,14:28:00,obsr355452,2025-06-04 14:28:00,2025,6,4,14,28
178.5203004,-18.7624694,Black-naped Tern,Sterna sumatrana,NA,NA,3,NA,Dravuni Island,2025-06-04,11:30:00,obsr334177,2025-06-04 11:30:00,2025,6,4,11,30
178.5203004,-18.7624694,Brown Booby,Sula leucogaster,NA,NA,6,NA,Dravuni Island,2025-06-04,11:30:00,obsr334177,2025-06-04 11:30:00,2025,6,4,11,30
178.348561,-18.91594,Brown Booby,Sula leucogaster,NA,NA,4,NA,Offshore Papageno to Ono,2025-06-04,14:28:00,obsr355452,2025-06-04 14:28:00,2025,6,4,14,28
178.28021,-18.989641,Brown Booby,Sula leucogaster,NA,NA,1,NA,"Kadavu (-18.9896,178.2802)",2025-06-28,13:00:00,obsr293148,2025-06-28 13:00:00,2025,6,28,13,0
178.28021,-18.989641,Great Crested Tern,Thalasseus bergii,NA,NA,4,NA,"Kadavu (-18.9896,178.2802)",2025-06-28,13:00:00,obsr293148,2025-06-28 13:00:00,2025,6,28,13,0
178.5203004,-18.7624694,Great Crested Tern,Thalasseus bergii,NA,NA,4,NA,Dravuni Island,2025-06-04,11:30:00,obsr334177,2025-06-04 11:30:00,2025,6,4,11,30
178.2400868,-18.9666664,Great Crested Tern,Thalasseus bergii,NA,NA,2,NA,Kadavu Island - Papageno Resort,2025-06-03,15:00:00,obsr334177,2025-06-03 15:00:00,2025,6,3,15,0
178.348561,-18.91594,Great Crested Tern,Thalasseus bergii,NA,NA,3,NA,Offshore Papageno to Ono,2025-06-04,14:28:00,obsr355452,2025-06-04 14:28:00,2025,6,4,14,28
178.348561,-18.91594,Great Frigatebird,Fregata minor,NA,NA,1,NA,Offshore Papageno to Ono,2025-06-04,14:28:00,obsr355452,2025-06-04 14:28:00,2025,6,4,14,28
178.5203004,-18.7624694,Great Frigatebird,Fregata minor,NA,NA,2,NA,Dravuni Island,2025-06-04,11:30:00,obsr334177,2025-06-04 11:30:00,2025,6,4,11,30
178.2400868,-18.9666664,Lesser Frigatebird,Fregata ariel,NA,NA,2,NA,Kadavu Island - Papageno Resort,2025-06-05,06:45:00,obsr334177,2025-06-05 06:45:00,2025,6,5,6,45
178.2400868,-18.9666664,Lesser Frigatebird,Fregata ariel,NA,NA,2,NA,Kadavu Island - Papageno Resort,2025-06-04,06:30:00,obsr334177,2025-06-04 06:30:00,2025,6,4,6,30
178.677948,-17.689463,Lesser Frigatebird,Fregata ariel,NA,NA,3,NA,Natovi--Ovalau Ferry,2025-06-14,12:40:00,obsr3490956,2025-06-14 12:40:00,2025,6,14,12,40
178.348561,-18.91594,Lesser Frigatebird,Fregata ariel,NA,NA,1,NA,Offshore Papageno to Ono,2025-06-04,14:28:00,obsr355452,2025-06-04 14:28:00,2025,6,4,14,28
178.28021,-18.989641,Lesser Frigatebird,Fregata ariel,NA,NA,2,NA,"Kadavu (-18.9896,178.2802)",2025-06-28,13:00:00,obsr293148,2025-06-28 13:00:00,2025,6,28,13,0
178.5203004,-18.7624694,Lesser Frigatebird,Fregata ariel,NA,NA,3,NA,Dravuni Island,2025-06-04,11:30:00,obsr334177,2025-06-04 11:30:00,2025,6,4,11,30
178.348561,-18.91594,Masked Booby,Sula dactylatra,NA,NA,2,NA,Offshore Papageno to Ono,2025-06-04,14:28:00,obsr355452,2025-06-04 14:28:00,2025,6,4,14,28
178.5203004,-18.7624694,Masked Booby,Sula dactylatra,NA,NA,3,NA,Dravuni Island,2025-06-04,11:30:00,obsr334177,2025-06-04 11:30:00,2025,6,4,11,30
178.5203004,-18.7624694,Red-footed Booby,Sula sula,NA,NA,2,NA,Dravuni Island,2025-06-04,11:30:00,obsr334177,2025-06-04 11:30:00,2025,6,4,11,30
178.5198668,-17.524825,Black Noddy,Anous minutus,NA,NA,6,NA,Moon Reef,2025-07-12,08:50:00,obsr3641957,2025-07-12 08:50:00,2025,7,12,8,50
178.7220454,-17.8080852,Black Noddy,Anous minutus,NA,NA,2,NA,Leleuvia,2025-07-22,07:08:00,obsr2513391,2025-07-22 07:08:00,2025,7,22,7,8
178.070264,-18.297703,Brown Booby,Sula leucogaster,NA,NA,1,NA,"Beqa Passage (-18.2977,178.0703)",2025-07-29,10:00:00,obsr741272,2025-07-29 10:00:00,2025,7,29,10,0
178.5198668,-17.524825,Brown Booby,Sula leucogaster,NA,NA,8,NA,Moon Reef,2025-07-12,08:50:00,obsr3641957,2025-07-12 08:50:00,2025,7,12,8,50
178.5198668,-17.524825,Brown Noddy,Anous stolidus,NA,NA,2,NA,Moon Reef,2025-07-12,08:50:00,obsr3641957,2025-07-12 08:50:00,2025,7,12,8,50
178.458524,-18.153693,Great Crested Tern,Thalasseus bergii,NA,NA,7,NA,Suva point - breakwater and national sailing club.,2025-07-14,16:47:00,obsr3641957,2025-07-14 16:47:00,2025,7,14,16,47
178.4249,-18.1494,Great Crested Tern,Thalasseus bergii,NA,NA,1,NA,Suva--Thurston Gardens,2025-07-05,11:08:00,obsr95766,2025-07-05 11:08:00,2025,7,5,11,8
178.4486103,-18.1526009,Great Crested Tern,Thalasseus bergii,NA,NA,8,NA,Suva Pt.--University,2025-07-19,17:08:00,obsr477191,2025-07-19 17:08:00,2025,7,19,17,8
178.4245777,-18.1590806,Great Crested Tern,Thalasseus bergii,NA,NA,9,NA,Suva Pt.--Fringing Reef to Bowls Club,2025-07-25,10:21:00,obsr213429,2025-07-25 10:21:00,2025,7,25,10,21
178.4406066,-18.1619228,Great Crested Tern,Thalasseus bergii,NA,NA,5,NA,Suva Pt.--East of Fringing Reef,2025-07-19,09:32:00,obsr477191,2025-07-19 09:32:00,2025,7,19,9,32
178.4102843,-18.1138036,Great Crested Tern,Thalasseus bergii,NA,NA,18,NA,"Lami Street, Lami, Central Division, FJ (-18.114, 178.41)",2025-07-06,10:11:00,obsr95766,2025-07-06 10:11:00,2025,7,6,10,11
178.495917,-17.601198,Great Crested Tern,Thalasseus bergii,NA,NA,3,NA,Natalei eco lodge,2025-07-11,16:39:00,obsr3641957,2025-07-11 16:39:00,2025,7,11,16,39
178.422294,-18.147221,Great Crested Tern,Thalasseus bergii,NA,NA,5,NA,Grand Pacific Hotel,2025-07-25,11:22:00,obsr213429,2025-07-25 11:22:00,2025,7,25,11,22
178.452895,-18.150525,Great Crested Tern,Thalasseus bergii,NA,NA,6,NA,"University of the South Pacific Institute of Applied Sciences FJ-Fiji (-18.1505,178.4529)",2025-07-02,16:34:00,obsr3641957,2025-07-02 16:34:00,2025,7,2,16,34
178.458524,-18.153693,Great Crested Tern,Thalasseus bergii,NA,NA,6,NA,Suva point - breakwater and national sailing club.,2025-07-07,16:50:00,obsr3641957,2025-07-07 16:50:00,2025,7,7,16,50
178.7220454,-17.8080852,Great Crested Tern,Thalasseus bergii,NA,NA,3,NA,Leleuvia,2025-07-22,07:08:00,obsr2513391,2025-07-22 07:08:00,2025,7,22,7,8
178.5198668,-17.524825,Great Crested Tern,Thalasseus bergii,NA,NA,3,NA,Moon Reef,2025-07-12,08:50:00,obsr3641957,2025-07-12 08:50:00,2025,7,12,8,50
178.7220454,-17.8080852,Lesser Frigatebird,Fregata ariel,NA,NA,2,NA,Leleuvia,2025-07-22,07:08:00,obsr2513391,2025-07-22 07:08:00,2025,7,22,7,8
178.7220454,-17.8080852,Lesser Frigatebird,Fregata ariel,NA,NA,7,NA,Leleuvia,2025-07-21,08:27:00,obsr2513391,2025-07-21 08:27:00,2025,7,21,8,27
178.452895,-18.150525,Lesser Frigatebird,Fregata ariel,NA,NA,1,NA,"University of the South Pacific Institute of Applied Sciences FJ-Fiji (-18.1505,178.4529)",2025-07-02,16:34:00,obsr3641957,2025-07-02 16:34:00,2025,7,2,16,34
178.5198668,-17.524825,Lesser Frigatebird,Fregata ariel,NA,NA,7,NA,Moon Reef,2025-07-12,08:50:00,obsr3641957,2025-07-12 08:50:00,2025,7,12,8,50
178.422294,-18.147221,Lesser Frigatebird,Fregata ariel,NA,NA,3,NA,Grand Pacific Hotel,2025-07-25,11:22:00,obsr213429,2025-07-25 11:22:00,2025,7,25,11,22
178.173813,-17.311539,Black-naped Tern,Sterna sumatrana,NA,NA,4,NA,"Viti Levu (-17.3115,178.1738)",2025-07-22,15:13:00,obsr443277,2025-07-22 15:13:00,2025,7,22,15,13
178.4684372,-17.3195042,Brown Booby,Sula leucogaster,NA,NA,9,NA,Vatu-i-Ra,2025-07-25,12:48:00,obsr443277,2025-07-25 12:48:00,2025,7,25,12,48
178.1750822,-17.3127441,Great Crested Tern,Thalasseus bergii,NA,NA,1,NA,Volivoli Resort,2025-07-26,09:11:00,obsr443277,2025-07-26 09:11:00,2025,7,26,9,11
178.1750822,-17.3127441,Great Crested Tern,Thalasseus bergii,NA,NA,1,NA,Volivoli Resort,2025-07-24,16:43:00,obsr443277,2025-07-24 16:43:00,2025,7,24,16,43
178.1750822,-17.3127441,Great Frigatebird,Fregata minor,NA,NA,1,NA,Volivoli Resort,2025-07-22,16:42:00,obsr2513391,2025-07-22 16:42:00,2025,7,22,16,42
178.1750822,-17.3127441,Great Frigatebird,Fregata minor,NA,NA,1,NA,Volivoli Resort,2025-07-24,17:47:00,obsr2513391,2025-07-24 17:47:00,2025,7,24,17,47
178.173813,-17.311539,Lesser Frigatebird,Fregata ariel,NA,NA,12,NA,"Viti Levu (-17.3115,178.1738)",2025-07-22,15:13:00,obsr443277,2025-07-22 15:13:00,2025,7,22,15,13
178.1750822,-17.3127441,Lesser Frigatebird,Fregata ariel,NA,NA,1,NA,Volivoli Resort,2025-07-24,16:43:00,obsr443277,2025-07-24 16:43:00,2025,7,24,16,43
178.1750822,-17.3127441,Lesser Frigatebird,Fregata ariel,NA,NA,2,NA,Volivoli Resort,2025-07-26,09:11:00,obsr443277,2025-07-26 09:11:00,2025,7,26,9,11
178.4684372,-17.3195042,Red-footed Booby,Sula sula,NA,NA,3,NA,Vatu-i-Ra,2025-07-25,12:48:00,obsr443277,2025-07-25 12:48:00,2025,7,25,12,48
178.6510174,-18.1594921,Black Noddy,Anous minutus,NA,NA,25,NA,Pelagic from Suva towards Gau I,2025-08-28,06:06:00,obsr3445860,2025-08-28 06:06:00,2025,8,28,6,6
178.8601,-18.0896951,Black Noddy,Anous minutus,NA,NA,40,NA,Pelagic from Suva towards Gau II,2025-08-28,13:45:00,obsr195649,2025-08-28 13:45:00,2025,8,28,13,45
178.6510174,-18.1594921,Bridled Tern,Onychoprion anaethetus,NA,NA,1,NA,Pelagic from Suva towards Gau I,2025-08-28,06:06:00,obsr528631,2025-08-28 06:06:00,2025,8,28,6,6
178.8601,-18.0896951,Bridled Tern,Onychoprion anaethetus,NA,NA,1,NA,Pelagic from Suva towards Gau II,2025-08-28,13:45:00,obsr3445860,2025-08-28 13:45:00,2025,8,28,13,45
178.6510174,-18.1594921,Brown Booby,Sula leucogaster,NA,NA,1,NA,Pelagic from Suva towards Gau I,2025-08-28,06:06:00,obsr195649,2025-08-28 06:06:00,2025,8,28,6,6
178.4245777,-18.1590806,Brown Booby,Sula leucogaster,NA,NA,2,NA,Suva Pt.--Fringing Reef to Bowls Club,2025-08-14,14:08:00,obsr4484562,2025-08-14 14:08:00,2025,8,14,14,8
178.8601,-18.0896951,Brown Booby,Sula leucogaster,NA,NA,2,NA,Pelagic from Suva towards Gau II,2025-08-28,13:45:00,obsr195649,2025-08-28 13:45:00,2025,8,28,13,45
178.4406066,-18.1619228,Brown Booby,Sula leucogaster,NA,NA,1,NA,Suva Pt.--East of Fringing Reef,2025-08-22,11:15:00,obsr309796,2025-08-22 11:15:00,2025,8,22,11,15
178.473004,-18.17502,Brown Booby,Sula leucogaster,NA,NA,1,NA,Sand bank - Suva(Laucala bay),2025-08-09,10:18:00,obsr3641957,2025-08-09 10:18:00,2025,8,9,10,18
178.4406066,-18.1619228,Brown Booby,Sula leucogaster,NA,NA,2,NA,Suva Pt.--East of Fringing Reef,2025-08-16,15:30:00,obsr251662,2025-08-16 15:30:00,2025,8,16,15,30
178.6510174,-18.1594921,Brown Noddy,Anous stolidus,NA,NA,2,NA,Pelagic from Suva towards Gau I,2025-08-28,06:06:00,obsr195649,2025-08-28 06:06:00,2025,8,28,6,6
178.8601,-18.0896951,Brown Noddy,Anous stolidus,NA,NA,7,NA,Pelagic from Suva towards Gau II,2025-08-28,13:45:00,obsr3445860,2025-08-28 13:45:00,2025,8,28,13,45
178.4406066,-18.1619228,Great Crested Tern,Thalasseus bergii,NA,NA,30,NA,Suva Pt.--East of Fringing Reef,2025-08-22,11:15:00,obsr338435,2025-08-22 11:15:00,2025,8,22,11,15
178.6510174,-18.1594921,Great Crested Tern,Thalasseus bergii,NA,NA,10,NA,Pelagic from Suva towards Gau I,2025-08-28,06:06:00,obsr195649,2025-08-28 06:06:00,2025,8,28,6,6
178.452895,-18.150525,Great Crested Tern,Thalasseus bergii,NA,NA,15,NA,"University of the South Pacific Institute of Applied Sciences FJ-Fiji (-18.1505,178.4529)",2025-08-11,16:58:00,obsr3641957,2025-08-11 16:58:00,2025,8,11,16,58
178.4226787,-18.1398365,Great Crested Tern,Thalasseus bergii,NA,NA,4,NA,Ratu Sakuna Park,2025-08-31,09:18:00,obsr2757835,2025-08-31 09:18:00,2025,8,31,9,18
178.4406066,-18.1619228,Great Crested Tern,Thalasseus bergii,NA,NA,18,NA,Suva Pt.--East of Fringing Reef,2025-08-27,13:12:00,obsr528631,2025-08-27 13:12:00,2025,8,27,13,12
178.4533632,-18.1496138,Great Crested Tern,Thalasseus bergii,NA,NA,15,NA,USP--Lower Campus,2025-08-04,17:06:00,obsr213429,2025-08-04 17:06:00,2025,8,4,17,6
178.452895,-18.150525,Great Crested Tern,Thalasseus bergii,NA,NA,23,NA,"University of the South Pacific Institute of Applied Sciences FJ-Fiji (-18.1505,178.4529)",2025-08-16,08:50:00,obsr3641957,2025-08-16 08:50:00,2025,8,16,8,50
178.4245777,-18.1590806,Great Crested Tern,Thalasseus bergii,NA,NA,1,NA,Suva Pt.--Fringing Reef to Bowls Club,2025-08-14,14:08:00,obsr4484562,2025-08-14 14:08:00,2025,8,14,14,8
178.4406066,-18.1619228,Great Crested Tern,Thalasseus bergii,NA,NA,6,NA,Suva Pt.--East of Fringing Reef,2025-08-16,15:30:00,obsr251662,2025-08-16 15:30:00,2025,8,16,15,30
178.4406066,-18.1619228,Great Crested Tern,Thalasseus bergii,NA,NA,20,NA,Suva Pt.--East of Fringing Reef,2025-08-07,10:16:00,obsr1297157,2025-08-07 10:16:00,2025,8,7,10,16
178.452895,-18.150525,Great Crested Tern,Thalasseus bergii,NA,NA,11,NA,"University of the South Pacific Institute of Applied Sciences FJ-Fiji (-18.1505,178.4529)",2025-08-09,08:37:00,obsr3641957,2025-08-09 08:37:00,2025,8,9,8,37
178.452895,-18.150525,Great Crested Tern,Thalasseus bergii,NA,NA,13,NA,"University of the South Pacific Institute of Applied Sciences FJ-Fiji (-18.1505,178.4529)",2025-08-04,16:15:00,obsr3641957,2025-08-04 16:15:00,2025,8,4,16,15
178.454833,-18.1494507,Great Crested Tern,Thalasseus bergii,NA,NA,30,NA,Suva Point,2025-08-05,16:01:00,obsr213429,2025-08-05 16:01:00,2025,8,5,16,1
178.4249,-18.1494,Great Crested Tern,Thalasseus bergii,NA,NA,1,NA,Suva--Thurston Gardens,2025-08-06,15:45:00,obsr213429,2025-08-06 15:45:00,2025,8,6,15,45
178.473004,-18.17502,Great Crested Tern,Thalasseus bergii,NA,NA,2,NA,Sand bank - Suva(Laucala bay),2025-08-09,10:18:00,obsr3641957,2025-08-09 10:18:00,2025,8,9,10,18
178.8601,-18.0896951,Lesser Frigatebird,Fregata ariel,NA,NA,3,NA,Pelagic from Suva towards Gau II,2025-08-28,13:45:00,obsr197172,2025-08-28 13:45:00,2025,8,28,13,45
178.4406066,-18.1619228,Lesser Frigatebird,Fregata ariel,NA,NA,2,NA,Suva Pt.--East of Fringing Reef,2025-08-27,13:12:00,obsr469112,2025-08-27 13:12:00,2025,8,27,13,12
178.452895,-18.150525,Lesser Frigatebird,Fregata ariel,NA,NA,2,NA,"University of the South Pacific Institute of Applied Sciences FJ-Fiji (-18.1505,178.4529)",2025-08-16,08:50:00,obsr3641957,2025-08-16 08:50:00,2025,8,16,8,50
178.4226787,-18.1398365,Lesser Frigatebird,Fregata ariel,NA,NA,2,NA,Ratu Sakuna Park,2025-08-31,09:18:00,obsr2757835,2025-08-31 09:18:00,2025,8,31,9,18
178.4249,-18.1494,Lesser Frigatebird,Fregata ariel,NA,NA,1,NA,Suva--Thurston Gardens,2025-08-06,15:45:00,obsr213429,2025-08-06 15:45:00,2025,8,6,15,45
178.454833,-18.1494507,Lesser Frigatebird,Fregata ariel,NA,NA,1,NA,Suva Point,2025-08-05,16:01:00,obsr213429,2025-08-05 16:01:00,2025,8,5,16,1
178.452895,-18.150525,Lesser Frigatebird,Fregata ariel,NA,NA,1,NA,"University of the South Pacific Institute of Applied Sciences FJ-Fiji (-18.1505,178.4529)",2025-08-11,16:58:00,obsr3641957,2025-08-11 16:58:00,2025,8,11,16,58
178.8601,-18.0896951,Red-footed Booby,Sula sula,NA,NA,40,NA,Pelagic from Suva towards Gau II,2025-08-28,13:45:00,obsr197172,2025-08-28 13:45:00,2025,8,28,13,45
178.6510174,-18.1594921,Red-footed Booby,Sula sula,NA,NA,18,NA,Pelagic from Suva towards Gau I,2025-08-28,06:06:00,obsr5151383,2025-08-28 06:06:00,2025,8,28,6,6
178.6510174,-18.1594921,Sooty Tern,Onychoprion fuscatus,NA,NA,2,NA,Pelagic from Suva towards Gau I,2025-08-28,06:06:00,obsr1460267,2025-08-28 06:06:00,2025,8,28,6,6
178.8601,-18.0896951,Sooty Tern,Onychoprion fuscatus,NA,NA,4,NA,Pelagic from Suva towards Gau II,2025-08-28,13:45:00,obsr469112,2025-08-28 13:45:00,2025,8,28,13,45
178.8601,-18.0896951,White-tailed Tropicbird,Phaethon lepturus,NA,NA,1,NA,Pelagic from Suva towards Gau II,2025-08-28,13:45:00,obsr528631,2025-08-28 13:45:00,2025,8,28,13,45
179.069444,-18.192778,Black Noddy,Anous minutus,NA,NA,40,NA,Pelagic from Suva towards Gau Chum site,2025-08-28,09:45:00,obsr197172,2025-08-28 09:45:00,2025,8,28,9,45
179.069444,-18.192778,Brown Booby,Sula leucogaster,NA,NA,1,NA,Pelagic from Suva towards Gau Chum site,2025-08-28,09:45:00,obsr195649,2025-08-28 09:45:00,2025,8,28,9,45
179.069444,-18.192778,Brown Noddy,Anous stolidus,NA,NA,3,NA,Pelagic from Suva towards Gau Chum site,2025-08-28,09:45:00,obsr1460267,2025-08-28 09:45:00,2025,8,28,9,45
179.069444,-18.192778,Collared Petrel,Pterodroma brevipes,NA,NA,1,NA,Pelagic from Suva towards Gau Chum site,2025-08-28,09:45:00,obsr528631,2025-08-28 09:45:00,2025,8,28,9,45
178.2400868,-18.9666664,Great Crested Tern,Thalasseus bergii,NA,NA,15,NA,Kadavu Island - Papageno Resort,2025-08-25,06:45:00,obsr433118,2025-08-25 06:45:00,2025,8,25,6,45
178.2400868,-18.9666664,Great Crested Tern,Thalasseus bergii,NA,NA,3,NA,Kadavu Island - Papageno Resort,2025-08-23,14:16:00,obsr772323,2025-08-23 14:16:00,2025,8,23,14,16
178.2400868,-18.9666664,Great Crested Tern,Thalasseus bergii,NA,NA,2,NA,Kadavu Island - Papageno Resort,2025-08-24,14:45:00,obsr54604,2025-08-24 14:45:00,2025,8,24,14,45
178.2400868,-18.9666664,Great Crested Tern,Thalasseus bergii,NA,NA,4,NA,Kadavu Island - Papageno Resort,2025-08-26,06:58:00,obsr309796,2025-08-26 06:58:00,2025,8,26,6,58
179.069444,-18.192778,Great Frigatebird,Fregata minor,NA,NA,3,NA,Pelagic from Suva towards Gau Chum site,2025-08-28,09:45:00,obsr3445860,2025-08-28 09:45:00,2025,8,28,9,45
179.069444,-18.192778,Lesser Frigatebird,Fregata ariel,NA,NA,10,NA,Pelagic from Suva towards Gau Chum site,2025-08-28,09:45:00,obsr1460267,2025-08-28 09:45:00,2025,8,28,9,45
178.2400868,-18.9666664,Lesser Frigatebird,Fregata ariel,NA,NA,1,NA,Kadavu Island - Papageno Resort,2025-08-25,06:45:00,obsr333673,2025-08-25 06:45:00,2025,8,25,6,45
179.069444,-18.192778,Red-footed Booby,Sula sula,NA,NA,50,NA,Pelagic from Suva towards Gau Chum site,2025-08-28,09:45:00,obsr197172,2025-08-28 09:45:00,2025,8,28,9,45
179.069444,-18.192778,Sooty Tern,Onychoprion fuscatus,NA,NA,2,NA,Pelagic from Suva towards Gau Chum site,2025-08-28,09:45:00,obsr528631,2025-08-28 09:45:00,2025,8,28,9,45
179.069444,-18.192778,Tahiti Petrel,Pseudobulweria rostrata,NA,NA,2,NA,Pelagic from Suva towards Gau Chum site,2025-08-28,09:45:00,obsr528631,2025-08-28 09:45:00,2025,8,28,9,45
179.069444,-18.192778,Wilson's Storm-Petrel,Oceanites oceanicus,NA,NA,2,NA,Pelagic from Suva towards Gau Chum site,2025-08-28,09:45:00,obsr197172,2025-08-28 09:45:00,2025,8,28,9,45
179.929727,-17.00485,Black-naped Tern,Sterna sumatrana,NA,NA,1,NA,Blowhole Lava Cliffs,2025-08-13,13:05:00,obsr800699,2025-08-13 13:05:00,2025,8,13,13,5
178.1513725,-17.3556813,Black Noddy,Anous minutus,NA,NA,1,NA,bird island,2025-08-29,16:40:00,obsr744014,2025-08-29 16:40:00,2025,8,29,16,40
178.1513725,-17.3556813,Brown Booby,Sula leucogaster,NA,NA,1,NA,bird island,2025-08-29,16:40:00,obsr744014,2025-08-29 16:40:00,2025,8,29,16,40
178.1513725,-17.3556813,Lesser Frigatebird,Fregata ariel,NA,NA,1,NA,bird island,2025-08-29,16:40:00,obsr744014,2025-08-29 16:40:00,2025,8,29,16,40
178.1513725,-17.3556813,Red-footed Booby,Sula sula,NA,NA,1,NA,bird island,2025-08-29,16:40:00,obsr744014,2025-08-29 16:40:00,2025,8,29,16,40
178.1513725,-17.3556813,Sooty Tern,Onychoprion fuscatus,NA,NA,1,NA,bird island,2025-08-29,16:40:00,obsr744014,2025-08-29 16:40:00,2025,8,29,16,40
178.055668,-18.481151,Black Noddy,Anous minutus,NA,NA,1,NA,Secret island,2025-09-07,13:36:00,obsr3641957,2025-09-07 13:36:00,2025,9,7,13,36
178.8342249,-17.9238167,Black Noddy,Anous minutus,NA,NA,6,NA,FJ: Leleuvia Island--10 miles SE offshore,2025-09-30,10:41:00,obsr57317,2025-09-30 10:41:00,2025,9,30,10,41
178.7220454,-17.8080852,Black-naped Tern,Sterna sumatrana,NA,NA,6,NA,Leleuvia,2025-09-16,13:00:00,obsr3641957,2025-09-16 13:00:00,2025,9,16,13,0
178.4353065,-18.1638557,Black-naped Tern,Sterna sumatrana,NA,NA,1,NA,Suva Pt.,2025-09-05,12:42:00,obsr609835,2025-09-05 12:42:00,2025,9,5,12,42
178.095448,-18.389666,Bridled Tern,Onychoprion anaethetus,NA,NA,2,NA,Beqa island,2025-09-07,12:30:00,obsr3641957,2025-09-07 12:30:00,2025,9,7,12,30
178.4353065,-18.1638557,Brown Booby,Sula leucogaster,NA,NA,2,NA,Suva Pt.,2025-09-07,14:35:00,obsr609835,2025-09-07 14:35:00,2025,9,7,14,35
178.4406066,-18.1619228,Brown Booby,Sula leucogaster,NA,NA,1,NA,Suva Pt.--East of Fringing Reef,2025-09-19,12:35:00,obsr439698,2025-09-19 12:35:00,2025,9,19,12,35
178.095448,-18.389666,Brown Booby,Sula leucogaster,NA,NA,2,NA,Beqa island,2025-09-07,12:30:00,obsr3641957,2025-09-07 12:30:00,2025,9,7,12,30
178.7220454,-17.8080852,Brown Booby,Sula leucogaster,NA,NA,1,NA,Leleuvia,2025-09-16,09:32:00,obsr3641957,2025-09-16 09:32:00,2025,9,16,9,32
178.4245777,-18.1590806,Brown Booby,Sula leucogaster,NA,NA,3,NA,Suva Pt.--Fringing Reef to Bowls Club,2025-09-28,15:56:00,obsr543722,2025-09-28 15:56:00,2025,9,28,15,56
178.7220454,-17.8080852,Brown Booby,Sula leucogaster,NA,NA,1,NA,Leleuvia,2025-09-30,13:46:00,obsr57317,2025-09-30 13:46:00,2025,9,30,13,46
178.600866,-17.976742,Brown Noddy,Anous stolidus,NA,NA,6,NA,Bau landing to Leluvia,2025-09-17,09:43:00,obsr3641957,2025-09-17 09:43:00,2025,9,17,9,43
178.8342249,-17.9238167,Brown Noddy,Anous stolidus,NA,NA,3,NA,FJ: Leleuvia Island--10 miles SE offshore,2025-09-30,10:41:00,obsr57317,2025-09-30 10:41:00,2025,9,30,10,41
178.458524,-18.153693,Great Crested Tern,Thalasseus bergii,NA,NA,13,NA,Suva point - breakwater and national sailing club.,2025-09-24,16:45:00,obsr3641957,2025-09-24 16:45:00,2025,9,24,16,45
178.4222999,-18.1457008,Great Crested Tern,Thalasseus bergii,NA,NA,2,NA,Suva--Holiday Inn,2025-09-28,16:30:00,obsr27049,2025-09-28 16:30:00,2025,9,28,16,30
178.7220454,-17.8080852,Great Crested Tern,Thalasseus bergii,NA,NA,7,NA,Leleuvia,2025-09-30,13:46:00,obsr57317,2025-09-30 13:46:00,2025,9,30,13,46
178.4353065,-18.1638557,Great Crested Tern,Thalasseus bergii,NA,NA,8,NA,Suva Pt.,2025-09-07,14:35:00,obsr609835,2025-09-07 14:35:00,2025,9,7,14,35
178.4406066,-18.1619228,Great Crested Tern,Thalasseus bergii,NA,NA,8,NA,Suva Pt.--East of Fringing Reef,2025-09-19,12:35:00,obsr439698,2025-09-19 12:35:00,2025,9,19,12,35
178.4353065,-18.1638557,Great Crested Tern,Thalasseus bergii,NA,NA,10,NA,Suva Pt.,2025-09-05,12:42:00,obsr609835,2025-09-05 12:42:00,2025,9,5,12,42
178.055668,-18.481151,Great Crested Tern,Thalasseus bergii,NA,NA,12,NA,Secret island,2025-09-07,13:36:00,obsr3641957,2025-09-07 13:36:00,2025,9,7,13,36
178.4245777,-18.1590806,Great Crested Tern,Thalasseus bergii,NA,NA,15,NA,Suva Pt.--Fringing Reef to Bowls Club,2025-09-28,15:56:00,obsr543722,2025-09-28 15:56:00,2025,9,28,15,56
178.4353065,-18.1638557,Lesser Frigatebird,Fregata ariel,NA,NA,3,NA,Suva Pt.,2025-09-05,12:42:00,obsr609835,2025-09-05 12:42:00,2025,9,5,12,42
178.6613848,-18.0700698,Lesser Frigatebird,Fregata ariel,NA,NA,9,NA,Kiuva  beach,2025-09-21,13:47:00,obsr3641957,2025-09-21 13:47:00,2025,9,21,13,47
178.458524,-18.153693,Lesser Frigatebird,Fregata ariel,NA,NA,1,NA,Suva point - breakwater and national sailing club.,2025-09-24,16:45:00,obsr3641957,2025-09-24 16:45:00,2025,9,24,16,45
178.4353065,-18.1638557,Lesser Frigatebird,Fregata ariel,NA,NA,2,NA,Suva Pt.,2025-09-07,14:35:00,obsr609835,2025-09-07 14:35:00,2025,9,7,14,35
178.4245777,-18.1590806,Lesser Frigatebird,Fregata ariel,NA,NA,1,NA,Suva Pt.--Fringing Reef to Bowls Club,2025-09-28,15:56:00,obsr543722,2025-09-28 15:56:00,2025,9,28,15,56
178.7220454,-17.8080852,Lesser Frigatebird,Fregata ariel,NA,NA,3,NA,Leleuvia,2025-09-30,13:46:00,obsr57317,2025-09-30 13:46:00,2025,9,30,13,46
178.8342249,-17.9238167,Red-footed Booby,Sula sula,NA,NA,7,NA,FJ: Leleuvia Island--10 miles SE offshore,2025-09-30,10:41:00,obsr57317,2025-09-30 10:41:00,2025,9,30,10,41
178.321233,-18.932732,Black-naped Tern,Sterna sumatrana,NA,NA,6,NA,Kadavu FJ-Fiji Rocks,2025-09-26,09:04:00,obsr2281202,2025-09-26 09:04:00,2025,9,26,9,4
178.2400868,-18.9666664,Brown Booby,Sula leucogaster,NA,NA,1,NA,Kadavu Island - Papageno Resort,2025-09-25,14:08:00,obsr2281202,2025-09-25 14:08:00,2025,9,25,14,8
178.321233,-18.932732,Great Crested Tern,Thalasseus bergii,NA,NA,30,NA,Kadavu FJ-Fiji Rocks,2025-09-26,09:04:00,obsr2281202,2025-09-26 09:04:00,2025,9,26,9,4
178.5104942,-18.8863507,Great Crested Tern,Thalasseus bergii,NA,NA,2,NA,Ono Island--Oneta Resort,2025-09-28,17:23:00,obsr333363,2025-09-28 17:23:00,2025,9,28,17,23
178.5104942,-18.8863507,Lesser Frigatebird,Fregata ariel,NA,NA,1,NA,Ono Island--Oneta Resort,2025-09-28,17:23:00,obsr333363,2025-09-28 17:23:00,2025,9,28,17,23
178.034151,-17.35504,Great Crested Tern,Thalasseus bergii,NA,NA,32,NA,"Macuata island -17.35504, 178.03415",2025-09-18,16:58:00,obsr670171,2025-09-18 16:58:00,2025,9,18,16,58
178.201756,-17.322507,Great Crested Tern,Thalasseus bergii,NA,NA,2,NA,Dreamview Villas,2025-09-25,16:45:00,obsr543722,2025-09-25 16:45:00,2025,9,25,16,45
178.201756,-17.322507,Lesser Frigatebird,Fregata ariel,NA,NA,1,NA,Dreamview Villas,2025-09-25,11:03:00,obsr543722,2025-09-25 11:03:00,2025,9,25,11,3
178.034151,-17.35504,Lesser Frigatebird,Fregata ariel,NA,NA,1,NA,"Macuata island -17.35504, 178.03415",2025-09-18,16:58:00,obsr670171,2025-09-18 16:58:00,2025,9,18,16,58
178.201756,-17.322507,Lesser Frigatebird,Fregata ariel,NA,NA,5,NA,Dreamview Villas,2025-09-26,11:54:00,obsr543722,2025-09-26 11:54:00,2025,9,26,11,54
178.201756,-17.322507,Lesser Frigatebird,Fregata ariel,NA,NA,3,NA,Dreamview Villas,2025-09-24,15:59:00,obsr543722,2025-09-24 15:59:00,2025,9,24,15,59
178.201756,-17.322507,Lesser Frigatebird,Fregata ariel,NA,NA,1,NA,Dreamview Villas,2025-09-27,08:10:00,obsr543722,2025-09-27 08:10:00,2025,9,27,8,10
178.7220454,-17.8080852,Black-naped Tern,Sterna sumatrana,NA,NA,3,NA,Leleuvia,2025-10-30,15:39:00,obsr8275975,2025-10-30 15:39:00,2025,10,30,15,39
178.4353065,-18.1638557,Black-naped Tern,Sterna sumatrana,NA,NA,1,NA,Suva Pt.,2025-10-18,07:14:00,obsr365204,2025-10-18 07:14:00,2025,10,18,7,14
178.4245777,-18.1590806,Black-naped Tern,Sterna sumatrana,NA,NA,1,NA,Suva Pt.--Fringing Reef to Bowls Club,2025-10-22,13:00:00,obsr339724,2025-10-22 13:00:00,2025,10,22,13,0
178.7220454,-17.8080852,Black-naped Tern,Sterna sumatrana,NA,NA,16,NA,Leleuvia,2025-10-31,08:45:00,obsr8275975,2025-10-31 08:45:00,2025,10,31,8,45
178.4353065,-18.1638557,Brown Booby,Sula leucogaster,NA,NA,1,NA,Suva Pt.,2025-10-18,07:14:00,obsr444724,2025-10-18 07:14:00,2025,10,18,7,14
178.111417,-18.361051,Brown Booby,Sula leucogaster,NA,NA,4,NA,"Auto selected -18.36105, 178.11142",2025-10-03,11:42:00,obsr3271236,2025-10-03 11:42:00,2025,10,3,11,42
178.164404,-18.234992,Great Crested Tern,Thalasseus bergii,NA,NA,1,NA,"Auto selected -18.23499, 178.16440",2025-10-25,10:34:00,obsr4571480,2025-10-25 10:34:00,2025,10,25,10,34
178.1640017,-18.2279283,Great Crested Tern,Thalasseus bergii,NA,NA,2,NA,"Navua, Central Division, FJ (-18.228, 178.164)",2025-10-13,11:30:00,obsr96453,2025-10-13 11:30:00,2025,10,13,11,30
178.4251622,-18.1134427,Great Crested Tern,Thalasseus bergii,NA,NA,1,NA,"Queens Road, FJ (-18.113, 178.425)",2025-10-27,07:29:00,obsr346599,2025-10-27 07:29:00,2025,10,27,7,29
178.4174538,-18.13117,Great Crested Tern,Thalasseus bergii,NA,NA,3,NA,Suva Harbor,2025-10-22,07:26:00,obsr1012871,2025-10-22 07:26:00,2025,10,22,7,26
178.4353065,-18.1638557,Great Crested Tern,Thalasseus bergii,NA,NA,3,NA,Suva Pt.,2025-10-18,07:14:00,obsr365204,2025-10-18 07:14:00,2025,10,18,7,14
178.458524,-18.153693,Great Crested Tern,Thalasseus bergii,NA,NA,2,NA,Suva point - breakwater and national sailing club.,2025-10-25,11:48:00,obsr3641957,2025-10-25 11:48:00,2025,10,25,11,48
178.2298534,-18.1513061,Great Crested Tern,Thalasseus bergii,NA,NA,2,NA,"Unnamed Road, Central Division, FJ (-18.151, 178.23)",2025-10-23,14:06:00,obsr346599,2025-10-23 14:06:00,2025,10,23,14,6
178.423159,-18.152991,Great Crested Tern,Thalasseus bergii,NA,NA,2,NA,"Queen Elizabeth Drive, Suva FJ-Fiji -18.15299, 178.42316",2025-10-20,11:45:00,obsr350327,2025-10-20 11:45:00,2025,10,20,11,45
178.2298534,-18.1513061,Great Frigatebird,Fregata minor,NA,NA,1,NA,"Unnamed Road, Central Division, FJ (-18.151, 178.23)",2025-10-23,14:06:00,obsr346599,2025-10-23 14:06:00,2025,10,23,14,6
178.4353065,-18.1638557,Lesser Frigatebird,Fregata ariel,NA,NA,1,NA,Suva Pt.,2025-10-18,07:14:00,obsr365204,2025-10-18 07:14:00,2025,10,18,7,14
178.4174538,-18.13117,Lesser Frigatebird,Fregata ariel,NA,NA,1,NA,Suva Harbor,2025-10-12,14:36:00,obsr642005,2025-10-12 14:36:00,2025,10,12,14,36
178.440294,-18.129395,Lesser Frigatebird,Fregata ariel,NA,NA,1,NA,Naqasima Place,2025-10-11,17:01:00,obsr4417887,2025-10-11 17:01:00,2025,10,11,17,1
178.7220454,-17.8080852,Lesser Frigatebird,Fregata ariel,NA,NA,7,NA,Leleuvia,2025-10-30,06:53:00,obsr8275975,2025-10-30 06:53:00,2025,10,30,6,53
178.083733,-18.247181,Lesser Frigatebird,Fregata ariel,NA,NA,1,NA,Uprising Beach Resort,2025-10-11,08:02:00,obsr3641957,2025-10-11 08:02:00,2025,10,11,8,2
178.4245777,-18.1590806,Masked Booby,Sula dactylatra,NA,NA,1,NA,Suva Pt.--Fringing Reef to Bowls Club,2025-10-22,13:00:00,obsr339724,2025-10-22 13:00:00,2025,10,22,13,0
178.4245777,-18.1590806,Sooty Shearwater,Ardenna grisea,NA,NA,1,NA,Suva Pt.--Fringing Reef to Bowls Club,2025-10-22,13:00:00,obsr339724,2025-10-22 13:00:00,2025,10,22,13,0
178.465073,-17.315467,Black Noddy,Anous minutus,NA,NA,100,NA,"Auto selected -17.31547, 178.46507bird island",2025-10-26,10:51:00,obsr1000904,2025-10-26 10:51:00,2025,10,26,10,51
178.1750822,-17.3127441,Black-naped Tern,Sterna sumatrana,NA,NA,3,NA,Volivoli Resort,2025-10-19,05:38:00,obsr1000904,2025-10-19 05:38:00,2025,10,19,5,38
178.465073,-17.315467,Brown Booby,Sula leucogaster,NA,NA,30,NA,"Auto selected -17.31547, 178.46507bird island",2025-10-26,10:51:00,obsr1000904,2025-10-26 10:51:00,2025,10,26,10,51
178.1750822,-17.3127441,Great Frigatebird,Fregata minor,NA,NA,1,NA,Volivoli Resort,2025-10-25,15:18:00,obsr3548593,2025-10-25 15:18:00,2025,10,25,15,18
178.1750822,-17.3127441,Lesser Frigatebird,Fregata ariel,NA,NA,3,NA,Volivoli Resort,2025-10-19,05:38:00,obsr1000904,2025-10-19 05:38:00,2025,10,19,5,38
178.465073,-17.315467,Lesser Frigatebird,Fregata ariel,NA,NA,30,N,"Auto selected -17.31547, 178.46507bird island",2025-10-26,10:51:00,obsr1000904,2025-10-26 10:51:00,2025,10,26,10,51
178.1750822,-17.3127441,Red-footed Booby,Sula sula,NA,NA,3,NA,Volivoli Resort,2025-10-25,15:18:00,obsr3548593,2025-10-25 15:18:00,2025,10,25,15,18
178.465073,-17.315467,Red-footed Booby,Sula sula,NA,NA,40,NA,"Auto selected -17.31547, 178.46507bird island",2025-10-26,10:51:00,obsr1000904,2025-10-26 10:51:00,2025,10,26,10,51
178.423993,-18.1334335,Brown Noddy,Anous stolidus,NA,NA,3,NA,Port Of Suva,2025-11-28,09:30:00,obsr1925623,2025-11-28 09:30:00,2025,11,28,9,30
178.4406066,-18.1619228,Great Crested Tern,Thalasseus bergii,NA,NA,46,NA,Suva Pt.--East of Fringing Reef,2025-11-02,06:22:00,obsr3641957,2025-11-02 06:22:00,2025,11,2,6,22
178.458524,-18.153693,Great Crested Tern,Thalasseus bergii,NA,NA,2,NA,Suva point - breakwater and national sailing club.,2025-11-08,08:58:00,obsr3641957,2025-11-08 08:58:00,2025,11,8,8,58
178.423993,-18.1334335,Great Crested Tern,Thalasseus bergii,NA,NA,14,NA,Port Of Suva,2025-11-28,09:30:00,obsr1925623,2025-11-28 09:30:00,2025,11,28,9,30
178.423993,-18.1334335,Lesser Frigatebird,Fregata ariel,NA,NA,5,NA,Port Of Suva,2025-11-28,09:30:00,obsr1925623,2025-11-28 09:30:00,2025,11,28,9,30
178.423993,-18.1334335,Red-footed Booby,Sula sula,NA,NA,2,NA,Port Of Suva,2025-11-28,09:30:00,obsr1925623,2025-11-28 09:30:00,2025,11,28,9,30
178.423993,-18.1334335,Sooty Tern,Onychoprion fuscatus,NA,NA,2,NA,Port Of Suva,2025-11-28,09:30:00,obsr1925623,2025-11-28 09:30:00,2025,11,28,9,30
178.423993,-18.1334335,Blue-billed White-Tern,Gygis candida,NA,NA,2,NA,Port Of Suva,2025-11-28,09:30:00,obsr1925623,2025-11-28 09:30:00,2025,11,28,9,30
178.2084167,-17.3318753,Lesser Frigatebird,Fregata ariel,NA,NA,3,NA,"Volivoli, Western Division, FJ (-17.332, 178.208)",2025-11-01,10:53:00,obsr1465042,2025-11-01 10:53:00,2025,11,1,10,53
178.7220454,-17.8080852,Black Noddy,Anous minutus,NA,NA,15,NA,Leleuvia,2025-12-08,10:11:00,obsr609868,2025-12-08 10:11:00,2025,12,8,10,11
178.788775,-17.334133,Black Noddy,Anous minutus,NA,NA,6,NA,"South Pacifc Ocean (-17.3341,178.7888)",2025-12-13,12:38:00,obsr189448,2025-12-13 12:38:00,2025,12,13,12,38
178.4226787,-18.1398365,Black-naped Tern,Sterna sumatrana,NA,NA,2,NA,Ratu Sakuna Park,2025-12-03,05:27:00,obsr2086229,2025-12-03 05:27:00,2025,12,3,5,27
178.7220454,-17.8080852,Black-naped Tern,Sterna sumatrana,NA,NA,9,NA,Leleuvia,2025-12-08,15:15:00,obsr2529662,2025-12-08 15:15:00,2025,12,8,15,15
178.447425,-18.155227,Bridled Tern,Onychoprion anaethetus,NA,NA,1,NA,Suva foreshore,2025-12-31,08:00:00,obsr6298161,2025-12-31 08:00:00,2025,12,31,8,0
178.1036353,-18.3808364,Brown Booby,Sula leucogaster,NA,NA,1,NA,Beqa Lagoon Resort,2025-12-13,12:23:00,obsr2928035,2025-12-13 12:23:00,2025,12,13,12,23
178.788775,-17.334133,Brown Booby,Sula leucogaster,NA,NA,2,NA,"South Pacifc Ocean (-17.3341,178.7888)",2025-12-13,12:38:00,obsr189448,2025-12-13 12:38:00,2025,12,13,12,38
178.788775,-17.334133,Brown Noddy,Anous stolidus,NA,NA,1,NA,"South Pacifc Ocean (-17.3341,178.7888)",2025-12-13,12:38:00,obsr189448,2025-12-13 12:38:00,2025,12,13,12,38
178.7220454,-17.8080852,Brown Noddy,Anous stolidus,NA,NA,2,NA,Leleuvia,2025-12-08,10:12:00,obsr808630,2025-12-08 10:12:00,2025,12,8,10,12
178.447425,-18.155227,Great Crested Tern,Thalasseus bergii,NA,NA,12,NA,Suva foreshore,2025-12-31,08:00:00,obsr6298161,2025-12-31 08:00:00,2025,12,31,8,0
178.788775,-17.334133,Great Crested Tern,Thalasseus bergii,NA,NA,1,NA,"South Pacifc Ocean (-17.3341,178.7888)",2025-12-13,12:38:00,obsr189448,2025-12-13 12:38:00,2025,12,13,12,38
178.7220454,-17.8080852,Great Crested Tern,Thalasseus bergii,NA,NA,10,NA,Leleuvia,2025-12-08,10:11:00,obsr609868,2025-12-08 10:11:00,2025,12,8,10,11
178.4226787,-18.1398365,Great Crested Tern,Thalasseus bergii,NA,NA,1,NA,Ratu Sakuna Park,2025-12-03,05:27:00,obsr2086229,2025-12-03 05:27:00,2025,12,3,5,27
178.1036353,-18.3808364,Great Crested Tern,Thalasseus bergii,NA,NA,1,NA,Beqa Lagoon Resort,2025-12-13,12:23:00,obsr2928035,2025-12-13 12:23:00,2025,12,13,12,23
178.1036353,-18.3808364,Great Frigatebird,Fregata minor,NA,NA,1,NA,Beqa Lagoon Resort,2025-12-13,12:23:00,obsr2928035,2025-12-13 12:23:00,2025,12,13,12,23
178.7220454,-17.8080852,Lesser Frigatebird,Fregata ariel,NA,NA,2,NA,Leleuvia,2025-12-08,10:12:00,obsr808630,2025-12-08 10:12:00,2025,12,8,10,12
178.295366,-17.980013,Lesser Frigatebird,Fregata ariel,NA,NA,1,NA,Thicket bird,2025-12-17,09:33:00,obsr3466953,2025-12-17 09:33:00,2025,12,17,9,33
178.788775,-17.334133,Lesser Frigatebird,Fregata ariel,NA,NA,4,NA,"South Pacifc Ocean (-17.3341,178.7888)",2025-12-13,12:38:00,obsr189448,2025-12-13 12:38:00,2025,12,13,12,38
178.447425,-18.155227,Lesser Frigatebird,Fregata ariel,NA,NA,1,NA,Suva foreshore,2025-12-31,08:00:00,obsr6298161,2025-12-31 08:00:00,2025,12,31,8,0
178.788775,-17.334133,Masked Booby,Sula dactylatra,NA,NA,1,NA,"South Pacifc Ocean (-17.3341,178.7888)",2025-12-13,12:38:00,obsr189448,2025-12-13 12:38:00,2025,12,13,12,38
178.788775,-17.334133,Red-footed Booby,Sula sula,NA,NA,2,NA,"South Pacifc Ocean (-17.3341,178.7888)",2025-12-13,12:38:00,obsr189448,2025-12-13 12:38:00,2025,12,13,12,38
178.1036353,-18.3808364,Wedge-tailed Shearwater,Ardenna pacifica,NA,NA,1,NA,Beqa Lagoon Resort,2025-12-13,12:23:00,obsr2928035,2025-12-13 12:23:00,2025,12,13,12,23
178.83352,-17.679847,Lesser Frigatebird,Fregata ariel,NA,NA,1,NA,Levuka,2025-12-10,08:30:00,obsr808630,2025-12-10 08:30:00,2025,12,10,8,30
178.17255,-17.340636,Black Noddy,Anous minutus,NA,NA,4,NA,"Viti Levu (-17.3406,178.1725)",2025-12-12,09:58:00,obsr189448,2025-12-12 09:58:00,2025,12,12,9,58
178.17255,-17.340636,Brown Noddy,Anous stolidus,NA,NA,1,NA,"Viti Levu (-17.3406,178.1725)",2025-12-12,09:58:00,obsr189448,2025-12-12 09:58:00,2025,12,12,9,58
178.17255,-17.340636,Great Crested Tern,Thalasseus bergii,NA,NA,7,NA,"Viti Levu (-17.3406,178.1725)",2025-12-13,08:38:00,obsr189448,2025-12-13 08:38:00,2025,12,13,8,38
178.17255,-17.340636,Great Crested Tern,Thalasseus bergii,NA,NA,6,NA,"Viti Levu (-17.3406,178.1725)",2025-12-12,09:58:00,obsr189448,2025-12-12 09:58:00,2025,12,12,9,58
178.17255,-17.340636,Lesser Frigatebird,Fregata ariel,NA,NA,1,NA,"Viti Levu (-17.3406,178.1725)",2025-12-12,09:58:00,obsr189448,2025-12-12 09:58:00,2025,12,12,9,58
178.153662,-17.360208,Lesser Frigatebird,Fregata ariel,NA,NA,1,NA,Rakiraki Hotel,2025-12-12,15:01:00,obsr189448,2025-12-12 15:01:00,2025,12,12,15,1
178.6895619,-17.4143702,Black Noddy,Anous minutus,NA,NA,22,NA,"Rotuma-Suva Ferry. FJ (-17.414, 178.69)",2026-01-09,18:08:00,obsr335711,2026-01-09 18:08:00,2026,1,9,18,8
178.7220454,-17.8080852,Black Noddy,Anous minutus,NA,NA,17,NA,Leleuvia,2026-01-24,08:08:00,obsr230624,2026-01-24 08:08:00,2026,1,24,8,8
178.4222999,-18.1457008,Black-naped Tern,Sterna sumatrana,NA,NA,2,NA,Suva--Holiday Inn,2026-01-10,16:30:00,obsr3641957,2026-01-10 16:30:00,2026,1,10,16,30
178.4406066,-18.1619228,Black-naped Tern,Sterna sumatrana,NA,NA,1,NA,Suva Pt.--East of Fringing Reef,2026-01-25,07:21:00,obsr3641957,2026-01-25 07:21:00,2026,1,25,7,21
178.458524,-18.153693,Black-naped Tern,Sterna sumatrana,NA,NA,3,NA,Suva point - breakwater and national sailing club.,2026-01-17,10:10:00,obsr3641957,2026-01-17 10:10:00,2026,1,17,10,10
178.7220454,-17.8080852,Black-naped Tern,Sterna sumatrana,NA,NA,20,NA,Leleuvia,2026-01-24,08:08:00,obsr230624,2026-01-24 08:08:00,2026,1,24,8,8
178.399423,-18.118394,Black-naped Tern,Sterna sumatrana,NA,NA,2,NA,"Levu Passage (-18.1184,178.3994)",2026-01-14,13:05:00,obsr3641957,2026-01-14 13:05:00,2026,1,14,13,5
178.4406066,-18.1619228,Black-naped Tern,Sterna sumatrana,NA,NA,1,NA,Suva Pt.--East of Fringing Reef,2026-01-24,10:21:00,obsr3641957,2026-01-24 10:21:00,2026,1,24,10,21
178.4222999,-18.1457008,Black-naped Tern,Sterna sumatrana,NA,NA,1,NA,Suva--Holiday Inn,2026-01-16,10:00:00,obsr982353,2026-01-16 10:00:00,2026,1,16,10,0
178.458524,-18.153693,Bridled Tern,Onychoprion anaethetus,NA,NA,2,NA,Suva point - breakwater and national sailing club.,2026-01-17,10:10:00,obsr3641957,2026-01-17 10:10:00,2026,1,17,10,10
178.4486103,-18.1526009,Bridled Tern,Onychoprion anaethetus,NA,NA,3,NA,Suva Pt.--University,2026-01-25,06:38:00,obsr3641957,2026-01-25 06:38:00,2026,1,25,6,38
178.4406066,-18.1619228,Bridled Tern,Onychoprion anaethetus,NA,NA,2,NA,Suva Pt.--East of Fringing Reef,2026-01-24,10:21:00,obsr3641957,2026-01-24 10:21:00,2026,1,24,10,21
178.4486103,-18.1526009,Bridled Tern,Onychoprion anaethetus,NA,NA,2,NA,Suva Pt.--University,2026-01-16,13:50:00,obsr982353,2026-01-16 13:50:00,2026,1,16,13,50
178.7220454,-17.8080852,Brown Booby,Sula leucogaster,NA,NA,1,NA,Leleuvia,2026-01-24,11:40:00,obsr230624,2026-01-24 11:40:00,2026,1,24,11,40
178.6895619,-17.4143702,Brown Noddy,Anous stolidus,NA,NA,1,NA,"Rotuma-Suva Ferry. FJ (-17.414, 178.69)",2026-01-09,18:08:00,obsr335711,2026-01-09 18:08:00,2026,1,9,18,8
178.4406066,-18.1619228,Great Crested Tern,Thalasseus bergii,NA,NA,1,NA,Suva Pt.--East of Fringing Reef,2026-01-24,10:21:00,obsr3641957,2026-01-24 10:21:00,2026,1,24,10,21
178.4406066,-18.1619228,Great Crested Tern,Thalasseus bergii,NA,NA,5,NA,Suva Pt.--East of Fringing Reef,2026-01-25,07:21:00,obsr3641957,2026-01-25 07:21:00,2026,1,25,7,21
178.4486103,-18.1526009,Great Crested Tern,Thalasseus bergii,NA,NA,5,NA,Suva Pt.--University,2026-01-31,13:36:00,obsr230624,2026-01-31 13:36:00,2026,1,31,13,36
178.4486103,-18.1526009,Great Crested Tern,Thalasseus bergii,NA,NA,1,NA,Suva Pt.--University,2026-01-25,06:38:00,obsr3641957,2026-01-25 06:38:00,2026,1,25,6,38
178.7220454,-17.8080852,Great Crested Tern,Thalasseus bergii,NA,NA,2,NA,Leleuvia,2026-01-24,08:08:00,obsr230624,2026-01-24 08:08:00,2026,1,24,8,8
178.4486103,-18.1526009,Great Crested Tern,Thalasseus bergii,NA,NA,1,NA,Suva Pt.--University,2026-01-16,13:50:00,obsr982353,2026-01-16 13:50:00,2026,1,16,13,50
178.4174538,-18.13117,Great Crested Tern,Thalasseus bergii,NA,NA,21,NA,Suva Harbor,2026-01-03,17:06:00,obsr335711,2026-01-03 17:06:00,2026,1,3,17,6
178.4486103,-18.1526009,Great Crested Tern,Thalasseus bergii,NA,NA,8,NA,Suva Pt.--University,2026-01-19,13:03:00,obsr893176,2026-01-19 13:03:00,2026,1,19,13,3
178.1330778,-18.2045776,Great Frigatebird,Fregata minor,NA,NA,1,NA,"River Tubing Fiji, Navua River",2026-01-01,23:01:00,obsr6089373,2026-01-01 23:01:00,2026,1,1,23,1
178.6895619,-17.4143702,Lesser Frigatebird,Fregata ariel,NA,NA,2,NA,"Rotuma-Suva Ferry. FJ (-17.414, 178.69)",2026-01-09,18:08:00,obsr335711,2026-01-09 18:08:00,2026,1,9,18,8
178.7220454,-17.8080852,Lesser Frigatebird,Fregata ariel,NA,NA,1,NA,Leleuvia,2026-01-24,08:08:00,obsr230624,2026-01-24 08:08:00,2026,1,24,8,8
178.4486103,-18.1526009,Lesser Frigatebird,Fregata ariel,NA,NA,1,NA,Suva Pt.--University,2026-01-19,13:03:00,obsr893176,2026-01-19 13:03:00,2026,1,19,13,3
178.6895619,-17.4143702,Red-footed Booby,Sula sula,NA,NA,4,NA,"Rotuma-Suva Ferry. FJ (-17.414, 178.69)",2026-01-09,18:08:00,obsr335711,2026-01-09 18:08:00,2026,1,9,18,8
178.6061854,-17.0188779,Brown Booby,Sula leucogaster,NA,NA,1,NA,"Nabouwalu to Ellington ferry, FJ (-17.019, 178.606)",2026-01-11,06:23:00,obsr335711,2026-01-11 06:23:00,2026,1,11,6,23
178.4480179,-17.0813887,Black Noddy,Anous minutus,NA,NA,130,NA,"Rotuma-Suva Ferry. FJ (-17.081, 178.448)",2026-01-09,16:03:00,obsr335711,2026-01-09 16:03:00,2026,1,9,16,3
178.5309856,-17.2912442,Black Noddy,Anous minutus,NA,NA,45,NA,"Rotuma-Suva Ferry. FJ (-17.291, 178.531)",2026-01-09,17:04:00,obsr335711,2026-01-09 17:04:00,2026,1,9,17,4
178.4480179,-17.0813887,Brown Noddy,Anous stolidus,NA,NA,1,NA,"Rotuma-Suva Ferry. FJ (-17.081, 178.448)",2026-01-09,16:03:00,obsr335711,2026-01-09 16:03:00,2026,1,9,16,3
178.5309856,-17.2912442,Great Crested Tern,Thalasseus bergii,NA,NA,1,NA,"Rotuma-Suva Ferry. FJ (-17.291, 178.531)",2026-01-09,17:04:00,obsr335711,2026-01-09 17:04:00,2026,1,9,17,4
178.201785,-17.322111,Lesser Frigatebird,Fregata ariel,NA,NA,1,NA,"Auto selected -17.32211, 178.20178",2026-01-15,08:09:00,obsr5853167,2026-01-15 08:09:00,2026,1,15,8,9
178.20169,-17.322057,Lesser Frigatebird,Fregata ariel,NA,NA,1,NA,"Auto selected -17.32206, 178.20169",2026-01-15,08:12:00,obsr6565084,2026-01-15 08:12:00,2026,1,15,8,12
178.5309856,-17.2912442,Lesser Frigatebird,Fregata ariel,NA,NA,1,NA,"Rotuma-Suva Ferry. FJ (-17.291, 178.531)",2026-01-09,17:04:00,obsr335711,2026-01-09 17:04:00,2026,1,9,17,4
178.5309856,-17.2912442,Red-footed Booby,Sula sula,NA,NA,1,NA,"Rotuma-Suva Ferry. FJ (-17.291, 178.531)",2026-01-09,17:04:00,obsr335711,2026-01-09 17:04:00,2026,1,9,17,4
178.4480179,-17.0813887,Red-footed Booby,Sula sula,NA,NA,3,NA,"Rotuma-Suva Ferry. FJ (-17.081, 178.448)",2026-01-09,16:03:00,obsr335711,2026-01-09 16:03:00,2026,1,9,16,3
178.458524,-18.153693,Black-naped Tern,Sterna sumatrana,NA,NA,7,NA,Suva point - breakwater and national sailing club.,2026-02-21,06:22:00,obsr3641957,2026-02-21 06:22:00,2026,2,21,6,22
178.4486103,-18.1526009,Black-naped Tern,Sterna sumatrana,NA,NA,3,NA,Suva Pt.--University,2026-02-22,14:04:00,obsr3641957,2026-02-22 14:04:00,2026,2,22,14,4
178.4486103,-18.1526009,Black-naped Tern,Sterna sumatrana,NA,NA,1,NA,Suva Pt.--University,2026-02-14,13:10:00,obsr230624,2026-02-14 13:10:00,2026,2,14,13,10
178.458524,-18.153693,Black-naped Tern,Sterna sumatrana,NA,NA,3,NA,Suva point - breakwater and national sailing club.,2026-02-22,06:46:00,obsr3641957,2026-02-22 06:46:00,2026,2,22,6,46
178.4486103,-18.1526009,Black-naped Tern,Sterna sumatrana,NA,NA,2,NA,Suva Pt.--University,2026-02-15,13:38:00,obsr230624,2026-02-15 13:38:00,2026,2,15,13,38
178.4406066,-18.1619228,Bridled Tern,Onychoprion anaethetus,NA,NA,1,NA,Suva Pt.--East of Fringing Reef,2026-02-08,07:31:00,obsr3641957,2026-02-08 07:31:00,2026,2,8,7,31
178.4486103,-18.1526009,Great Crested Tern,Thalasseus bergii,NA,NA,4,NA,Suva Pt.--University,2026-02-15,13:38:00,obsr230624,2026-02-15 13:38:00,2026,2,15,13,38
178.4406066,-18.1619228,Great Crested Tern,Thalasseus bergii,NA,NA,2,NA,Suva Pt.--East of Fringing Reef,2026-02-22,14:15:00,obsr3641957,2026-02-22 14:15:00,2026,2,22,14,15
178.4406066,-18.1619228,Great Crested Tern,Thalasseus bergii,NA,NA,6,NA,Suva Pt.--East of Fringing Reef,2026-02-08,07:31:00,obsr3641957,2026-02-08 07:31:00,2026,2,8,7,31
178.4486103,-18.1526009,Great Crested Tern,Thalasseus bergii,NA,NA,7,NA,Suva Pt.--University,2026-02-14,13:10:00,obsr230624,2026-02-14 13:10:00,2026,2,14,13,10
178.4406066,-18.1619228,Great Crested Tern,Thalasseus bergii,NA,NA,25,NA,Suva Pt.--East of Fringing Reef,2026-02-01,13:40:00,obsr230624,2026-02-01 13:40:00,2026,2,1,13,40
178.422636,-18.147126,Great Crested Tern,Thalasseus bergii,NA,NA,1,NA,"Grand Pacific Hotel, Suva",2026-02-15,18:21:00,obsr247143,2026-02-15 18:21:00,2026,2,15,18,21
178.458524,-18.153693,Great Crested Tern,Thalasseus bergii,NA,NA,4,NA,Suva point - breakwater and national sailing club.,2026-02-21,06:22:00,obsr3641957,2026-02-21 06:22:00,2026,2,21,6,22
178.458524,-18.153693,Great Crested Tern,Thalasseus bergii,NA,NA,5,NA,Suva point - breakwater and national sailing club.,2026-02-22,06:46:00,obsr3641957,2026-02-22 06:46:00,2026,2,22,6,46
178.4486103,-18.1526009,Great Crested Tern,Thalasseus bergii,NA,NA,6,NA,Suva Pt.--University,2026-02-22,14:04:00,obsr3641957,2026-02-22 14:04:00,2026,2,22,14,4
178.2400868,-18.9666664,Great Crested Tern,Thalasseus bergii,NA,NA,8,NA,Kadavu Island - Papageno Resort,2026-02-20,10:11:00,obsr247143,2026-02-20 10:11:00,2026,2,20,10,11
178.2400868,-18.9666664,Lesser Frigatebird,Fregata ariel,NA,NA,10,NA,Kadavu Island - Papageno Resort,2026-02-17,14:53:00,obsr247143,2026-02-17 14:53:00,2026,2,17,14,53
178.2400868,-18.9666664,Lesser Frigatebird,Fregata ariel,NA,NA,12,NA,Kadavu Island - Papageno Resort,2026-02-16,17:30:00,obsr247143,2026-02-16 17:30:00,2026,2,16,17,30
178.5203004,-18.7624694,Red-footed Booby,Sula sula,NA,NA,9,NA,Dravuni Island,2026-02-15,18:00:00,obsr656141,2026-02-15 18:00:00,2026,2,15,18,0
179.095296,-17.109412,Lesser Frigatebird,Fregata ariel,NA,NA,50,NA,"Namena (-17.1094,179.0953) near offshore, Northern side of island",2026-02-26,09:29:00,obsr4570012,2026-02-26 09:29:00,2026,2,26,9,29
179.095296,-17.109412,Red-footed Booby,Sula sula,NA,NA,300,NA,"Namena (-17.1094,179.0953) near offshore, Northern side of island",2026-02-26,09:29:00,obsr4570012,2026-02-26 09:29:00,2026,2,26,9,29
179.095296,-17.109412,White-tailed Tropicbird,Phaethon lepturus,NA,NA,1,NA,"Namena (-17.1094,179.0953) near offshore, Northern side of island",2026-02-26,09:29:00,obsr4570012,2026-02-26 09:29:00,2026,2,26,9,29
178.417843,-18.132012,Black Noddy,Anous minutus,NA,NA,26,NA,"Fiji,Suva harbor",2026-03-23,17:04:00,obsr194930,2026-03-23 17:04:00,2026,3,23,17,4
178.417843,-18.132012,Black-naped Tern,Sterna sumatrana,NA,NA,2,NA,"Fiji,Suva harbor",2026-03-23,17:04:00,obsr194930,2026-03-23 17:04:00,2026,3,23,17,4
178.424142,-18.136326,Black-naped Tern,Sterna sumatrana,NA,NA,1,NA,"Fiji,Suva",2026-03-23,08:34:00,obsr194930,2026-03-23 08:34:00,2026,3,23,8,34
178.4486103,-18.1526009,Black-naped Tern,Sterna sumatrana,NA,NA,1,NA,Suva Pt.--University,2026-03-08,13:35:00,obsr3641957,2026-03-08 13:35:00,2026,3,8,13,35
178.4486103,-18.1526009,Great Crested Tern,Thalasseus bergii,NA,NA,5,NA,Suva Pt.--University,2026-03-27,11:23:00,obsr229853,2026-03-27 11:23:00,2026,3,27,11,23
178.409893,-18.1143578,Great Crested Tern,Thalasseus bergii,NA,NA,10,NA,"Lami Street, Lami, Central Division, FJ (-18.114, 178.41)",2026-03-28,10:57:00,obsr229853,2026-03-28 10:57:00,2026,3,28,10,57
178.4406066,-18.1619228,Great Crested Tern,Thalasseus bergii,NA,NA,6,NA,Suva Pt.--East of Fringing Reef,2026-03-21,16:08:00,obsr3641957,2026-03-21 16:08:00,2026,3,21,16,8
178.424142,-18.136326,Lesser Frigatebird,Fregata ariel,NA,NA,1,NA,"Fiji,Suva",2026-03-23,08:34:00,obsr194930,2026-03-23 08:34:00,2026,3,23,8,34
178.0255508,-17.3710776,Black Noddy,Anous minutus,NA,NA,60,NA,Golden point,2026-03-28,13:00:00,obsr883660,2026-03-28 13:00:00,2026,3,28,13,0
178.201756,-17.322507,Brown Booby,Sula leucogaster,NA,NA,1,NA,Dreamview Villas,2026-03-19,11:40:00,obsr1046716,2026-03-19 11:40:00,2026,3,19,11,40
178.0255508,-17.3710776,Great Crested Tern,Thalasseus bergii,NA,NA,3,NA,Golden point,2026-03-28,13:00:00,obsr883660,2026-03-28 13:00:00,2026,3,28,13,0
178.201756,-17.322507,Great Crested Tern,Thalasseus bergii,NA,NA,1,NA,Dreamview Villas,2026-03-19,11:40:00,obsr1046716,2026-03-19 11:40:00,2026,3,19,11,40
178.201756,-17.322507,Great Crested Tern,Thalasseus bergii,NA,NA,1,NA,Dreamview Villas,2026-03-21,06:29:00,obsr1046716,2026-03-21 06:29:00,2026,3,21,6,29
178.0255508,-17.3710776,Great Frigatebird,Fregata minor,NA,NA,1,NA,Golden point,2026-03-28,13:00:00,obsr883660,2026-03-28 13:00:00,2026,3,28,13,0
178.201756,-17.322507,Lesser Frigatebird,Fregata ariel,NA,NA,5,NA,Dreamview Villas,2026-03-19,11:40:00,obsr1046716,2026-03-19 11:40:00,2026,3,19,11,40
178.201756,-17.322507,Sooty Tern,Onychoprion fuscatus,NA,NA,1,NA,Dreamview Villas,2026-03-19,11:40:00,obsr1046716,2026-03-19 11:40:00,2026,3,19,11,40
178.0255508,-17.3710776,Wedge-tailed Shearwater,Ardenna pacifica,NA,NA,1,NA,Golden point,2026-03-28,13:00:00,obsr883660,2026-03-28 13:00:00,2026,3,28,13,0
178.093938,-18.329224,Black Noddy,Anous minutus,NA,NA,50,NA,Beqa Passage,2026-04-14,10:20:00,obsr689582,2026-04-14 10:20:00,2026,4,14,10,20
178.093938,-18.329224,Black Noddy,Anous minutus,NA,NA,12,NA,Beqa Passage,2026-04-16,15:08:00,obsr689582,2026-04-16 15:08:00,2026,4,16,15,8
178.1036353,-18.3808364,Black Noddy,Anous minutus,NA,NA,8,NA,Beqa Lagoon Resort,2026-04-12,10:07:00,obsr689582,2026-04-12 10:07:00,2026,4,12,10,7
178.042204,-18.45363,Black Noddy,Anous minutus,NA,NA,600,NA,Sandbar,2026-04-17,12:45:00,obsr689582,2026-04-17 12:45:00,2026,4,17,12,45
178.0484281,-18.2954033,Black Noddy,Anous minutus,NA,NA,50,NA,"Day Tour crossing from Pacific Harbour to Yanuca Island, Central FJ (-18.295, 178.048)",2026-04-29,10:12:00,obsr450758,2026-04-29 10:12:00,2026,4,29,10,12
178.093938,-18.329224,Black Noddy,Anous minutus,NA,NA,2,NA,Beqa Passage,2026-04-13,13:53:00,obsr689582,2026-04-13 13:53:00,2026,4,13,13,53
178.093938,-18.329224,Black Noddy,Anous minutus,NA,NA,150,NA,Beqa Passage,2026-04-11,11:38:00,obsr689582,2026-04-11 11:38:00,2026,4,11,11,38
178.042204,-18.45363,Black-naped Tern,Sterna sumatrana,NA,NA,35,NA,Sandbar,2026-04-17,12:45:00,obsr689582,2026-04-17 12:45:00,2026,4,17,12,45
178.4486103,-18.1526009,Black-naped Tern,Sterna sumatrana,NA,NA,2,NA,Suva Pt.--University,2026-04-25,08:53:00,obsr431009,2026-04-25 08:53:00,2026,4,25,8,53
178.447838,-18.155411,Black-naped Tern,Sterna sumatrana,NA,NA,2,NA,Mudflats by Maritime Academy,2026-04-25,09:21:00,obsr4417887,2026-04-25 09:21:00,2026,4,25,9,21
178.093938,-18.329224,Black-naped Tern,Sterna sumatrana,NA,NA,3,NA,Beqa Passage,2026-04-16,15:08:00,obsr689582,2026-04-16 15:08:00,2026,4,16,15,8
178.4226682,-18.1344027,Black-naped Tern,Sterna sumatrana,NA,NA,3,NA,"Cruise terminal,  Suva, Central Division, FJ (-18.134, 178.423)",2026-04-03,08:18:00,obsr2939069,2026-04-03 08:18:00,2026,4,3,8,18
178.093938,-18.329224,Black-naped Tern,Sterna sumatrana,NA,NA,6,NA,Beqa Passage,2026-04-14,10:20:00,obsr689582,2026-04-14 10:20:00,2026,4,14,10,20
178.093938,-18.329224,Brown Booby,Sula leucogaster,NA,NA,1,NA,Beqa Passage,2026-04-14,10:20:00,obsr689582,2026-04-14 10:20:00,2026,4,14,10,20
178.1036353,-18.3808364,Brown Booby,Sula leucogaster,NA,NA,1,NA,Beqa Lagoon Resort,2026-04-12,10:07:00,obsr689582,2026-04-12 10:07:00,2026,4,12,10,7
178.042204,-18.45363,Brown Booby,Sula leucogaster,NA,NA,1,NA,Sandbar,2026-04-17,12:45:00,obsr689582,2026-04-17 12:45:00,2026,4,17,12,45
178.4486103,-18.1526009,Great Crested Tern,Thalasseus bergii,NA,NA,15,NA,Suva Pt.--University,2026-04-25,08:53:00,obsr934086,2026-04-25 08:53:00,2026,4,25,8,53
178.4533632,-18.1496138,Great Crested Tern,Thalasseus bergii,NA,NA,4,NA,USP--Lower Campus,2026-04-25,07:16:00,obsr431009,2026-04-25 07:16:00,2026,4,25,7,16
178.4245777,-18.1590806,Great Crested Tern,Thalasseus bergii,NA,NA,2,NA,Suva Pt.--Fringing Reef to Bowls Club,2026-04-10,16:00:00,obsr901350,2026-04-10 16:00:00,2026,4,10,16,0
178.4486103,-18.1526009,Great Crested Tern,Thalasseus bergii,NA,NA,15,NA,Suva Pt.--University,2026-04-29,08:40:00,obsr431009,2026-04-29 08:40:00,2026,4,29,8,40
178.447838,-18.155411,Great Crested Tern,Thalasseus bergii,NA,NA,10,NA,Mudflats by Maritime Academy,2026-04-25,09:21:00,obsr4417887,2026-04-25 09:21:00,2026,4,25,9,21
178.093938,-18.329224,Great Crested Tern,Thalasseus bergii,NA,NA,8,NA,Beqa Passage,2026-04-14,10:20:00,obsr689582,2026-04-14 10:20:00,2026,4,14,10,20
178.4257364,-18.1325974,Great Crested Tern,Thalasseus bergii,NA,NA,1,NA,Suva cruise port,2026-04-15,NA,obsr1119188,2026-04-15 NA,2026,4,15,NA,NA
178.4486103,-18.1526009,Great Crested Tern,Thalasseus bergii,NA,NA,15,NA,Suva Pt.--University,2026-04-19,12:02:00,obsr3641957,2026-04-19 12:02:00,2026,4,19,12,2
178.4174538,-18.13117,Great Crested Tern,Thalasseus bergii,NA,NA,1,NA,Suva Harbor,2026-04-03,14:30:00,obsr408164,2026-04-03 14:30:00,2026,4,3,14,30
178.447425,-18.155227,Great Crested Tern,Thalasseus bergii,NA,NA,7,NA,Suva foreshore,2026-04-26,07:30:00,obsr6298161,2026-04-26 07:30:00,2026,4,26,7,30
178.042204,-18.45363,Great Crested Tern,Thalasseus bergii,NA,NA,7,NA,Sandbar,2026-04-17,12:45:00,obsr689582,2026-04-17 12:45:00,2026,4,17,12,45
178.4486103,-18.1526009,Lesser Frigatebird,Fregata ariel,NA,NA,1,NA,Suva Pt.--University,2026-04-25,08:53:00,obsr431009,2026-04-25 08:53:00,2026,4,25,8,53
178.4406066,-18.1619228,Lesser Frigatebird,Fregata ariel,NA,NA,3,NA,Suva Pt.--East of Fringing Reef,2026-04-07,11:45:00,obsr901350,2026-04-07 11:45:00,2026,4,7,11,45
178.4174538,-18.13117,Lesser Frigatebird,Fregata ariel,NA,NA,1,NA,Suva Harbor,2026-04-03,14:30:00,obsr408164,2026-04-03 14:30:00,2026,4,3,14,30
178.0684662,-18.2559258,Lesser Frigatebird,Fregata ariel,NA,NA,2,NA,"Pearl Resort, Pacific Harbour, Viti Levu",2026-04-26,14:31:00,obsr450758,2026-04-26 14:31:00,2026,4,26,14,31
178.4353065,-18.1638557,Lesser Frigatebird,Fregata ariel,NA,NA,1,NA,Suva Pt.,2026-04-08,14:52:00,obsr901350,2026-04-08 14:52:00,2026,4,8,14,52
178.4245777,-18.1590806,Lesser Frigatebird,Fregata ariel,NA,NA,2,NA,Suva Pt.--Fringing Reef to Bowls Club,2026-04-10,16:00:00,obsr901350,2026-04-10 16:00:00,2026,4,10,16,0
178.4486103,-18.1526009,Lesser Frigatebird,Fregata ariel,NA,NA,1,NA,Suva Pt.--University,2026-04-19,12:02:00,obsr3641957,2026-04-19 12:02:00,2026,4,19,12,2
178.093938,-18.329224,Wedge-tailed Shearwater,Ardenna pacifica,NA,NA,5,NA,Beqa Passage,2026-04-16,15:08:00,obsr689582,2026-04-16 15:08:00,2026,4,16,15,8
178.093938,-18.329224,Blue-billed White-Tern,Gygis candida,NA,NA,1,NA,Beqa Passage,2026-04-13,13:53:00,obsr689582,2026-04-13 13:53:00,2026,4,13,13,53
